,,,,,,,,,,,,,,,,,,,,,,,,,,,,,,,,,,,,,,,,,,,,,,,,,,,,,,,,,,,,,NB: 2025/26 are interim figures,,,
,2010-11,,,,2011-12,,,,2012-13,,,,2013-14,,,,2014-15,,,,2015-16,,,,2016-17,,,,2017-18,,,,2018-19,,,,2019-20,,,,2020-21,,,,2021-22,,,,2022-23,,,,2023-24,,,,2024-25,,,,2025-26,,,
Site,kWh,Q1-3,Q4,kg CO2e,kWh,Q1-3,Q4,kg CO2e,kWh,Q1-3,Q4,kg CO2e,kWh,Q1-3,Q4,kg CO2e,kWh,Q1-3,Q4,kg CO2e,kWh,Q1-3,Q4,kg CO2e,kWh,Q1-3,Q4,kg CO2e,kWh,Q1-3,Q4,kg CO2e,kWh,Q1-3,Q4,kg CO2e,kWh,Q1-3,Q4,kg CO2e,kWh,Q1-3,Q4,kg CO2e,kWh,Q1-3,Q4,kg CO2e,kWh,Q1-3,Q4,kg CO2e,kWh,Q1-3,Q4,kg CO2e,kWh,Q1-3,Q4,kg CO2e,kWh,Q1-3,Q4,kg CO2e
Adult Training Centre - Aspire - Bramley Fulfilling Lives,0,0,0,0,0,0,0,0,0,0,0,0,"554,840","321,123","233,717","102,331","517,694","313,286","204,408","95,652","513,362","328,263","185,099","94,606","384,390","213,782","170,607","70,755","437,614","229,218","208,396","80,550","403,693","240,465","163,229","74,190","507,158","318,243","188,916","93,137","524,363","328,473","195,890","96,276","491,496","299,274","192,222","89,903","524,707","354,769","169,939","95,846","480,286","297,020","183,266","87,853","428,039","276,203","151,836","78,298",321861.01,179362.35,142498.66,58887.69039
Adult Training Centre - Ramshead Wood Day and Adult Training Centre,"515,668","318,203","197,465","95,383","414,500","251,551","162,949","76,709","540,633","359,578","181,055","99,919","191,659","136,548","55,111","35,324","325,886","243,400","82,486","60,237","171,403","62,459","108,944","31,566","115,728","73,584","42,144","21,301",0,0,0,0,0,0,0,0,0,0,0,0,0,0,0,0,0,0,0,0,0,0,0,0,0,0,0,0,0,0,0,0,0,0,0,0
Adult Training Centre - Rothwell Fulfilling Lives,0,0,0,0,0,0,0,0,0,0,0,0,0,0,0,0,"49,041","64,944","-15,903","9,080","196,168","105,111","91,058","36,142","204,176","135,985","68,191","37,579","232,977","110,071","122,906","42,881","169,437","105,138","64,299","31,141","208,018","126,059","81,959","38,203","169,187","94,246","74,941","31,055","238,950","148,783","90,167","43,710","220,864","129,270","91,594","40,352","232,829","139,137","93,693","42,588","248,719","150,480","98,239","45,497",235696.52,147276.7,88419.82,43123.0353
ARCHIVE - Adult Training Centre - Bewerley Croft Hostel and Adult Centre,0,0,0,0,0,0,0,0,0,0,0,0,0,0,0,0,0,0,0,0,0,0,0,0,0,0,0,0,0,0,0,0,0,0,0,0,0,0,0,0,0,0,0,0,0,0,0,0,0,0,0,0,0,0,0,0,0,0,0,0,0,0,0,0
ARCHIVE - Adult Training Centre - Horsforth,0,0,0,0,0,0,0,0,0,0,0,0,3.11,0,3.11,0.575266039,"39,905","39,905",0,"7,381",0,0,0,0,0,0,0,0,0,0,0,0,0,0,0,0,0,0,0,0,0,0,0,0,0,0,0,0,0,0,0,0,0,0,0,0,0,0,0,0,0,0,0,0
ARCHIVE - Adult Training Centre - Leeds Transitional Learning Centre,0,0,0,0,0,0,0,0,0,0,0,0,0,0,0,0,0,0,0,0,0,0,0,0,0,0,0,0,0,0,0,0,0,0,0,0,0,0,0,0,0,0,0,0,0,0,0,0,0,0,0,0,0,0,0,0,0,0,0,0,0,0,0,0
ARCHIVE - Adult Training Centre - Moor End Day and Adult Centre,"36,427",0,"36,427","6,738","16,955","408,421","-391,466","3,042","-14,370","-14,377",7.15,"-2,661",0,0,0,0,0,0,0,0,0,0,0,0,0,0,0,0,0,0,0,0,0,0,0,0,0,0,0,0,0,0,0,0,0,0,0,0,0,0,0,0,0,0,0,0,0,0,0,0,0,0,0,0
ARCHIVE - Adult Training Centre - Rothwell,"596,942","388,839","208,103","110,416","583,692","369,370","214,322","108,017","353,487","237,834","115,653","65,334","-150,146","-150,146",0,"-27,633",0,0,0,0,0,0,0,0,0,0,0,0,0,0,0,0,0,0,0,0,0,0,0,0,0,0,0,0,0,0,0,0,0,0,0,0,0,0,0,0,0,0,0,0,0,0,0,0
ARCHIVE - Adult Training Centre - Templars Croft,0,0,0,0,0,0,0,0,0,0,0,0,0,0,0,0,0,0,0,0,0,0,0,0,0,0,0,0,0,0,0,0,0,0,0,0,0,0,0,0,0,0,0,0,0,0,0,0,0,0,0,0,0,0,0,0,0,0,0,0,0,0,0,0
ARCHIVE - Adult Training Centre - West Ardsley,"657,524","486,542","170,982","121,622","519,496","345,217","174,279","96,133","759,959","501,330","258,629","140,449","715,856","466,569","249,286","131,979","781,073","532,991","248,083","144,348","83,778","83,778",0,"15,453",0,0,0,0,0,0,0,0,0,0,0,0,0,0,0,0,0,0,0,0,0,0,0,0,0,0,0,0,0,0,0,0,0,0,0,0,0,0,0,0
ARCHIVE - Adult Training Centre - West Ardsley - Staff Accommodation,0,0,0,0,0,0,0,0,0,0,0,0,0,0,0,0,0,0,0,0,0,0,0,0,0,0,0,0,0,0,0,0,0,0,0,0,0,0,0,0,0,0,0,0,0,0,0,0,0,0,0,0,0,0,0,0,0,0,0,0,0,0,0,0
ARCHIVE - Adult Training Centre - Wetherby,"312,303","134,430","177,873","57,767","558,523","399,558","158,965","103,348","261,374","148,498","112,876","48,277","247,933","160,632","87,301","45,711","255,008","161,328","93,680","47,121","224,203","165,119","59,084","41,327",31.62,31.62,0,5.817979391,0,0,0,0,0,0,0,0,0,0,0,0,0,0,0,0,0,0,0,0,0,0,0,0,0,0,0,0,0,0,0,0,0,0,0,0
ARCHIVE - BITMO - Landlords Supply - 90-92 Windmill Road,0,0,0,0,"-2,244",0,"-2,244",-415.5427123,"-1,790","-1,283",-506.77,-330.8588951,0,0,0,0,0,0,0,0,0,0,0,0,0,0,0,0,0,0,0,0,0,0,0,0,0,0,0,0,0,0,0,0,0,0,0,0,0,0,0,0,0,0,0,0,0,0,0,0,0,0,0,0
ARCHIVE - Care Home - 57 Fountain Street,"48,323","23,828","24,495","8,938","49,008","30,103","18,905","9,070","-19,382","-19,382",0,"-3,590",0,0,0,0,0,0,0,0,0,0,0,0,0,0,0,0,0,0,0,0,0,0,0,0,0,0,0,0,0,0,0,0,0,0,0,0,0,0,0,0,0,0,0,0,0,0,0,0,0,0,0,0
ARCHIVE - Care Home - Amberton Court Home for Older People,"44,033","21,534","22,499","8,145","54,133","31,797","22,336","10,018","41,678","28,434","13,244","7,704","27,803","12,871","14,932","5,131","-11,135","-8,291","-2,843","-2,058",-0.25,-0.25,0,-0.0461125,0,0,0,0,0,0,0,0,0,0,0,0,0,0,0,0,0,0,0,0,0,0,0,0,0,0,0,0,0,0,0,0,0,0,0,0,0,0,0,0
ARCHIVE - Care Home - Brooksbank Home for Older People,0,0,0,0,0,0,0,0,0,0,0,0,0,0,0,0,0,0,0,0,0,0,0,0,0,0,0,0,0,0,0,0,0,0,0,0,0,0,0,0,0,0,0,0,0,0,0,0,0,0,0,0,0,0,0,0,0,0,0,0,0,0,0,0
ARCHIVE - Care Home - Broom Court,0,0,0,0,0,0,0,0,"167,200",0,"167,200","30,771",121.7,"34,293","-34,171",-9.483846893,0,0,0,0,0,0,0,0,0,0,0,0,0,0,0,0,0,0,0,0,0,0,0,0,0,0,0,0,0,0,0,0,0,0,0,0,0,0,0,0,0,0,0,0,0,0,0,0
ARCHIVE - Care Home - Butterfield Manor Home for Older People,0,0,0,0,0,0,0,0,0,0,0,0,0,0,0,0,0,0,0,0,0,0,0,0,0,0,0,0,0,0,0,0,0,0,0,0,0,0,0,0,0,0,0,0,0,0,0,0,0,0,0,0,0,0,0,0,0,0,0,0,0,0,0,0
ARCHIVE - Care Home - Delph Manor Hostel,0,0,0,0,0,0,0,0,0,0,0,0,0,0,0,0,0,0,0,0,0,0,0,0,0,0,0,0,0,0,0,0,0,0,0,0,0,0,0,0,0,0,0,0,0,0,0,0,0,0,0,0,0,0,0,0,0,0,0,0,0,0,0,0
ARCHIVE - Care Home - Fairview Home for Older People,"750,938","475,666","275,272","138,901","471,186","185,737","285,449","87,224","505,786","342,116","163,669","93,485","419,110","251,605","167,505","77,289","-166,799","-166,799",0,"-30,853",0,0,0,0,0,0,0,0,0,0,0,0,0,0,0,0,0,0,0,0,0,0,0,0,0,0,0,0,0,0,0,0,0,0,0,0,0,0,0,0,0,0,0,0
ARCHIVE - Care Home - Grange Court Home for Older People,"615,277","421,699","193,578","113,808","569,411","398,321","171,090","105,365","-34,132","460,191","-494,323","-5,743",0,0,0,0,0,0,0,0,0,0,0,0,0,0,0,0,0,0,0,0,0,0,0,0,0,0,0,0,0,0,0,0,0,0,0,0,0,0,0,0,0,0,0,0,0,0,0,0,0,0,0,0
ARCHIVE - Care Home - Hemingway House Home for Older People,0,0,0,0,0,0,0,0,0,0,0,0,0,0,0,0,0,0,0,0,0,0,0,0,0,0,0,0,0,0,0,0,0,0,0,0,0,0,0,0,0,0,0,0,0,0,0,0,0,0,0,0,0,0,0,0,0,0,0,0,0,0,0,0
ARCHIVE - Care Home - Kirkland House Home for Older People,"515,981","343,632","172,349","95,441","364,152","278,725","85,427","67,378","-3,650","-3,650",0,-675.9535286,0,0,0,0,0,0,0,0,0,0,0,0,0,0,0,0,0,0,0,0,0,0,0,0,0,0,0,0,0,0,0,0,0,0,0,0,0,0,0,0,0,0,0,0,0,0,0,0,0,0,0,0
ARCHIVE - Care Home - Lee Grange,0,0,0,0,0,0,0,0,0,0,0,0,0,0,0,0,0,0,0,0,0,0,0,0,0,0,0,0,0,0,0,0,0,0,0,0,0,0,0,0,0,0,0,0,0,0,0,0,0,0,0,0,0,0,0,0,0,0,0,0,0,0,0,0
ARCHIVE - Care Home - Moorhaven Home for Older People,0,0,0,0,0,0,0,0,0,0,0,0,0,0,0,0,0,0,0,0,0,0,0,0,0,0,0,0,0,0,0,0,0,0,0,0,0,0,0,0,0,0,0,0,0,0,0,0,0,0,0,0,0,0,0,0,0,0,0,0,0,0,0,0
ARCHIVE - Care Home - Musgrave Court Home for Older People,"669,946","438,926","231,020","123,920","626,947","420,520","206,427","116,016","710,813","447,028","263,786","131,341","727,695","484,932","242,762","134,151","16,817","16,817",0,"3,111",0,0,0,0,0,0,0,0,0,0,0,0,0,0,0,0,0,0,0,0,0,0,0,0,0,0,0,0,0,0,0,0,0,0,0,0,0,0,0,0,0,0,0,0
ARCHIVE - Care Home - Park Lees Small Group Living,"472,647","291,749","180,898","87,426","-107,447","-107,447",0,"-19,874",0,0,0,0,0,0,0,0,0,0,0,0,0,0,0,0,0,0,0,0,0,0,0,0,0,0,0,0,0,0,0,0,0,0,0,0,0,0,0,0,0,0,0,0,0,0,0,0,0,0,0,0,0,0,0,0
ARCHIVE - Care Home - Superintendants Accommodation Amberton Court Home for Older People,"20,078","13,675","6,403","3,714","19,123","10,233","8,890","3,539","20,000","13,055","6,945","3,696","15,471","9,893","5,578","2,852",-743.77,-743.77,0,-137.5773704,0,0,0,0,0,0,0,0,0,0,0,0,0,0,0,0,0,0,0,0,0,0,0,0,0,0,0,0,0,0,0,0,0,0,0,0,0,0,0,0,0,0,0,0
ARCHIVE - Care Home - Westholme Home for Older People,"441,794","300,243","141,551","81,719","339,364","263,608","75,756","62,790","-4,141","-4,141",0,-766.9657226,"91,562","91,562",0,"16,851",0,0,0,0,0,0,0,0,0,0,0,0,0,0,0,0,0,0,0,0,0,0,0,0,0,0,0,0,0,0,0,0,0,0,0,0,0,0,0,0,0,0,0,0,0,0,0,0
ARCHIVE - Care Home - Windlesford Green,"-14,615","-14,735",120,"-2,703","-4,756","-3,910",-845.85,-879.8925785,"-1,750","-1,750",0,-324.1693588,0,0,0,0,0,0,0,0,0,0,0,0,0,0,0,0,0,0,0,0,0,0,0,0,0,0,0,0,0,0,0,0,0,0,0,0,0,0,0,0,0,0,0,0,0,0,0,0,0,0,0,0
ARCHIVE - Care Home - Windlesford Green - Caretakers Accommodation,0,0,0,0,0,0,0,0,0,0,0,0,0,0,0,0,0,0,0,0,0,0,0,0,0,0,0,0,0,0,0,0,0,0,0,0,0,0,0,0,0,0,0,0,0,0,0,0,0,0,0,0,0,0,0,0,0,0,0,0,0,0,0,0
ARCHIVE - Caretakers Premises - Micklefield House Lodge,0,0,0,0,"1,887",0,"1,887",349.5505372,"-4,149","-4,851",701.69,-769.2683799,-0.46,-0.46,0,-0.0846584,0,0,0,0,0,0,0,0,0,0,0,0,0,0,0,0,0,0,0,0,0,0,0,0,0,0,0,0,0,0,0,0,0,0,0,0,0,0,0,0,0,0,0,0,0,0,0,0
ARCHIVE - Caretakers Premises - St Gregorys Roman Catholic Primary School,"13,536",0,"13,536","2,504","17,446","10,665","6,781","3,229","3,359","3,359",0,622.0666791,0,0,0,0,0,0,0,0,0,0,0,0,0,0,0,0,0,0,0,0,0,0,0,0,0,0,0,0,0,0,0,0,0,0,0,0,0,0,0,0,0,0,0,0,0,0,0,0,0,0,0,0
ARCHIVE - Caretakers Premises - West Ardsley Adult Training Centre,0,0,0,0,0,0,0,0,0,0,0,0,0,0,0,0,0,0,0,0,0,0,0,0,0,0,0,0,0,0,0,0,0,0,0,0,0,0,0,0,0,0,0,0,0,0,0,0,0,0,0,0,0,0,0,0,0,0,0,0,0,0,0,0
ARCHIVE - Changing Pavilion - Grove Road Bowling Pavilion,0,0,0,0,-2,-2,0,-0.36994,0,0,0,0,0,0,0,0,0,0,0,0,0,0,0,0,0,0,0,0,0,0,0,0,0,0,0,0,0,0,0,0,0,0,0,0,0,0,0,0,0,0,0,0,0,0,0,0,0,0,0,0,0,0,0,0
ARCHIVE - Changing Pavilion - Pudsey Park Veterans Shelter,0,0,0,0,0,0,0,0,0,0,0,0,0,0,0,0,0,0,0,0,0,0,0,0,0,0,0,0,0,0,0,0,0,0,0,0,0,0,0,0,0,0,0,0,0,0,0,0,0,0,0,0,0,0,0,0,0,0,0,0,0,0,0,0
ARCHIVE - Changing Pavilion - Sixth Avenue Soccer Changing Rooms,"-55,927","-63,007","7,080","-10,345","-14,185","10,117","-24,302","-2,630",0,0,0,0,0,0,0,0,0,0,0,0,0,0,0,0,0,0,0,0,0,0,0,0,0,0,0,0,0,0,0,0,0,0,0,0,0,0,0,0,0,0,0,0,0,0,0,0,0,0,0,0,0,0,0,0
ARCHIVE - Changing Pavilion - Victoria Park Cricket Pavilion and Clubhouse,0,0,0,0,479.83,0,479.83,88.8693143,187.57,-290.97,478.54,34.1799479,-668.73,-700.65,31.92,-123.0432877,286.45,32.2,254.25,52.8525432,514.77,418.18,96.59,94.90555367,349.95,349.95,0,64.38968652,0,0,0,0,0,0,0,0,0,0,0,0,0,0,0,0,0,0,0,0,0,0,0,0,0,0,0,0,0,0,0,0,0,0,0,0
ARCHIVE - Childrens Home - Bodmin Road,"179,969","107,207","72,762","33,289","177,213","105,653","71,560","32,796","165,665","112,885","52,780","30,621","151,037","94,265","56,772","27,850","126,289","76,237","50,052","23,334","-5,518","-5,518",0,"-1,018",0,0,0,0,0,0,0,0,0,0,0,0,0,0,0,0,0,0,0,0,0,0,0,0,0,0,0,0,0,0,0,0,0,0,0,0,0,0,0,0
ARCHIVE - Childrens Home - Inglewood,"78,620",0,"78,620","14,542","212,794","129,737","83,057","39,381","243,205","149,716","93,489","44,935","161,189","123,742","37,447","29,700","2,619","2,844",-224.77,484.5285551,0.53,0.53,0,0.0977585,0,0,0,0,0,0,0,0,0,0,0,0,0,0,0,0,0,0,0,0,0,0,0,0,0,0,0,0,0,0,0,0,0,0,0,0,0,0,0,0
ARCHIVE - Childrens Home - Iveson Approach ,"33,840",0,"33,840","6,259","82,654","46,934","35,720","15,297","100,708","62,659","38,049","18,608","98,740","63,570","35,170","18,205",0,0,0,0,0,0,0,0,0,0,0,0,0,0,0,0,0,0,0,0,0,0,0,0,0,0,0,0,0,0,0,0,0,0,0,0,0,0,0,0,0,0,0,0,0,0,0,0
ARCHIVE - Childrens Home - Wood Lane Learning Care Unit,"192,335","113,049","79,286","35,576","164,794","96,628","68,166","30,498","186,497","118,724","67,773","34,462","150,394","104,821","45,573","27,721","-20,081","-20,081",0,"-3,714",0,0,0,0,0,0,0,0,0,0,0,0,0,0,0,0,0,0,0,0,0,0,0,0,0,0,0,0,0,0,0,0,0,0,0,0,0,0,0,0,0,0,0,0
ARCHIVE - Community Centre - Alston Lane,"153,665","95,595","58,070","28,423","113,282","76,122","37,160","20,963","144,347","82,109","62,238","26,662","25,047","9,559","15,487","4,624","4,082",-205.65,"4,287",752.7656984,0,0,0,0,0,0,0,0,0,0,0,0,0,0,0,0,0,0,0,0,0,0,0,0,0,0,0,0,0,0,0,0,0,0,0,0,0,0,0,0,0,0,0,0
ARCHIVE - Community Centre - Bangladeshi Centre,0,0,0,0,0,0,0,0,0,0,0,0,0,0,0,0,0,0,0,0,0,0,0,0,0,0,0,0,0,0,0,0,0,0,0,0,0,0,0,0,0,0,0,0,0,0,0,0,0,0,0,0,0,0,0,0,0,0,0,0,0,0,0,0
ARCHIVE - Community Centre - Beckhill Garth Sheltered Housing,0,0,0,0,0,0,0,0,0,0,0,0,0,0,0,0,0,0,0,0,0,0,0,0,0,0,0,0,0,0,0,0,0,0,0,0,0,0,0,0,0,0,0,0,0,0,0,0,0,0,0,0,0,0,0,0,0,0,0,0,0,0,0,0
ARCHIVE - Community Centre - Chaucer Avenue,0,0,0,0,0,0,0,0,0,0,0,0,0,0,0,0,0,0,0,0,0,0,0,0,0,0,0,0,0,0,0,0,0,0,0,0,0,0,0,0,0,0,0,0,0,0,0,0,0,0,0,0,0,0,0,0,0,0,0,0,0,0,0,0
ARCHIVE - Community Centre - Communal Room - 60 and 62 Belle Isle Circus,0,0,0,0,0,0,0,0,0,0,0,0,0,0,0,0,0,0,0,0,0,0,0,0,0,0,0,0,0,0,0,0,0,0,0,0,0,0,0,0,0,0,0,0,0,0,0,0,0,0,0,0,0,0,0,0,0,0,0,0,0,0,0,0
ARCHIVE - Community Centre - Drighlington Meeting Hall Library,"88,675","47,368","41,307","16,402","76,809","42,186","34,623","14,216","73,365","44,020","29,346","13,554","61,482","39,854","21,628","11,335","63,332","29,586","33,746","11,697","58,119","30,220","27,898","10,707","65,140","37,104","28,036","11,990","68,810","33,567","35,243","12,665","87,247","59,147","28,101","16,037","42,283","42,283",0,"7,759",0,0,0,0,0,0,0,0,0,0,0,0,0,0,0,0,0,0,0,0,0,0,0,0
ARCHIVE - Community Centre - Headingley,"97,650","47,170","50,480","18,062","40,577","36,011","4,566","7,507",0,0,0,0,0,0,0,0,0,0,0,0,0,0,0,0,0,0,0,0,0,0,0,0,0,0,0,0,0,0,0,0,0,0,0,0,0,0,0,0,0,0,0,0,0,0,0,0,0,0,0,0,0,0,0,0
ARCHIVE - Community Centre - Kentmere,"179,929","93,904","86,025","33,281","145,388","69,564","75,824","26,911","165,287","83,556","81,731","30,517","146,220","91,526","54,694","26,961","151,835","70,235","81,601","28,043","113,210","56,791","56,419","20,856","145,162","82,790","62,372","26,720","126,488","60,082","66,406","23,281","65,853","65,853",0,"12,114",0,0,0,0,0,0,0,0,0,0,0,0,0,0,0,0,0,0,0,0,0,0,0,0,0,0,0,0
ARCHIVE - Community Centre - Little London,"108,822","57,501","51,321","20,129","92,541","51,305","41,236","17,127","107,786","65,668","42,118","19,914","104,372","67,961","36,410","19,243","99,626","55,189","44,437","18,405","22,092","22,092",0,"4,075",0,0,0,0,0,0,0,0,0,0,0,0,0,0,0,0,0,0,0,0,0,0,0,0,0,0,0,0,0,0,0,0,0,0,0,0,0,0,0,0
ARCHIVE - Community Centre - Meanwood,"197,073","104,592","92,481","36,453","134,261","76,904","57,357","24,848","117,734","60,885","56,850","21,739","142,366","94,100","48,266","26,246","131,241","76,515","54,726","24,247","130,132","76,222","53,910","23,978","119,289","59,419","59,869","21,959","106,491","50,759","55,732","19,600","46,201","46,201",0,"8,499",0,0,0,0,0,0,0,0,0,0,0,0,0,0,0,0,0,0,0,0,0,0,0,0,0,0,0,0
ARCHIVE - Community Centre - Muslim Centre and Pakistani Community Education and Training Centre,0,0,0,0,0,0,0,0,0,0,0,0,0,0,0,0,0,0,0,0,0,0,0,0,0,0,0,0,0,0,0,0,0,0,0,0,0,0,0,0,0,0,0,0,0,0,0,0,0,0,0,0,0,0,0,0,0,0,0,0,0,0,0,0
ARCHIVE - Community Centre - Stanhope Memorial Hall,"3,773","5,008","-1,235",697.89181,"1,565","1,565",0,289.47805,0,0,0,0,0,0,0,0,0,0,0,0,0,0,0,0,0,0,0,0,0,0,0,0,0,0,0,0,0,0,0,0,0,0,0,0,0,0,0,0,0,0,0,0,0,0,0,0,0,0,0,0,0,0,0,0
ARCHIVE - Community Centre - The 59 Centre,0,0,0,0,0,0,0,0,0,0,0,0,0,0,0,0,0,0,0,0,0,0,0,0,0,0,0,0,0,0,0,0,0,0,0,0,0,0,0,0,0,0,0,0,0,0,0,0,0,0,0,0,0,0,0,0,0,0,0,0,0,0,0,0
ARCHIVE - Community Centre - West Leeds Centre,"379,109","222,872","156,237","70,124","96,592","248,022","-151,430","17,830","26,853","15,896","10,957","4,961","6,085","6,085",0,"1,120",0,0,0,0,0,0,0,0,0,0,0,0,0,0,0,0,0,0,0,0,0,0,0,0,0,0,0,0,0,0,0,0,0,0,0,0,0,0,0,0,0,0,0,0,0,0,0,0
ARCHIVE - Community Centre - West Park Curriculum Development and IT Centre,"1,974,896","1,247,274","727,622","365,297","1,570,472","851,032","719,440","290,663","636,143","729,165","-93,022","117,929","-7,169","-7,169",0,"-1,319",0,0,0,0,0,0,0,0,0,0,0,0,0,0,0,0,0,0,0,0,0,0,0,0,0,0,0,0,0,0,0,0,0,0,0,0,0,0,0,0,0,0,0,0,0,0,0,0
ARCHIVE - Community Centre - Woodhouse,0,0,0,0,0,0,0,0,0,0,0,0,0,0,0,0,0,0,0,0,0,0,0,0,0,0,0,0,0,0,0,0,0,0,0,0,0,0,0,0,0,0,0,0,0,0,0,0,0,0,0,0,0,0,0,0,0,0,0,0,0,0,0,0
ARCHIVE - Community Centre - Woodsley Road Youth and Community Centre,0,0,0,0,0,0,0,0,0,0,0,0,0,0,0,0,0,0,0,0,0,0,0,0,0,0,0,0,0,0,0,0,0,0,0,0,0,0,0,0,0,0,0,0,0,0,0,0,0,0,0,0,0,0,0,0,0,0,0,0,0,0,0,0
ARCHIVE - Council Offices - 180 - 182 Chapeltown Road,"180,134","101,674","78,460","33,319","134,626","90,581","44,045","24,912","82,772","42,342","40,430","15,283","17,433","9,319","8,115","3,216","-8,165","-8,165",0,"-1,510",0,0,0,0,0,0,0,0,0,0,0,0,0,0,0,0,0,0,0,0,0,0,0,0,0,0,0,0,0,0,0,0,0,0,0,0,0,0,0,0,0,0,0,0
ARCHIVE - Council Offices - 2 Great George Street,"691,157","379,738","311,419","127,843","711,430","314,931","396,499","131,688","919,492","497,918","421,574","169,806","795,920","436,288","359,632","146,817","668,701","300,862","367,839","123,499","699,474","357,814","341,660","128,863","675,588","370,389","305,199","124,357","783,093","308,399","474,694","144,121","268,215","268,215",0,"49,341",0,0,0,0,0,0,0,0,0,0,0,0,0,0,0,0,0,0,0,0,0,0,0,0,0,0,0,0
ARCHIVE - Council Offices - Adult Social Care - Unit 1 Acorn Business Park,"50,443","23,157","27,286","9,330","53,737","21,737","32,000","9,947","54,108","31,111","22,997","9,994","-13,825","14,090","-27,915","-2,570","35,891","15,461","20,430","6,628","47,104","23,592","23,512","8,678","50,870","28,448","22,422","9,364","7,940","7,940",0,"1,462",0,0,0,0,0,0,0,0,0,0,0,0,0,0,0,0,0,0,0,0,0,0,0,0,0,0,0,0,0,0,0,0
ARCHIVE - Council Offices - BITMO - Credit Union and Community Building - 26a Broom Crescent,"36,536","20,026","16,510","6,758","18,222","8,535","9,687","3,373","29,108","14,977","14,131","5,375","30,099","18,329","11,770","5,550","-20,328","-20,328",0,"-3,760",0,0,0,0,0,0,0,0,0,0,0,0,0,0,0,0,0,0,0,0,0,0,0,0,0,0,0,0,0,0,0,0,0,0,0,0,0,0,0,0,0,0,0,0
ARCHIVE - Council Offices - Blenheim Centre,"711,924","494,712","217,212","131,685","591,424","408,010","183,414","109,440","25,094","25,126",-31.97,"4,648",0.33,0.33,0,0.0607332,0,0,0,0,0,0,0,0,0,0,0,0,0,0,0,0,0,0,0,0,0,0,0,0,0,0,0,0,0,0,0,0,0,0,0,0,0,0,0,0,0,0,0,0,0,0,0,0
ARCHIVE - Council Offices - Chapeltown and Harehills Neighbourhood Housing Office,"64,244","38,638","25,606","11,883","32,975","16,659","16,316","6,103","2,555","8,491","-5,936",480.2135001,"-10,449","-9,500",-949.85,"-1,924",0,0,0,0,0,0,0,0,0,0,0,0,0,0,0,0,0,0,0,0,0,0,0,0,0,0,0,0,0,0,0,0,0,0,0,0,0,0,0,0,0,0,0,0,0,0,0,0
ARCHIVE - Council Offices - ENEHL - 45 Glensdale Terrace,"15,327","14,291","1,036","2,835","9,257","4,657","4,600","1,713","22,193","22,193",0,"4,110",0,0,0,0,0,0,0,0,0,0,0,0,0,0,0,0,0,0,0,0,0,0,0,0,0,0,0,0,0,0,0,0,0,0,0,0,0,0,0,0,0,0,0,0,0,0,0,0,0,0,0,0
ARCHIVE - Council Offices - Environmental Health - Asbestos Advice Office - 16 Rombalds Terrace,"2,495",0,"2,495",461.50015,"8,260","3,759","4,501","1,529","2,411","2,411",0,446.5709436,0,0,0,0,0,0,0,0,0,0,0,0,0,0,0,0,0,0,0,0,0,0,0,0,0,0,0,0,0,0,0,0,0,0,0,0,0,0,0,0,0,0,0,0,0,0,0,0,0,0,0,0
ARCHIVE - Council Offices - Environmental Health - Millshaw Park Way,"108,859","62,349","46,510","20,136","119,981","73,756","46,225","22,204","115,582","73,945","41,637","21,358","96,066","57,931","38,135","17,716","88,264","46,251","42,013","16,304","86,796","51,592","35,204","15,994","93,267","56,482","36,786","17,167","74,787","33,420","41,367","13,765","86,183","48,848","37,335","15,837","87,388","48,766","38,622","16,050","84,946","46,525","38,422","15,592","81,174","45,865","35,309","14,846","43,234","40,636","2,598","7,893",45.46,45.46,0,8.315948984,0,0,0,0,0,0,0,0
ARCHIVE - Council Offices - Greystones - Leeds Crisis Centre,"181,549","100,134","81,415","33,581","113,190","89,708","23,482","20,942","14,934","14,934",0,"2,766",0,0,0,0,0,0,0,0,0,0,0,0,0,0,0,0,0,0,0,0,0,0,0,0,0,0,0,0,0,0,0,0,0,0,0,0,0,0,0,0,0,0,0,0,0,0,0,0,0,0,0,0
ARCHIVE - Council Offices - Harehills Jobshop - 241 Roundhay Road,0,0,0,0,0,0,0,0,0,0,0,0,0,0,0,0,0,0,0,0,0,0,0,0,0,0,0,0,0,0,0,0,0,0,0,0,0,0,0,0,0,0,0,0,0,0,0,0,0,0,0,0,0,0,0,0,0,0,0,0,0,0,0,0
ARCHIVE - Council Offices - Headingley Annexe,"46,470","24,779","21,691","8,596","18,914",-951,"19,865","3,503","-37,715","-37,718",2.73,"-6,985",0,0,0,0,0,0,0,0,0,0,0,0,0,0,0,0,0,0,0,0,0,0,0,0,0,0,0,0,0,0,0,0,0,0,0,0,0,0,0,0,0,0,0,0,0,0,0,0,0,0,0,0
ARCHIVE - Council Offices - Housing Leeds - Westfield House,"85,773","60,805","24,968","15,865","39,910","22,324","17,586","7,386","41,362","21,216","20,146","7,637","46,655","28,858","17,798","8,603","33,597","18,215","15,382","6,207","14,562","13,299","1,263","2,685","8,016","7,080",935.29,"1,475","2,745","2,745",0,505.5909241,0,0,0,0,0,0,0,0,0,0,0,0,0,0,0,0,0,0,0,0,0,0,0,0,0,0,0,0,0,0,0,0
ARCHIVE - Council Offices - Jobs and Skills Job Shop - 21 Penny Hill Centre,"69,646","44,900","24,746","12,882","34,623","10,481","24,142","6,410","58,421","24,915","33,506","10,781","-6,163","-6,163",0,"-1,134",0,0,0,0,0,0,0,0,0,0,0,0,0,0,0,0,0,0,0,0,0,0,0,0,0,0,0,0,0,0,0,0,0,0,0,0,0,0,0,0,0,0,0,0,0,0,0,0
ARCHIVE - Council Offices - Leonardo Building,"341,659","163,214","178,445","63,197","284,290","140,056","144,234","52,620","355,073","191,804","163,268","65,572","338,578","210,618","127,959","62,431","286,897","142,638","144,258","52,993","303,014","157,879","145,135","55,825","321,755","183,355","138,400","59,225","282,584","133,252","149,332","52,011","48,303","48,303",0,"8,886",0,0,0,0,0,0,0,0,0,0,0,0,0,0,0,0,0,0,0,0,0,0,0,0,0,0,0,0
ARCHIVE - Council Offices - Library Headquarters,"79,135","38,741","40,394","14,638","58,551","34,913","23,638","10,836","84,948","37,574","47,374","15,678","63,937","37,246","26,692","11,792","65,758","28,651","37,107","12,144","70,708","49,585","21,122","13,032",0,0,0,0,0,0,0,0,0,0,0,0,0,0,0,0,0,0,0,0,0,0,0,0,0,0,0,0,0,0,0,0,0,0,0,0,0,0,0,0
ARCHIVE - Council Offices - Marketing Leeds - 53 The Calls,"18,579","11,015","7,564","3,437","47,208","32,909","14,299","8,735","10,505","10,505",0,"1,946",0,0,0,0,0,0,0,0,0,0,0,0,0,0,0,0,0,0,0,0,0,0,0,0,0,0,0,0,0,0,0,0,0,0,0,0,0,0,0,0,0,0,0,0,0,0,0,0,0,0,0,0
ARCHIVE - Council Offices - Meadowhurst House Annexe,0,0,0,0,0,0,0,0,0,0,0,0,0,0,0,0,0,0,0,0,0,0,0,0,0,0,0,0,0,0,0,0,0,0,0,0,0,0,0,0,0,0,0,0,0,0,0,0,0,0,0,0,0,0,0,0,0,0,0,0,0,0,0,0
ARCHIVE - Council Offices - Merrion House,0,0,0,0,"662,867",0,"662,867","122,770","2,087,716","1,064,662","1,023,054","385,469","1,827,169","944,966","882,203","337,095","1,824,629","967,149","857,480","337,059","48,307","48,307",0,"8,910",0,0,0,0,0,0,0,0,0,0,0,0,0,0,0,0,0,0,0,0,0,0,0,0,0,0,0,0,0,0,0,0,0,0,0,0,0,0,0,0
ARCHIVE - Council Offices - Round Foundry Media,0,0,0,0,0,0,0,0,0,0,0,0,0,0,0,0,"189,026","90,041","98,984","34,913","249,211","138,545","110,666","45,917","303,482","175,731","127,751","55,861","288,818","139,855","148,963","53,159","287,069","162,444","124,625","52,753","305,216","175,093","130,123","56,057","359,889","231,001","128,888","66,081","116,703","116,703",0,"21,375",0,0,0,0,0,0,0,0,0,0,0,0,0,0,0,0
ARCHIVE - Council Offices - Shannon House- Leeds Anti-Social Behaviour Team,"37,007","18,364","18,643","6,845","29,714","16,599","13,115","5,499","33,572","13,684","19,889","6,195","31,257","20,231","11,027","5,763","17,869","11,728","6,141","3,302","6,531",736.31,"5,795","1,202","17,831","17,844",-12.44,"3,281","23,312","16,860","6,452","4,292","31,896","20,503","11,393","5,862","31,845","20,894","10,952","5,848","9,121","9,121",0,"1,677",0,0,0,0,0,0,0,0,0,0,0,0,0,0,0,0,0,0,0,0
ARCHIVE - Council Offices - Shire View,0,0,0,0,"80,902",0,"80,902","14,984","349,648","203,464","146,184","64,587","333,423","191,981","141,442","61,495","359,920","221,350","138,570","66,503","334,279","197,707","136,572","61,596","333,444","185,962","147,481","61,377","308,104","157,375","150,729","56,711","261,477","170,988","90,489","48,061","330,793","207,775","123,018","60,748","157,757","157,757",0,"29,007",0,0,0,0,0,0,0,0,0,0,0,0,0,0,0,0,0,0,0,0
ARCHIVE - Council Offices - South Point,0,0,0,0,0,0,0,0,0,0,0,0,0,0,0,0,0,0,0,0,0,0,0,0,0,0,0,0,0,0,0,0,0,0,0,0,0,0,0,0,0,0,0,0,0,0,0,0,0,0,0,0,0,0,0,0,0,0,0,0,0,0,0,0
ARCHIVE - Council Offices - Supported Living Scheme - Winrose Project Office,"19,859","16,905","2,954","3,673","6,838","6,838",0,"1,265",0,0,0,0,0,0,0,0,0,0,0,0,0,0,0,0,0,0,0,0,0,0,0,0,0,0,0,0,0,0,0,0,0,0,0,0,0,0,0,0,0,0,0,0,0,0,0,0,0,0,0,0,0,0,0,0
ARCHIVE - Council Offices - Team Leaders Office - 22 Cranmer Bank,0,0,0,0,0,0,0,0,0,0,0,0,0,0,0,0,0,0,0,0,0,0,0,0,0,0,0,0,0,0,0,0,0,0,0,0,0,0,0,0,0,0,0,0,0,0,0,0,0,0,0,0,0,0,0,0,0,0,0,0,0,0,0,0
ARCHIVE - Council Offices - Thoresby House,"479,338","210,586","268,752","88,663","292,804","148,225","144,579","54,195","417,139","205,679","211,460","77,011","350,432","178,020","172,413","64,654","347,885","173,720","174,165","64,258","326,323","160,468","165,855","60,115","491,675","282,924","208,751","90,501","385,933","170,974","214,959","71,031","82,652","82,652",0,"15,205",0,0,0,0,0,0,0,0,0,0,0,0,0,0,0,0,0,0,0,0,0,0,0,0,0,0,0,0
ARCHIVE - Council Offices - West North West Homes Leeds - Silver Royd Business Park,0,0,0,0,"34,984",0,"34,984","6,479","23,727","29,377","-5,649","4,401","138,976","106,076","32,900","25,608","8,399","8,399",0,"1,554",0,0,0,0,0,0,0,0,0,0,0,0,0,0,0,0,0,0,0,0,0,0,0,0,0,0,0,0,0,0,0,0,0,0,0,0,0,0,0,0,0,0,0,0
ARCHIVE - Day Centre - Bramley Lawn,0,0,0,0,0,0,0,0,0,0,0,0,"16,407","16,382",24.46,"3,020",-91.22,-91.22,0,-16.87323733,0,0,0,0,0,0,0,0,0,0,0,0,0,0,0,0,0,0,0,0,0,0,0,0,0,0,0,0,0,0,0,0,0,0,0,0,0,0,0,0,0,0,0,0
ARCHIVE - Day Centre - Farfield,0,0,0,0,0,0,0,0,0,0,0,0,0,0,0,0,0,0,0,0,"1,979","1,979",0,365.06344,0,0,0,0,0,0,0,0,0,0,0,0,0,0,0,0,0,0,0,0,0,0,0,0,0,0,0,0,0,0,0,0,0,0,0,0,0,0,0,0
ARCHIVE - Day Centre - Grove Villa,"193,037","113,562","79,475","35,706","78,843","62,143","16,700","14,588","-39,811","-34,821","-4,990","-7,368","-15,198","-15,198",0,"-2,797",0,0,0,0,0,0,0,0,0,0,0,0,0,0,0,0,0,0,0,0,0,0,0,0,0,0,0,0,0,0,0,0,0,0,0,0,0,0,0,0,0,0,0,0,0,0,0,0
ARCHIVE - Day Centre - Holbeck,"70,875","43,292","27,583","13,110","67,543","39,782","27,761","12,500","-127,920","22,147","-150,067","-23,516","-7,279","-7,279",0,"-1,340",0,0,0,0,0,0,0,0,0,0,0,0,0,0,0,0,0,0,0,0,0,0,0,0,0,0,0,0,0,0,0,0,0,0,0,0,0,0,0,0,0,0,0,0,0,0,0,0
ARCHIVE - Day Centre - Horsforth Calverlands,0,0,0,0,0,0,0,0,0,0,0,0,"13,235",0,"13,235","2,448","95,354","62,513","32,841","17,621","11,461","11,461",0,"2,114",0,0,0,0,0,0,0,0,0,0,0,0,0,0,0,0,0,0,0,0,0,0,0,0,0,0,0,0,0,0,0,0,0,0,0,0,0,0,0,0
ARCHIVE - Day Centre - Queenswood Drive,"91,742","58,322","33,420","16,970","72,301","46,600","25,701","13,380","77,840","48,138","29,702","14,382","85,123","48,583","36,540","15,700","-36,655","-36,655",0,"-6,780",0,0,0,0,0,0,0,0,0,0,0,0,0,0,0,0,0,0,0,0,0,0,0,0,0,0,0,0,0,0,0,0,0,0,0,0,0,0,0,0,0,0,0,0
ARCHIVE - Depot - Building Agency - Ireland Wood,0,0,0,0,0,0,0,0,0,0,0,0,0,0,0,0,0,0,0,0,0,0,0,0,0,0,0,0,0,0,0,0,0,0,0,0,0,0,0,0,0,0,0,0,0,0,0,0,0,0,0,0,0,0,0,0,0,0,0,0,0,0,0,0
ARCHIVE - Depot - City Engineer Urban Traffic Control Store - Tong Road Depot,0,0,0,0,0,0,0,0,0,0,0,0,0,0,0,0,0,0,0,0,0,0,0,0,0,0,0,0,0,0,0,0,0,0,0,0,0,0,0,0,0,0,0,0,0,0,0,0,0,0,0,0,0,0,0,0,0,0,0,0,0,0,0,0
ARCHIVE - Depot - Housing Leeds - Limewood Road,"106,415","51,266","55,149","19,684","90,094","38,802","51,292","16,677","135,209","72,612","62,596","24,969","135,323","84,257","51,066","24,952","126,313","72,153","54,161","23,336","28,808","28,808",0,"5,314",0,0,0,0,0,0,0,0,0,0,0,0,0,0,0,0,0,0,0,0,0,0,0,0,0,0,0,0,0,0,0,0,0,0,0,0,0,0,0,0
ARCHIVE - Depot - Museum Resources Centre,0,0,0,0,0,0,0,0,0,0,0,0,0,0,0,0,0,0,0,0,0,0,0,0,0,0,0,0,0,0,0,0,0,0,0,0,0,0,0,0,0,0,0,0,0,0,0,0,0,0,0,0,0,0,0,0,0,0,0,0,0,0,0,0
ARCHIVE - Depot - Roseville Enterprises - Enfield Avenue,0,0,0,0,0,0,0,0,0,0,0,0,0,0,0,0,0,0,0,0,0,0,0,0,0,0,0,0,0,0,0,0,0,0,0,0,0,0,0,0,0,0,0,0,0,0,0,0,0,0,0,0,0,0,0,0,0,0,0,0,0,0,0,0
ARCHIVE - Depot - Unit 5 Penraevon Industrial Estate,0,0,0,0,0,0,0,0,0,0,0,0,0,0,0,0,0,0,0,0,0,0,0,0,0,0,0,0,0,0,0,0,0,0,0,0,0,0,0,0,0,0,0,0,0,0,0,0,0,0,0,0,0,0,0,0,0,0,0,0,0,0,0,0
ARCHIVE - Early Years Centre - Blenheim Lodge,0,0,0,0,0,0,0,0,0,0,0,0,0,0,0,0,0,0,0,0,0,0,0,0,0,0,0,0,0,0,0,0,0,0,0,0,0,0,0,0,0,0,0,0,0,0,0,0,0,0,0,0,0,0,0,0,0,0,0,0,0,0,0,0
ARCHIVE - Early Years Centre - Frankland Place Family Nursery Centre,0,0,0,0,0,0,0,0,0,0,0,0,0,0,0,0,0,0,0,0,0,0,0,0,0,0,0,0,0,0,0,0,0,0,0,0,0,0,0,0,0,0,0,0,0,0,0,0,0,0,0,0,0,0,0,0,0,0,0,0,0,0,0,0
ARCHIVE - Early Years Centre - Hawksworth Wood Day Nursery,0,0,0,0,0,0,0,0,0,0,0,0,0,0,0,0,0,0,0,0,0,0,0,0,0,0,0,0,0,0,0,0,0,0,0,0,0,0,0,0,0,0,0,0,0,0,0,0,0,0,0,0,0,0,0,0,0,0,0,0,0,0,0,0
ARCHIVE - Early Years Centre - Nesfield Family Centre,"146,206","89,544","56,662","27,044","151,253","100,532","50,721","27,989","149,454","98,758","50,696","27,621","161,247","105,270","55,976","29,728","120,548","98,741","21,807","22,287",0,0,0,0,0,0,0,0,0,0,0,0,0,0,0,0,0,0,0,0,0,0,0,0,0,0,0,0,0,0,0,0,0,0,0,0,0,0,0,0,0,0,0,0
ARCHIVE - Early Years Centre - Oakdale,"113,491","66,369","47,122","20,992","-1,370","28,960","-30,330",-260.6029034,"-6,883","-6,883",0,"-1,275",0,0,0,0,0,0,0,0,0,0,0,0,0,0,0,0,0,0,0,0,0,0,0,0,0,0,0,0,0,0,0,0,0,0,0,0,0,0,0,0,0,0,0,0,0,0,0,0,0,0,0,0
ARCHIVE - Early Years Centre - Queen Street,0,0,0,0,0,0,0,0,0,0,0,0,0,0,0,0,0,0,0,0,0,0,0,0,0,0,0,0,0,0,0,0,0,0,0,0,0,0,0,0,0,0,0,0,0,0,0,0,0,0,0,0,0,0,0,0,0,0,0,0,0,0,0,0
ARCHIVE - Early Years Centre - Victoria Primary School,"9,452","5,084","4,368","1,748","10,243","5,859","4,384","1,896","11,847","6,662","5,185","2,188","12,918","8,040","4,878","2,382","11,366","7,604","3,762","2,100","5,558","6,819","-1,261","1,026","3,428","3,428",0,630.7999717,0,0,0,0,0,0,0,0,0,0,0,0,0,0,0,0,0,0,0,0,0,0,0,0,0,0,0,0,0,0,0,0,0,0,0,0
ARCHIVE - Hostel - 14 Eltham Drive ,"8,030","3,750","4,280","1,485","4,960","1,601","3,359",918.2110575,"8,428","5,014","3,414","1,557","-6,029","-6,029",0,"-1,110",0,0,0,0,0,0,0,0,0,0,0,0,0,0,0,0,0,0,0,0,0,0,0,0,0,0,0,0,0,0,0,0,0,0,0,0,0,0,0,0,0,0,0,0,0,0,0,0
ARCHIVE - Hostel - Baileys House,"334,385","282,643","51,742","61,851","-9,491","161,632","-171,123","-1,797","31,445","31,445",0,"5,824",0,0,0,0,0,0,0,0,0,0,0,0,0,0,0,0,0,0,0,0,0,0,0,0,0,0,0,0,0,0,0,0,0,0,0,0,0,0,0,0,0,0,0,0,0,0,0,0,0,0,0,0
ARCHIVE - Hostel - Cottingley Court,0,0,0,0,0,0,0,0,0,0,0,0,0,0,0,0,0,0,0,0,0,0,0,0,0,0,0,0,0,0,0,0,0,0,0,0,0,0,0,0,0,0,0,0,0,0,0,0,0,0,0,0,0,0,0,0,0,0,0,0,0,0,0,0
ARCHIVE - Hostel - Healey Croft Adult,"391,467","246,206","145,261","72,410","407,024","266,850","140,174","75,321","-259,208","251,206","-510,414","-47,411","-65,782","-65,782",0,"-12,107",0,0,0,0,0,0,0,0,0,0,0,0,0,0,0,0,0,0,0,0,0,0,0,0,0,0,0,0,0,0,0,0,0,0,0,0,0,0,0,0,0,0,0,0,0,0,0,0
ARCHIVE - Hostel - Joseph Street,0,0,0,0,0,0,0,0,0,0,0,0,0,0,0,0,0,0,0,0,0,0,0,0,0,0,0,0,0,0,0,0,0,0,0,0,0,0,0,0,0,0,0,0,0,0,0,0,0,0,0,0,0,0,0,0,0,0,0,0,0,0,0,0
ARCHIVE - Hostel - Landlords Supply - Richmond Court Homeless Family Unit,"447,876","281,554","166,322","82,844","159,811","178,339","-18,528","29,556","-7,656","-7,655",-0.76,"-1,418",0,0,0,0,0,0,0,0,0,0,0,0,0,0,0,0,0,0,0,0,0,0,0,0,0,0,0,0,0,0,0,0,0,0,0,0,0,0,0,0,0,0,0,0,0,0,0,0,0,0,0,0
ARCHIVE - Hostel - Mawcroft Grange,0,0,0,0,0,0,0,0,0,0,0,0,0,0,0,0,0,0,0,0,0,0,0,0,0,0,0,0,0,0,0,0,0,0,0,0,0,0,0,0,0,0,0,0,0,0,0,0,0,0,0,0,0,0,0,0,0,0,0,0,0,0,0,0
ARCHIVE - Hostel - Ridgeside,0,0,0,0,0,0,0,0,0,0,0,0,0,0,0,0,0,0,0,0,0,0,0,0,0,0,0,0,0,0,0,0,0,0,0,0,0,0,0,0,0,0,0,0,0,0,0,0,0,0,0,0,0,0,0,0,0,0,0,0,0,0,0,0
ARCHIVE - Hostel - Spen Croft,0,0,0,0,0,0,0,0,0,0,0,0,0,0,0,0,0,0,0,0,0,0,0,0,0,0,0,0,0,0,0,0,0,0,0,0,0,0,0,0,0,0,0,0,0,0,0,0,0,0,0,0,0,0,0,0,0,0,0,0,0,0,0,0
ARCHIVE - Hostel - St Michaels Lane,0,0,0,0,0,0,0,0,0,0,0,0,0,0,0,0,0,0,0,0,0,0,0,0,0,0,0,0,0,0,0,0,0,0,0,0,0,0,0,0,0,0,0,0,0,0,0,0,0,0,0,0,0,0,0,0,0,0,0,0,0,0,0,0
ARCHIVE - Leisure Centre - Dry - Farsley Sports Hall and Recreation Centre,0,0,0,0,0,0,0,0,0,0,0,0,0,0,0,0,0,0,0,0,0,0,0,0,0,0,0,0,0,0,0,0,0,0,0,0,0,0,0,0,0,0,0,0,0,0,0,0,0,0,0,0,0,0,0,0,0,0,0,0,0,0,0,0
ARCHIVE - Leisure Centre - Dry - Richmond Hill Leisure Centre,"161,134","99,870","61,264","29,805","62,010","39,970","22,040","11,475","161,169","117,475","43,694","29,799","140,467","86,494","53,973","25,902","96,942","54,865","42,078","17,910","130,678","84,492","46,186","24,083","71,526","47,732","23,794","13,164","31,871","31,871",0,"5,869",0,0,0,0,0,0,0,0,0,0,0,0,0,0,0,0,0,0,0,0,0,0,0,0,0,0,0,0,0,0,0,0
ARCHIVE - Leisure Centre - Wet - Armley Sports and Leisure Centre ,0,0,0,0,0,0,0,0,0,0,0,0,0,0,0,0,0,0,0,0,0,0,0,0,0,0,0,0,0,0,0,0,0,0,0,0,0,0,0,0,0,0,0,0,0,0,0,0,0,0,0,0,0,0,0,0,0,0,0,0,0,0,0,0
ARCHIVE - Leisure Centre - Wet - Bramley Baths,"879,904","653,783","226,121","162,756","886,759","626,640","260,119","164,086","472,618","472,618",0,"87,534",0,0,0,0,0,0,0,0,0,0,0,0,0,0,0,0,0,0,0,0,0,0,0,0,0,0,0,0,0,0,0,0,0,0,0,0,0,0,0,0,0,0,0,0,0,0,0,0,0,0,0,0
ARCHIVE - Leisure Centre - Wet - East Leeds Sports Centre,"1,366,225","995,281","370,944","252,711","1,015,694","1,018,117","-2,423","187,872",0,0,0,0,0,0,0,0,0,0,0,0,0,0,0,0,0,0,0,0,0,0,0,0,0,0,0,0,0,0,0,0,0,0,0,0,0,0,0,0,0,0,0,0,0,0,0,0,0,0,0,0,0,0,0,0
ARCHIVE - Leisure Centre - Wet - Holt Park Leisure Centre,"2,416,433","1,591,588","824,845","446,968","2,450,589","1,616,211","834,378","453,486","2,746,554","1,857,429","889,125","507,649","-850,410","-811,034","-39,377","-156,546",0,0,0,0,0,0,0,0,0,0,0,0,0,0,0,0,0,0,0,0,0,0,0,0,0,0,0,0,0,0,0,0,0,0,0,0,0,0,0,0,0,0,0,0,0,0,0,0
ARCHIVE - Leisure Centre - Wet - Leeds International Pool,0,0,0,0,0,0,0,0,0,0,0,0,0,0,0,0,0,0,0,0,0,0,0,0,0,0,0,0,0,0,0,0,0,0,0,0,0,0,0,0,0,0,0,0,0,0,0,0,0,0,0,0,0,0,0,0,0,0,0,0,0,0,0,0
ARCHIVE - Leisure Centre - Wet - South Leeds Sports Centre,"832,657","665,682","166,975","154,017",744.85,"228,287","-227,542",83.1647885,48.99,48.99,0,9.0734379,0,0,0,0,0,0,0,0,0,0,0,0,0,0,0,0,0,0,0,0,0,0,0,0,0,0,0,0,0,0,0,0,0,0,0,0,0,0,0,0,0,0,0,0,0,0,0,0,0,0,0,0
ARCHIVE - Library - Burley,"116,097","37,369","78,728","21,474","149,141","81,445","67,696","27,603","169,115","102,898","66,217","31,244","150,934","88,659","62,274","27,836","124,427","65,050","59,377","22,985","101,946","51,736","50,210","18,781","5,031","5,031",0,925.6953521,0,0,0,0,0,0,0,0,0,0,0,0,0,0,0,0,0,0,0,0,0,0,0,0,0,0,0,0,0,0,0,0,0,0,0,0
ARCHIVE - Library - Guiseley,"69,478","38,730","30,748","12,851","59,089","28,222","30,867","10,937","76,917","42,990","33,926","14,206","66,196","36,913","29,283","12,210","57,665","29,416","28,249","10,652","51,194","24,077","27,116","9,430","52,794","29,172","23,623","9,718","54,986","24,058","30,928","10,120","62,979","33,501","29,478","11,572","22,509","22,509",0,"4,131",0,0,0,0,0,0,0,0,0,0,0,0,0,0,0,0,0,0,0,0,0,0,0,0
ARCHIVE - Library - Holbeck,"30,093","16,542","13,551","5,566","20,960","10,020","10,940","3,880","-21,146","-21,146",0,"-3,916",0,0,0,0,0,0,0,0,0,0,0,0,0,0,0,0,0,0,0,0,0,0,0,0,0,0,0,0,0,0,0,0,0,0,0,0,0,0,0,0,0,0,0,0,0,0,0,0,0,0,0,0
ARCHIVE - Library - Oulton,0,0,0,0,0,0,0,0,0,0,0,0,0,0,0,0,0,0,0,0,0,0,0,0,0,0,0,0,0,0,0,0,0,0,0,0,0,0,0,0,0,0,0,0,0,0,0,0,0,0,0,0,0,0,0,0,0,0,0,0,0,0,0,0
ARCHIVE - Library - Rawdon,"75,173","45,039","30,134","13,905","59,863","31,424","28,439","11,080","61,098","34,945","26,153","11,285","26,689","26,689",0,"4,912",0,0,0,0,0,0,0,0,0,0,0,0,0,0,0,0,0,0,0,0,0,0,0,0,0,0,0,0,0,0,0,0,0,0,0,0,0,0,0,0,0,0,0,0,0,0,0,0
ARCHIVE - Library - Swinnow,"28,037","11,725","16,312","5,186","7,305","11,839","-4,534","1,350",4.9,"4,119","-4,114",5.7214706,0,0,0,0,0,0,0,0,0,0,0,0,0,0,0,0,0,0,0,0,0,0,0,0,0,0,0,0,0,0,0,0,0,0,0,0,0,0,0,0,0,0,0,0,0,0,0,0,0,0,0,0
ARCHIVE - Library - West Yorkshire Archives Service - Sheepscar,0,0,0,0,0,0,0,0,0,0,0,0,0,0,0,0,0,0,0,0,0,0,0,0,0,0,0,0,0,0,0,0,0,0,0,0,0,0,0,0,0,0,0,0,0,0,0,0,0,0,0,0,0,0,0,0,0,0,0,0,0,0,0,0
ARCHIVE - Little Owls Nursery - Chapeltown Childrens Centre,"123,198","57,349","65,849","22,788","162,297","106,424","55,873","30,033","22,855","22,855",0,"4,233",0,0,0,0,0,0,0,0,0,0,0,0,0,0,0,0,0,0,0,0,0,0,0,0,0,0,0,0,0,0,0,0,0,0,0,0,0,0,0,0,0,0,0,0,0,0,0,0,0,0,0,0
ARCHIVE - Little Owls Nursery - Seacroft Childrens Centre,0,0,0,0,0,0,0,0,0,0,0,0,0,0,0,0,0,0,0,0,0,0,0,0,0,0,0,0,0,0,0,0,0,0,0,0,0,0,0,0,0,0,0,0,0,0,0,0,0,0,0,0,0,0,0,0,0,0,0,0,0,0,0,0
ARCHIVE - One Stop Centre - Garforth Area Office,"32,453","13,372","19,081","6,003","40,989","24,771","16,218","7,586","-70,573","-70,573",0,"-13,071",-25.96,-25.96,0,-4.7776784,0,0,0,0,0,0,0,0,0,0,0,0,0,0,0,0,0,0,0,0,0,0,0,0,0,0,0,0,0,0,0,0,0,0,0,0,0,0,0,0,0,0,0,0,0,0,0,0
ARCHIVE - One Stop Centre - Halton Moor,"183,739","114,177","69,562","33,986","215,402","147,329","68,073","39,859","227,675","172,372","55,302","42,103","123,354","98,793","24,562","22,725","123,271","87,211","36,060","22,783","21,839","21,839",0,"4,028",0,0,0,0,0,0,0,0,0,0,0,0,0,0,0,0,0,0,0,0,0,0,0,0,0,0,0,0,0,0,0,0,0,0,0,0,0,0,0,0
ARCHIVE - One Stop Centre - North Seacroft - Irford House,"279,930","235,565","44,365","51,779","91,153","46,662","44,491","16,871","127,898","76,921","50,977","23,628","126,920","80,738","46,182","23,401","9,963","9,963",0,"1,843",0,0,0,0,0,0,0,0,0,0,0,0,0,0,0,0,0,0,0,0,0,0,0,0,0,0,0,0,0,0,0,0,0,0,0,0,0,0,0,0,0,0,0,0
ARCHIVE - One Stop Centre - Otley,"207,672","119,039","88,633","38,413","159,516","87,152","72,364","29,523","12,568","88,493","-75,926","2,416",0,0,0,0,2.64,2.64,0,0.488328728,0,0,0,0,0,0,0,0,0,0,0,0,0,0,0,0,0,0,0,0,0,0,0,0,0,0,0,0,0,0,0,0,0,0,0,0,0,0,0,0,0,0,0,0
ARCHIVE - Other - 10 Raynel Approach,"1,356",487,869,250.81932,575.88,256,319.88,106.5972948,"1,053",574.67,478.54,194.5051323,"1,657",764.14,892.71,305.7595751,113.07,113.07,0,20.91489745,0,0,0,0,0,0,0,0,0,0,0,0,0,0,0,0,0,0,0,0,0,0,0,0,0,0,0,0,0,0,0,0,0,0,0,0,0,0,0,0,0,0,0,0
ARCHIVE - Other - Burnley Hall,0,0,0,0,0,0,0,0,0,0,0,0,0,0,0,0,0,0,0,0,0,0,0,0,0,0,0,0,0,0,0,0,0,0,0,0,0,0,0,0,0,0,0,0,0,0,0,0,0,0,0,0,0,0,0,0,0,0,0,0,0,0,0,0
ARCHIVE - Other - Cardinal Community Enterprises,0,0,0,0,0,0,0,0,0,0,0,0,0,0,0,0,0,0,0,0,0,0,0,0,0,0,0,0,0,0,0,0,0,0,0,0,0,0,0,0,0,0,0,0,0,0,0,0,0,0,0,0,0,0,0,0,0,0,0,0,0,0,0,0
ARCHIVE - Other - Squirrels Way - AD HOC,"350,521","212,668","137,853","64,836","222,824","168,923","53,901","41,229","344,806","255,807","88,999","63,757","216,038","216,038",0,"39,760",0,0,0,0,0,0,0,0,0,0,0,0,0,0,0,0,0,0,0,0,0,0,0,0,0,0,0,0,0,0,0,0,0,0,0,0,0,0,0,0,0,0,0,0,0,0,0,0
ARCHIVE - Parks and Countryside - Farnley Hall Estate - The Cottage,0,0,0,0,0,0,0,0,0,0,0,0,0,0,0,0,0,0,0,0,0,0,0,0,0,0,0,0,0,0,0,0,0,0,0,0,0,0,0,0,0,0,0,0,0,0,0,0,0,0,0,0,0,0,0,0,0,0,0,0,0,0,0,0
ARCHIVE - Parks and Countryside - Pudsey Park Canteen,0,0,0,0,0,0,0,0,0,0,0,0,0,0,0,0,0,0,0,0,0,0,0,0,0,0,0,0,0,0,0,0,0,0,0,0,0,0,0,0,0,0,0,0,0,0,0,0,0,0,0,0,0,0,0,0,0,0,0,0,0,0,0,0
ARCHIVE - Primary School - Allerton Bywater,"211,230","129,502","81,728","39,071","108,079","42,852","65,227","20,007","138,012","67,863","70,149","25,479","160,620","95,635","64,985","29,621","170,889","80,446","90,443","31,563","176,971","91,054","85,916","32,603","32,110","32,110",0,"5,908",0,0,0,0,0,0,0,0,0,0,0,0,0,0,0,0,0,0,0,0,0,0,0,0,0,0,0,0,0,0,0,0,0,0,0,0
ARCHIVE - Primary School - Bramhope,"438,622","241,991","196,631","81,132","348,394","172,638","175,756","64,485","403,809","246,685","157,124","74,606","354,653","201,137","153,516","65,413","338,489","175,945","162,544","62,526","296,196","159,962","136,234","54,572","314,178","184,348","129,829","57,829","278,751","148,824","129,927","51,309","301,953","181,927","120,026","55,493","155,647","155,647",0,"28,563",0,0,0,0,0,0,0,0,0,0,0,0,0,0,0,0,0,0,0,0,0,0,0,0
ARCHIVE - Primary School - Brownhill,"357,629","199,516","158,113","66,151","302,388","165,197","137,191","55,966","273,058","176,329","96,729","50,460",0,0,0,0,0,0,0,0,0,0,0,0,0,0,0,0,0,0,0,0,0,0,0,0,0,0,0,0,0,0,0,0,0,0,0,0,0,0,0,0,0,0,0,0,0,0,0,0,0,0,0,0
ARCHIVE - Primary School - Calverley Parkside,"31,072",0,"31,072","5,747","126,244","57,666","68,578","23,368","135,780","58,804","76,976","25,058","170,170","109,790","60,380","31,374","141,786","69,637","72,149","26,189","142,581","79,462","63,120","26,270","140,685","85,154","55,531","25,895","111,779","43,482","68,297","20,572","48,221","48,221",0,"8,871",0,0,0,0,0,0,0,0,0,0,0,0,0,0,0,0,0,0,0,0,0,0,0,0,0,0,0,0
ARCHIVE - Primary School - Christ The King Roman Catholic,"79,569",0,"79,569","14,718","163,991","77,730","86,261","30,354","197,743","104,486","93,257","36,515","167,282","95,035","72,246","30,854","166,478","86,162","80,316","30,752","162,622","82,889","79,733","29,959","210,120","118,788","91,332","38,677","28,705","28,705",0,"5,286",0,0,0,0,0,0,0,0,0,0,0,0,0,0,0,0,0,0,0,0,0,0,0,0,0,0,0,0,0,0,0,0
ARCHIVE - Primary School - Clifford,"121,820","80,748","41,072","22,533","-65,173","-47,946","-17,227","-12,059",0,0,0,0,0,0,0,0,0,0,0,0,0,0,0,0,0,0,0,0,0,0,0,0,0,0,0,0,0,0,0,0,0,0,0,0,0,0,0,0,0,0,0,0,0,0,0,0,0,0,0,0,0,0,0,0
ARCHIVE - Primary School - Cottingley,"397,245","235,458","161,787","73,478","386,400","203,437","182,963","71,516","246,571","246,571",0,"45,667",0,0,0,0,0,0,0,0,0,0,0,0,0,0,0,0,0,0,0,0,0,0,0,0,0,0,0,0,0,0,0,0,0,0,0,0,0,0,0,0,0,0,0,0,0,0,0,0,0,0,0,0
ARCHIVE - Primary School - Cross Flatts Park,"247,825","145,172","102,653","45,840","208,025","106,117","101,908","38,503","65,915","65,915",0,"12,208",0,0,0,0,0,0,0,0,0,0,0,0,0,0,0,0,0,0,0,0,0,0,0,0,0,0,0,0,0,0,0,0,0,0,0,0,0,0,0,0,0,0,0,0,0,0,0,0,0,0,0,0
ARCHIVE - Primary School - Drighlington - Whitehall Road,0,0,0,0,0,0,0,0,0,0,0,0,0,0,0,0,0,0,0,0,0,0,0,0,0,0,0,0,0,0,0,0,0,0,0,0,0,0,0,0,0,0,0,0,0,0,0,0,0,0,0,0,0,0,0,0,0,0,0,0,0,0,0,0
ARCHIVE - Primary School - East Garforth,"142,405","84,882","57,523","26,341","180,805","121,665","59,140","33,458","250,214","161,214","89,000","46,238","95,317","95,317",0,"17,542",0,0,0,0,0,0,0,0,0,0,0,0,0,0,0,0,0,0,0,0,0,0,0,0,0,0,0,0,0,0,0,0,0,0,0,0,0,0,0,0,0,0,0,0,0,0,0,0
ARCHIVE - Primary School - Ebor Gardens,"241,196","133,183","108,013","44,614","250,041","103,679","146,362","46,285","407,564","231,374","176,190","75,279","370,717","235,545","135,172","68,353","292,839","177,653","115,185","54,107","301,808","178,719","123,089","55,613",0,0,0,0,0,0,0,0,0,0,0,0,0,0,0,0,0,0,0,0,0,0,0,0,0,0,0,0,0,0,0,0,0,0,0,0,0,0,0,0
ARCHIVE - Primary School - Fir Tree,"402,728","244,679","158,049","74,493","85,284","103,277","-17,993","15,771","237,952","-7,752","245,704","43,784",0,0,0,0,"13,378","13,378",0,"2,475",0,0,0,0,0,0,0,0,0,0,0,0,0,0,0,0,0,0,0,0,0,0,0,0,0,0,0,0,0,0,0,0,0,0,0,0,0,0,0,0,0,0,0,0
ARCHIVE - Primary School - Fountain,"-2,373","1,311","-3,684",-438.93381,-899.81,"-1,060",160.19,-166.3994101,-288.3,-288.3,0,-53.396043,0,0,0,0,0,0,0,0,0,0,0,0,0,0,0,0,0,0,0,0,0,0,0,0,0,0,0,0,0,0,0,0,0,0,0,0,0,0,0,0,0,0,0,0,0,0,0,0,0,0,0,0
ARCHIVE - Primary School - Garforth Green Lane,0,0,0,0,0,0,0,0,0,0,0,0,0,0,0,0,0,0,0,0,0,0,0,0,0,0,0,0,0,0,0,0,0,0,0,0,0,0,0,0,0,0,0,0,0,0,0,0,0,0,0,0,0,0,0,0,0,0,0,0,0,0,0,0
ARCHIVE - Primary School - Great Preston Church of England Infants,0,0,0,0,0,0,0,0,0,0,0,0,0,0,0,0,0,0,0,0,0,0,0,0,0,0,0,0,0,0,0,0,0,0,0,0,0,0,0,0,0,0,0,0,0,0,0,0,0,0,0,0,0,0,0,0,0,0,0,0,0,0,0,0
ARCHIVE - Primary School - Headingley,0,0,0,0,0,0,0,0,0,0,0,0,0,0,0,0,0,0,0,0,0,0,0,0,0,0,0,0,0,0,0,0,0,0,0,0,0,0,0,0,0,0,0,0,0,0,0,0,0,0,0,0,0,0,0,0,0,0,0,0,0,0,0,0
ARCHIVE - Primary School - Hillcrest,"608,677","357,611","251,066","112,587","469,311","309,212","160,099","86,847","616,736","345,017","271,719","113,908","476,785","269,934","206,851","87,941","59,378","59,378",0,"10,983",0,0,0,0,0,0,0,0,0,0,0,0,0,0,0,0,0,0,0,0,0,0,0,0,0,0,0,0,0,0,0,0,0,0,0,0,0,0,0,0,0,0,0,0
ARCHIVE - Primary School - Holy Name Roman Catholic,"199,933","125,603","74,330","36,982","149,729","70,262","79,467","27,715","186,928","91,082","95,846","34,509","167,330","88,379","78,951","30,869","145,968","63,288","82,680","26,957","17,520","17,520",0,"3,231",0,0,0,0,0,0,0,0,0,0,0,0,0,0,0,0,0,0,0,0,0,0,0,0,0,0,0,0,0,0,0,0,0,0,0,0,0,0,0,0
ARCHIVE - Primary School - Hunslet St Marys Church of England,"252,281","162,716","89,565","46,664","209,482","120,195","89,287","38,769","243,837","147,577","96,260","45,048","229,527","136,152","93,374","42,329","192,469","141,252","51,217","35,575","139,624","75,937","63,687","25,725","223,358","130,190","93,168","41,113","190,154","80,429","109,725","34,997","242,501","143,267","99,234","44,566","215,539","124,231","91,308","39,586","49,526","49,526",0,"9,106",0,0,0,0,0,0,0,0,0,0,0,0,0,0,0,0,0,0,0,0
ARCHIVE - Primary School - Kippax Ash Tree Infants,0,0,0,0,0,0,0,0,0,0,0,0,0,0,0,0,0,0,0,0,0,0,0,0,0,0,0,0,0,0,0,0,0,0,0,0,0,0,0,0,0,0,0,0,0,0,0,0,0,0,0,0,0,0,0,0,0,0,0,0,0,0,0,0
ARCHIVE - Primary School - Kippax Greenfield,"131,421","42,458","88,963","24,309","127,006","64,329","62,677","23,507","140,768","72,986","67,782","25,992","150,328","90,875","59,453","27,722","134,805","64,977","69,828","24,899","128,715","65,911","62,805","23,713","26,746","26,746",0,"4,921",0,0,0,0,0,0,0,0,0,0,0,0,0,0,0,0,0,0,0,0,0,0,0,0,0,0,0,0,0,0,0,0,0,0,0,0
ARCHIVE - Primary School - Manston St James Church of England,"75,953","39,466","36,487","14,049","51,629","26,401","25,228","9,556","32,709","32,709",0,"6,058",0,0,0,0,0,0,0,0,0,0,0,0,0,0,0,0,0,0,0,0,0,0,0,0,0,0,0,0,0,0,0,0,0,0,0,0,0,0,0,0,0,0,0,0,0,0,0,0,0,0,0,0
ARCHIVE - Primary School - Methley,-1,"1,510","-1,511",-0.18497,-10.92,-7,-3.92,-2.0208132,0,0,0,0,0,0,0,0,0,0,0,0,0,0,0,0,0,0,0,0,0,0,0,0,0,0,0,0,0,0,0,0,0,0,0,0,0,0,0,0,0,0,0,0,0,0,0,0,0,0,0,0,0,0,0,0
ARCHIVE - Primary School - Morley Newlands,"203,923","131,252","72,671","37,720","179,590","105,801","73,789","33,237","195,386","113,095","82,291","36,091","211,571","120,860","90,711","39,022","213,051","137,326","75,725","39,369",0,0,0,0,0,0,0,0,0,0,0,0,0,0,0,0,0,0,0,0,0,0,0,0,0,0,0,0,0,0,0,0,0,0,0,0,0,0,0,0,0,0,0,0
ARCHIVE - Primary School - Pudsey St Josephs Catholic,"212,661","109,319","103,342","39,336","125,024","53,478","71,546","23,143","113,333","74,688","38,645","20,945",0,0,0,0,0,0,0,0,0,0,0,0,0,0,0,0,0,0,0,0,0,0,0,0,0,0,0,0,0,0,0,0,0,0,0,0,0,0,0,0,0,0,0,0,0,0,0,0,0,0,0,0
ARCHIVE - Primary School - Richmond Hill,"441,675","277,054","164,621","81,697","365,543","241,807","123,736","67,644","232,672","184,658","48,013","43,037","138,100","90,045","48,055","25,461","215,119","130,769","84,350","39,747","173,738","107,098","66,640","32,016","238,127","150,696","87,431","43,829","259,929","195,025","64,904","47,856",0,0,0,0,0,0,0,0,0,0,0,0,0,0,0,0,0,0,0,0,0,0,0,0,0,0,0,0,0,0,0,0
ARCHIVE - Primary School - Rothwell Church of England,"201,148","123,217","77,931","37,206","118,751","60,976","57,775","21,979","140,056","66,837","73,218","25,854","144,945","67,789","77,156","26,748","14,835","14,835",0,"2,744",0,0,0,0,0,0,0,0,0,0,0,0,0,0,0,0,0,0,0,0,0,0,0,0,0,0,0,0,0,0,0,0,0,0,0,0,0,0,0,0,0,0,0,0
ARCHIVE - Primary School - Royal Park,0,0,0,0,"5,487","5,487",0,"1,015",0,0,0,0,0,0,0,0,0,0,0,0,0,0,0,0,0,0,0,0,0,0,0,0,0,0,0,0,0,0,0,0,0,0,0,0,0,0,0,0,0,0,0,0,0,0,0,0,0,0,0,0,0,0,0,0
ARCHIVE - Primary School - Ryecroft,"405,901","245,758","160,143","75,080","310,017","175,818","134,199","57,376","429,416","263,639","165,777","79,338","499,602","284,984","214,618","92,147","54,275","54,275",0,"10,039",0,0,0,0,0,0,0,0,0,0,0,0,0,0,0,0,0,0,0,0,0,0,0,0,0,0,0,0,0,0,0,0,0,0,0,0,0,0,0,0,0,0,0,0
ARCHIVE - Primary School - Shakespeare,0,0,0,0,0,0,0,0,0,0,0,0,0,0,0,0,0,0,0,0,0,0,0,0,0,0,0,0,0,0,0,0,0,0,0,0,0,0,0,0,0,0,0,0,0,0,0,0,0,0,0,0,0,0,0,0,0,0,0,0,0,0,0,0
ARCHIVE - Primary School - St Benedicts Roman Catholic,"131,827","68,161","63,666","24,384","84,427","36,411","48,016","15,628","38,815","38,815",0,"7,189",0,0,0,0,0,0,0,0,0,0,0,0,0,0,0,0,0,0,0,0,0,0,0,0,0,0,0,0,0,0,0,0,0,0,0,0,0,0,0,0,0,0,0,0,0,0,0,0,0,0,0,0
ARCHIVE - Primary School - St Chads Church of England,"193,637","113,971","79,666","35,817","141,100","72,275","68,825","26,116","189,446","110,000","79,446","34,994","189,074","112,117","76,957","34,869","68,051","68,051",0,"12,588",0,0,0,0,0,0,0,0,0,0,0,0,0,0,0,0,0,0,0,0,0,0,0,0,0,0,0,0,0,0,0,0,0,0,0,0,0,0,0,0,0,0,0,0
ARCHIVE - Primary School - St Gregorys Roman Catholic,0,0,0,0,0,0,0,0,0,0,0,0,0,0,0,0,0,0,0,0,0,0,0,0,0,0,0,0,0,0,0,0,0,0,0,0,0,0,0,0,0,0,0,0,0,0,0,0,0,0,0,0,0,0,0,0,0,0,0,0,0,0,0,0
ARCHIVE - Primary School - St Josephs Catholic - Otley ,"154,604","101,230","53,374","28,597","145,953","88,185","57,768","27,011","130,996","89,821","41,175","24,214",0,0,0,0,0,0,0,0,0,0,0,0,0,0,0,0,0,0,0,0,0,0,0,0,0,0,0,0,0,0,0,0,0,0,0,0,0,0,0,0,0,0,0,0,0,0,0,0,0,0,0,0
ARCHIVE - Primary School - St Marys Catholic - Horsforth,"230,620","129,487","101,133","42,658","195,943","112,326","83,617","36,264","212,906","151,878","61,027","39,361",0,0,0,0,0,0,0,0,0,0,0,0,0,0,0,0,0,0,0,0,0,0,0,0,0,0,0,0,0,0,0,0,0,0,0,0,0,0,0,0,0,0,0,0,0,0,0,0,0,0,0,0
ARCHIVE - Primary School - St Peter and St Paul Roman Catholic,"243,814","159,678","84,136","45,098","231,956","113,919","118,037","42,933","166,155","104,462","61,693","30,701",0,0,0,0,0,0,0,0,0,0,0,0,0,0,0,0,0,0,0,0,0,0,0,0,0,0,0,0,0,0,0,0,0,0,0,0,0,0,0,0,0,0,0,0,0,0,0,0,0,0,0,0
ARCHIVE - Primary School - Swillington,"344,729","218,419","126,310","63,765","271,201","156,528","114,673","50,192","148,433","131,617","16,816","27,472","72,215","39,174","33,042","13,321","80,614","47,481","33,133","14,894","52,802","30,865","21,937","9,729","14,285","14,285",0,"2,628",0,0,0,0,0,0,0,0,0,0,0,0,0,0,0,0,0,0,0,0,0,0,0,0,0,0,0,0,0,0,0,0,0,0,0,0
ARCHIVE - Primary School - Victoria,"367,638","230,078","137,560","68,002","279,016","172,027","106,989","51,635","286,472","163,388","123,083","52,913","320,740","210,466","110,275","59,132","298,809","166,143","132,666","55,202","97,875","97,875",0,"18,053",0,0,0,0,0,0,0,0,0,0,0,0,0,0,0,0,0,0,0,0,0,0,0,0,0,0,0,0,0,0,0,0,0,0,0,0,0,0,0,0
ARCHIVE - Primary School - Westerton,"421,741","256,637","165,104","78,009","386,738","210,134","176,604","71,577","473,001","271,534","201,467","87,369","448,439","271,311","177,128","82,696","380,614","191,988","188,627","70,305","326,869","197,223","129,646","60,232",0,0,0,0,0,0,0,0,0,0,0,0,0,0,0,0,0,0,0,0,0,0,0,0,0,0,0,0,0,0,0,0,0,0,0,0,0,0,0,0
ARCHIVE - Primary School - Woodlands,"370,158","232,430","137,728","68,468","279,735","174,188","105,547","51,768","305,897","207,218","98,679","56,540",0,0,0,0,0,0,0,0,0,0,0,0,0,0,0,0,0,0,0,0,0,0,0,0,0,0,0,0,0,0,0,0,0,0,0,0,0,0,0,0,0,0,0,0,0,0,0,0,0,0,0,0
ARCHIVE - Pupil Referral Unit - Hunslet Gate Centre,"181,557","94,599","86,958","33,583","175,888","108,392","67,496","32,550",0,0,0,0,0,0,0,0,0,0,0,0,0,0,0,0,0,0,0,0,0,0,0,0,0,0,0,0,0,0,0,0,0,0,0,0,0,0,0,0,0,0,0,0,0,0,0,0,0,0,0,0,0,0,0,0
ARCHIVE - Pupil Referral Unit - Tinshill,"816,654","434,075","382,579","151,056","589,185","333,709","255,476","109,043","704,049","431,331","272,718","130,078","590,576","345,347","245,229","108,918","532,444","272,838","259,606","98,352","610,527","295,853","314,674","112,469","144,201","144,201",0,"26,533",0,0,0,0,0,0,0,0,0,0,0,0,0,0,0,0,0,0,0,0,0,0,0,0,0,0,0,0,0,0,0,0,0,0,0,0
ARCHIVE - Schools - Academy PFI Secondary - Carr Manor Community School,0,0,0,0,0,0,0,0,0,0,0,0,0,0,0,0,0,0,0,0,0,0,0,0,0,0,0,0,0,0,0,0,0,0,0,0,0,0,0,0,0,0,0,0,0,0,0,0,0,0,0,0,0,0,0,0,0,0,0,0,0,0,0,0
ARCHIVE - Schools - PFI High School - John Smeaton Community,0,0,0,0,0,0,0,0,0,0,0,0,0,0,0,0,0,0,0,0,0,0,0,0,0,0,0,0,0,0,0,0,0,0,0,0,0,0,0,0,0,0,0,0,0,0,0,0,0,0,0,0,0,0,0,0,0,0,0,0,0,0,0,0
ARCHIVE - Schools - PFI Primary School - Shakespeare Primary and Nursery,0,0,0,0,0,0,0,0,0,0,0,0,0,0,0,0,0,0,0,0,0,0,0,0,0,0,0,0,0,0,0,0,0,0,0,0,0,0,0,0,0,0,0,0,0,0,0,0,0,0,0,0,0,0,0,0,0,0,0,0,0,0,0,0
ARCHIVE - Schools - PFI Secondary - Cardinal Heenan Catholic,0,0,0,0,0,0,0,0,0,0,0,0,0,0,0,0,0,0,0,0,0,0,0,0,0,0,0,0,0,0,0,0,0,0,0,0,0,0,0,0,0,0,0,0,0,0,0,0,0,0,0,0,0,0,0,0,0,0,0,0,0,0,0,0
ARCHIVE - Schools - PFI Secondary - Ralph Thoresby,0,0,0,0,0,0,0,0,0,0,0,0,0,0,0,0,0,0,0,0,0,0,0,0,0,0,0,0,0,0,0,0,0,0,0,0,0,0,0,0,0,0,0,0,0,0,0,0,0,0,0,0,0,0,0,0,0,0,0,0,0,0,0,0
ARCHIVE - Schools - PFI Secondary - South Leeds Academy,0,0,0,0,0,0,0,0,0,0,0,0,0,0,0,0,0,0,0,0,0,0,0,0,0,0,0,0,0,0,0,0,0,0,0,0,0,0,0,0,0,0,0,0,0,0,0,0,0,0,0,0,0,0,0,0,0,0,0,0,0,0,0,0
ARCHIVE - Secondary School - Allerton Grange High,0,0,0,0,0,0,0,0,0,0,0,0,0,0,0,0,0,0,0,0,0,0,0,0,0,0,0,0,0,0,0,0,0,0,0,0,0,0,0,0,0,0,0,0,0,0,0,0,0,0,0,0,0,0,0,0,0,0,0,0,0,0,0,0
ARCHIVE - Secondary School - Allerton High,0,0,0,0,0,0,0,0,0,0,0,0,0,0,0,0,0,0,0,0,0,0,0,0,0,0,0,0,0,0,0,0,0,0,0,0,0,0,0,0,0,0,0,0,0,0,0,0,0,0,0,0,0,0,0,0,0,0,0,0,0,0,0,0
ARCHIVE - Secondary School - Brigshaw High and Language College,"1,506,037","902,795","603,242","278,572","1,177,777","663,755","514,022","217,977","1,528,855","905,118","623,737","282,429","1,267,388","736,303","531,085","233,746","1,181,528","625,334","556,194","218,260","1,208,801","660,988","547,814","222,715","260,645","260,645",0,"47,958",0,0,0,0,0,0,0,0,0,0,0,0,0,0,0,0,0,0,0,0,0,0,0,0,0,0,0,0,0,0,0,0,0,0,0,0
ARCHIVE - Secondary School - Bruntcliffe High,"2,545,734","1,735,844","809,890","470,884","1,568,853","803,895","764,958","290,374","1,912,149","1,140,688","771,461","353,246","1,569,762","931,476","638,286","289,495","1,452,835","721,930","730,905","268,353","670,252","670,252",0,"123,628",0,0,0,0,0,0,0,0,0,0,0,0,0,0,0,0,0,0,0,0,0,0,0,0,0,0,0,0,0,0,0,0,0,0,0,0,0,0,0,0
ARCHIVE - Secondary School - City of Leeds High,"1,491,700","661,831","829,869","275,920","723,997","179,146","544,851","134,048","1,247,968","660,617","587,351","230,449","1,280,618","820,970","459,648","236,114","132,966","132,966",0,"24,595",0,0,0,0,0,0,0,0,0,0,0,0,0,0,0,0,0,0,0,0,0,0,0,0,0,0,0,0,0,0,0,0,0,0,0,0,0,0,0,0,0,0,0,0
ARCHIVE - Secondary School - Cockburn High and South Leeds City Learning Centre,"5,281",0,"5,281",976.82657,"463,479","34,422","429,057","85,833","1,260,788","664,881","595,906","232,813","1,052,318","604,249","448,069","194,087","992,570","494,676","497,894","183,338","983,078","522,055","461,023","181,120","69,521","69,521",0,"12,792",0,0,0,0,0,0,0,0,0,0,0,0,0,0,0,0,0,0,0,0,0,0,0,0,0,0,0,0,0,0,0,0,0,0,0,0
ARCHIVE - Secondary School - Crawshaw High,"672,427","446,089","226,338","124,379","809,703","506,995","302,708","149,843","163,253","163,253",0,"30,236",0,0,0,0,0,0,0,0,0,0,0,0,0,0,0,0,0,0,0,0,0,0,0,0,0,0,0,0,0,0,0,0,0,0,0,0,0,0,0,0,0,0,0,0,0,0,0,0,0,0,0,0
ARCHIVE - Secondary School - ENGAGE - 215 Belle Isle Road,"16,654","10,140","6,514","3,080","19,314","13,449","5,865","3,574","11,111","9,564","1,547","2,056","2,538","2,538",0,467.1266472,0,0,0,0,0,0,0,0,0,0,0,0,0,0,0,0,0,0,0,0,0,0,0,0,0,0,0,0,0,0,0,0,0,0,0,0,0,0,0,0,0,0,0,0,0,0,0,0
ARCHIVE - Secondary School - Farnley,0,0,0,0,"647,280",0,"647,280","119,883",0,0,0,0,0,0,0,0,0,0,0,0,0,0,0,0,0,0,0,0,0,0,0,0,0,0,0,0,0,0,0,0,0,0,0,0,0,0,0,0,0,0,0,0,0,0,0,0,0,0,0,0,0,0,0,0
ARCHIVE - Secondary School - Garforth Community College,0,0,0,0,0,0,0,0,0,0,0,0,0,0,0,0,0,0,0,0,0,0,0,0,0,0,0,0,0,0,0,0,0,0,0,0,0,0,0,0,0,0,0,0,0,0,0,0,0,0,0,0,0,0,0,0,0,0,0,0,0,0,0,0
ARCHIVE - Secondary School - Garforth Community College - Fusion Court,0,0,0,0,0,0,0,0,0,0,0,0,0,0,0,0,0,0,0,0,0,0,0,0,0,0,0,0,0,0,0,0,0,0,0,0,0,0,0,0,0,0,0,0,0,0,0,0,0,0,0,0,0,0,0,0,0,0,0,0,0,0,0,0
ARCHIVE - Secondary School - Garforth Community College - Habits Hair Salon,0,0,0,0,0,0,0,0,0,0,0,0,0,0,0,0,0,0,0,0,0,0,0,0,0,0,0,0,0,0,0,0,0,0,0,0,0,0,0,0,0,0,0,0,0,0,0,0,0,0,0,0,0,0,0,0,0,0,0,0,0,0,0,0
ARCHIVE - Secondary School - Horsforth Specialist Science College,"1,295,059","747,643","547,416","239,547","1,040,133","545,461","494,672","192,512",0,0,0,0,0,0,0,0,0,0,0,0,0,0,0,0,0,0,0,0,0,0,0,0,0,0,0,0,0,0,0,0,0,0,0,0,0,0,0,0,0,0,0,0,0,0,0,0,0,0,0,0,0,0,0,0
ARCHIVE - Secondary School - Leeds West Academy,0,0,0,0,0,0,0,0,0,0,0,0,0,0,0,0,0,0,0,0,0,0,0,0,0,0,0,0,0,0,0,0,0,0,0,0,0,0,0,0,0,0,0,0,0,0,0,0,0,0,0,0,0,0,0,0,0,0,0,0,0,0,0,0
ARCHIVE - Secondary School - Morley High,0,0,0,0,0,0,0,0,0,0,0,0,0,0,0,0,0,0,0,0,0,0,0,0,0,0,0,0,0,0,0,0,0,0,0,0,0,0,0,0,0,0,0,0,0,0,0,0,0,0,0,0,0,0,0,0,0,0,0,0,0,0,0,0
ARCHIVE - Secondary School - Parklands Girls High,0,0,0,0,0,0,0,0,0,0,0,0,0,0,0,0,0,0,0,0,0,0,0,0,0,0,0,0,0,0,0,0,0,0,0,0,0,0,0,0,0,0,0,0,0,0,0,0,0,0,0,0,0,0,0,0,0,0,0,0,0,0,0,0
ARCHIVE - Secondary School - Prince Henrys Specialist Language College,"14,025","10,510","3,515","2,594","349,018","16,100","332,918","64,638",0,0,0,0,0,0,0,0,0,0,0,0,0,0,0,0,0,0,0,0,0,0,0,0,0,0,0,0,0,0,0,0,0,0,0,0,0,0,0,0,0,0,0,0,0,0,0,0,0,0,0,0,0,0,0,0
ARCHIVE - Secondary School - South Leeds Performing Arts College - Rodillian,0,0,0,0,0,0,0,0,0,0,0,0,0,0,0,0,0,0,0,0,0,0,0,0,0,0,0,0,0,0,0,0,0,0,0,0,0,0,0,0,0,0,0,0,0,0,0,0,0,0,0,0,0,0,0,0,0,0,0,0,0,0,0,0
ARCHIVE - Secondary School - St Marys Roman Catholic Comprehensive,"1,495,822","958,982","536,840","276,682","1,011,882","578,859","433,023","187,272","971,028","648,256","322,773","179,467",0,0,0,0,0,0,0,0,0,0,0,0,0,0,0,0,0,0,0,0,0,0,0,0,0,0,0,0,0,0,0,0,0,0,0,0,0,0,0,0,0,0,0,0,0,0,0,0,0,0,0,0
ARCHIVE - Secondary School - Swallow Hill Community College,"1,595,924","854,485","741,439","295,198","172,487","268,638","-96,151","31,882","-18,798","-18,798",0,"-3,482",0,0,0,0,0,0,0,0,0,0,0,0,0,0,0,0,0,0,0,0,0,0,0,0,0,0,0,0,0,0,0,0,0,0,0,0,0,0,0,0,0,0,0,0,0,0,0,0,0,0,0,0
ARCHIVE - Secondary School - West Leeds High,0,0,0,0,0,0,0,0,0,0,0,0,0,0,0,0,0,0,0,0,0,0,0,0,0,0,0,0,0,0,0,0,0,0,0,0,0,0,0,0,0,0,0,0,0,0,0,0,0,0,0,0,0,0,0,0,0,0,0,0,0,0,0,0
ARCHIVE - Secondary School - Woodkirk High,"14,293","9,402","4,891","2,644","391,665","10,821","380,844","72,538",0,0,0,0,0,0,0,0,0,0,0,0,0,0,0,0,0,0,0,0,0,0,0,0,0,0,0,0,0,0,0,0,0,0,0,0,0,0,0,0,0,0,0,0,0,0,0,0,0,0,0,0,0,0,0,0
ARCHIVE - Secure Unit - Bracken Close - 1 Tile Lane,"32,659","15,248","17,411","6,041","25,766","12,395","13,371","4,769","36,391","23,534","12,857","6,725","5,008","5,008",0,921.6115868,0,0,0,0,0,0,0,0,0,0,0,0,0,0,0,0,0,0,0,0,0,0,0,0,0,0,0,0,0,0,0,0,0,0,0,0,0,0,0,0,0,0,0,0,0,0,0,0
ARCHIVE - Secure Unit - Eastmoor,0,0,0,0,"408,156",0,"408,156","75,595","1,252,943","792,944","459,999","231,519","1,107,089","742,382","364,706","204,089","748,828","635,284","113,543","138,454",0,0,0,0,0,0,0,0,0,0,0,0,0,0,0,0,0,0,0,0,0,0,0,0,0,0,0,0,0,0,0,0,0,0,0,0,0,0,0,0,0,0,0,0
ARCHIVE - Sheltered Housing - 22 Endecliff Mews,0,0,0,0,0,0,0,0,0,0,0,0,0,0,0,0,0,0,0,0,0,0,0,0,0,0,0,0,0,0,0,0,0,0,0,0,0,0,0,0,0,0,0,0,0,0,0,0,0,0,0,0,0,0,0,0,0,0,0,0,0,0,0,0
ARCHIVE - Sheltered Housing - Brander Road,"-7,603","-11,464","3,861","-1,406","-3,056","2,374","-5,430",-566.5622595,"10,091","5,090","5,001","1,863","5,162","5,162",0,950.051288,0,0,0,0,0,0,0,0,0,0,0,0,0,0,0,0,0,0,0,0,0,0,0,0,0,0,0,0,0,0,0,0,0,0,0,0,0,0,0,0,0,0,0,0,0,0,0,0
ARCHIVE - Sheltered Housing - Brooke House,"49,458","30,048","19,410","9,148","-59,609","-79,257","19,648","-11,021","5,586","5,193",393.37,"1,034",-257.43,-257.43,0,-47.3774172,"-27,150","-27,150",0,"-5,022",0,0,0,0,0,0,0,0,0,0,0,0,0,0,0,0,0,0,0,0,0,0,0,0,0,0,0,0,0,0,0,0,0,0,0,0,0,0,0,0,0,0,0,0
ARCHIVE - Sheltered Housing - Cloverfield House,"64,796","44,136","20,660","11,985","64,735","39,664","25,071","11,980","58,437","32,622","25,815","10,793",-83.71,"35,147","-35,231",-48.2763092,"-6,389","-5,522",-867.6,"-1,181",-0.34,-0.34,0,-0.062713,0,0,0,0,0,0,0,0,0,0,0,0,0,0,0,0,0,0,0,0,0,0,0,0,0,0,0,0,0,0,0,0,0,0,0,0,0,0,0,0
ARCHIVE - Sheltered Housing - Cockcroft House,"-49,335","-49,335",0,"-9,125",0,0,0,0,0,0,0,0,0,0,0,0,0,0,0,0,"-2,635","-2,635",0,-485.966726,0,0,0,0,0,0,0,0,0,0,0,0,0,0,0,0,0,0,0,0,0,0,0,0,0,0,0,0,0,0,0,0,0,0,0,0,0,0,0,0
ARCHIVE - Sheltered Housing - Eastleigh,0,0,0,0,0,0,0,0,0,0,0,0,0,0,0,0,0,0,0,0,0,0,0,0,0,0,0,0,0,0,0,0,0,0,0,0,0,0,0,0,0,0,0,0,0,0,0,0,0,0,0,0,0,0,0,0,0,0,0,0,0,0,0,0
ARCHIVE - Sheltered Housing - Haworth Court,"137,395","92,776","44,619","25,414","140,732","105,829","34,903","26,039","140,819","102,928","37,891","26,037","132,847","100,230","32,616","24,480","31,240","31,240",0,"5,779",0,0,0,0,0,0,0,0,0,0,0,0,0,0,0,0,0,0,0,0,0,0,0,0,0,0,0,0,0,0,0,0,0,0,0,0,0,0,0,0,0,0,0,0
ARCHIVE - Sheltered Housing - Holborn Court,"16,741","12,397","4,344","3,097","11,852","5,998","5,854","2,194","4,068",973.51,"3,095",749.8247691,"7,348","4,312","3,037","1,355","-4,880","-4,880",0,-902.6756536,0,0,0,0,0,0,0,0,0,0,0,0,0,0,0,0,0,0,0,0,0,0,0,0,0,0,0,0,0,0,0,0,0,0,0,0,0,0,0,0,0,0,0,0
ARCHIVE - Sheltered Housing - Holmsley House,0,0,0,0,0,0,0,0,0,0,0,0,0,0,0,0,0,0,0,0,0,0,0,0,0,0,0,0,0,0,0,0,0,0,0,0,0,0,0,0,0,0,0,0,0,0,0,0,0,0,0,0,0,0,0,0,0,0,0,0,0,0,0,0
ARCHIVE - Sheltered Housing - Rosemont,"357,790","241,699","116,091","66,180","345,044","229,244","115,800","63,851","392,350","260,328","132,022","72,513","328,475","222,979","105,496","60,551","350,110","231,487","118,623","64,699","239,748","239,748",0,"44,222",0,0,0,0,0,0,0,0,0,0,0,0,0,0,0,0,0,0,0,0,0,0,0,0,0,0,0,0,0,0,0,0,0,0,0,0,0,0,0,0
ARCHIVE - Town Hall - Yeadon,"359,204","156,732","202,472","66,442","297,724","156,887","140,837","55,104","370,592","197,212","173,380","68,435","314,368","190,692","123,677","57,972","292,476","139,935","152,541","54,020","282,169","133,758","148,412","51,979","326,625","176,955","149,671","60,123","294,292","99,426","194,865","54,158","309,921","166,027","143,894","56,948","23,741","23,741",0,"4,357",0,0,0,0,0,0,0,0,0,0,0,0,0,0,0,0,0,0,0,0,0,0,0,0
ARCHIVE - Venue - Leeds Arena,0,0,0,0,0,0,0,0,966.97,966.97,0,179.0925137,"677,409","677,409",0,"124,670",0,0,0,0,0,0,0,0,0,0,0,0,0,0,0,0,0,0,0,0,0,0,0,0,0,0,0,0,0,0,0,0,0,0,0,0,0,0,0,0,0,0,0,0,0,0,0,0
ARCHIVE - Wardens Premises - 1 Ashlea Court,0,0,0,0,0,0,0,0,0,0,0,0,0,0,0,0,0,0,0,0,0,0,0,0,0,0,0,0,0,0,0,0,0,0,0,0,0,0,0,0,0,0,0,0,0,0,0,0,0,0,0,0,0,0,0,0,0,0,0,0,0,0,0,0
ARCHIVE - Wardens Premises - 1 Chaucer Avenue,0,0,0,0,0,0,0,0,0,0,0,0,0,0,0,0,0,0,0,0,0,0,0,0,0,0,0,0,0,0,0,0,0,0,0,0,0,0,0,0,0,0,0,0,0,0,0,0,0,0,0,0,0,0,0,0,0,0,0,0,0,0,0,0
ARCHIVE - Wardens Premises - 1 Dulverton Court,0,0,0,0,0,0,0,0,0,0,0,0,0,0,0,0,0,0,0,0,0,0,0,0,0,0,0,0,0,0,0,0,0,0,0,0,0,0,0,0,0,0,0,0,0,0,0,0,0,0,0,0,0,0,0,0,0,0,0,0,0,0,0,0
ARCHIVE - Wardens Premises - 1 Eltham Court,0,0,0,0,0,0,0,0,0,0,0,0,0,0,0,0,0,0,0,0,0,0,0,0,0,0,0,0,0,0,0,0,0,0,0,0,0,0,0,0,0,0,0,0,0,0,0,0,0,0,0,0,0,0,0,0,0,0,0,0,0,0,0,0
ARCHIVE - Wardens Premises - 1 Middleton Park Crescent,0,0,0,0,0,0,0,0,0,0,0,0,0,0,0,0,0,0,0,0,0,0,0,0,0,0,0,0,0,0,0,0,0,0,0,0,0,0,0,0,0,0,0,0,0,0,0,0,0,0,0,0,0,0,0,0,0,0,0,0,0,0,0,0
ARCHIVE - Wardens Premises - 1 Moor Avenue,0,0,0,0,0,0,0,0,0,0,0,0,0,0,0,0,0,0,0,0,0,0,0,0,0,0,0,0,0,0,0,0,0,0,0,0,0,0,0,0,0,0,0,0,0,0,0,0,0,0,0,0,0,0,0,0,0,0,0,0,0,0,0,0
ARCHIVE - Wardens Premises - 1 Primrose Hill Gardens,0,0,0,0,0,0,0,0,0,0,0,0,0,0,0,0,0,0,0,0,0,0,0,0,0,0,0,0,0,0,0,0,0,0,0,0,0,0,0,0,0,0,0,0,0,0,0,0,0,0,0,0,0,0,0,0,0,0,0,0,0,0,0,0
ARCHIVE - Wardens Premises - 1 Scotts Hill Close,0,0,0,0,0,0,0,0,0,0,0,0,0,0,0,0,0,0,0,0,0,0,0,0,0,0,0,0,0,0,0,0,0,0,0,0,0,0,0,0,0,0,0,0,0,0,0,0,0,0,0,0,0,0,0,0,0,0,0,0,0,0,0,0
ARCHIVE - Wardens Premises - 1 St Augustines Court,0,0,0,0,0,0,0,0,0,0,0,0,0,0,0,0,0,0,0,0,0,0,0,0,0,0,0,0,0,0,0,0,0,0,0,0,0,0,0,0,0,0,0,0,0,0,0,0,0,0,0,0,0,0,0,0,0,0,0,0,0,0,0,0
ARCHIVE - Wardens Premises - 1 St Marys Walk,0,0,0,0,0,0,0,0,0,0,0,0,0,0,0,0,0,0,0,0,0,0,0,0,0,0,0,0,0,0,0,0,0,0,0,0,0,0,0,0,0,0,0,0,0,0,0,0,0,0,0,0,0,0,0,0,0,0,0,0,0,0,0,0
ARCHIVE - Wardens Premises - 1 Stanhope Gardens,0,0,0,0,0,0,0,0,0,0,0,0,0,0,0,0,0,0,0,0,0,0,0,0,0,0,0,0,0,0,0,0,0,0,0,0,0,0,0,0,0,0,0,0,0,0,0,0,0,0,0,0,0,0,0,0,0,0,0,0,0,0,0,0
ARCHIVE - Wardens Premises - 1 Westerton Close,0,0,0,0,0,0,0,0,0,0,0,0,0,0,0,0,0,0,0,0,0,0,0,0,0,0,0,0,0,0,0,0,0,0,0,0,0,0,0,0,0,0,0,0,0,0,0,0,0,0,0,0,0,0,0,0,0,0,0,0,0,0,0,0
ARCHIVE - Wardens Premises - 1 Whingate Court,0,0,0,0,"5,437",0,"5,437","1,007","5,691","5,691",0,"1,054",0,0,0,0,0,0,0,0,0,0,0,0,0,0,0,0,0,0,0,0,0,0,0,0,0,0,0,0,0,0,0,0,0,0,0,0,0,0,0,0,0,0,0,0,0,0,0,0,0,0,0,0
ARCHIVE - Wardens Premises - 11 Ashton Crescent,0,0,0,0,0,0,0,0,0,0,0,0,0,0,0,0,0,0,0,0,0,0,0,0,0,0,0,0,0,0,0,0,0,0,0,0,0,0,0,0,0,0,0,0,0,0,0,0,0,0,0,0,0,0,0,0,0,0,0,0,0,0,0,0
ARCHIVE - Wardens Premises - 11 Holmsley Field Court,0,0,0,0,0,0,0,0,0,0,0,0,0,0,0,0,0,0,0,0,0,0,0,0,0,0,0,0,0,0,0,0,0,0,0,0,0,0,0,0,0,0,0,0,0,0,0,0,0,0,0,0,0,0,0,0,0,0,0,0,0,0,0,0
ARCHIVE - Wardens Premises - 11 St Andrews Court,0,0,0,0,0,0,0,0,0,0,0,0,0,0,0,0,0,0,0,0,0,0,0,0,0,0,0,0,0,0,0,0,0,0,0,0,0,0,0,0,0,0,0,0,0,0,0,0,0,0,0,0,0,0,0,0,0,0,0,0,0,0,0,0
ARCHIVE - Wardens Premises - 12 Home Lea,0,0,0,0,0,0,0,0,0,0,0,0,0,0,0,0,0,0,0,0,0,0,0,0,0,0,0,0,0,0,0,0,0,0,0,0,0,0,0,0,0,0,0,0,0,0,0,0,0,0,0,0,0,0,0,0,0,0,0,0,0,0,0,0
ARCHIVE - Wardens Premises - 12 Nursery Way,0,0,0,0,0,0,0,0,0,0,0,0,0,0,0,0,0,0,0,0,0,0,0,0,0,0,0,0,0,0,0,0,0,0,0,0,0,0,0,0,0,0,0,0,0,0,0,0,0,0,0,0,0,0,0,0,0,0,0,0,0,0,0,0
ARCHIVE - Wardens Premises - 12 Westbourne Gardens,0,0,0,0,0,0,0,0,0,0,0,0,0,0,0,0,0,0,0,0,0,0,0,0,0,0,0,0,0,0,0,0,0,0,0,0,0,0,0,0,0,0,0,0,0,0,0,0,0,0,0,0,0,0,0,0,0,0,0,0,0,0,0,0
ARCHIVE - Wardens Premises - 123 Brander Road,"12,097","6,467","5,630","2,238","11,352","6,492","4,860","2,101","11,883","9,584","2,299","2,198",0,0,0,0,0,0,0,0,0,0,0,0,0,0,0,0,0,0,0,0,0,0,0,0,0,0,0,0,0,0,0,0,0,0,0,0,0,0,0,0,0,0,0,0,0,0,0,0,0,0,0,0
ARCHIVE - Wardens Premises - 13 Longfield Grove,"27,928","16,888","11,040","5,166","-42,268","-42,268",0,"-7,818",0,0,0,0,0,0,0,0,0,0,0,0,0,0,0,0,0,0,0,0,0,0,0,0,0,0,0,0,0,0,0,0,0,0,0,0,0,0,0,0,0,0,0,0,0,0,0,0,0,0,0,0,0,0,0,0
ARCHIVE - Wardens Premises - 135 Claremont Grove,0,0,0,0,0,0,0,0,0,0,0,0,0,0,0,0,0,0,0,0,0,0,0,0,0,0,0,0,0,0,0,0,0,0,0,0,0,0,0,0,0,0,0,0,0,0,0,0,0,0,0,0,0,0,0,0,0,0,0,0,0,0,0,0
ARCHIVE - Wardens Premises - 13A Weston Drive,0,0,0,0,0,0,0,0,0,0,0,0,0,0,0,0,0,0,0,0,0,0,0,0,0,0,0,0,0,0,0,0,0,0,0,0,0,0,0,0,0,0,0,0,0,0,0,0,0,0,0,0,0,0,0,0,0,0,0,0,0,0,0,0
ARCHIVE - Wardens Premises - 14 King George Road,0,0,0,0,0,0,0,0,0,0,0,0,0,0,0,0,0,0,0,0,0,0,0,0,0,0,0,0,0,0,0,0,0,0,0,0,0,0,0,0,0,0,0,0,0,0,0,0,0,0,0,0,0,0,0,0,0,0,0,0,0,0,0,0
ARCHIVE - Wardens Premises - 15 Shakespeare Road,0,0,0,0,0,0,0,0,0,0,0,0,0,0,0,0,0,0,0,0,0,0,0,0,0,0,0,0,0,0,0,0,0,0,0,0,0,0,0,0,0,0,0,0,0,0,0,0,0,0,0,0,0,0,0,0,0,0,0,0,0,0,0,0
ARCHIVE - Wardens Premises - 15A Haigh Road,0,0,0,0,0,0,0,0,0,0,0,0,0,0,0,0,0,0,0,0,0,0,0,0,0,0,0,0,0,0,0,0,0,0,0,0,0,0,0,0,0,0,0,0,0,0,0,0,0,0,0,0,0,0,0,0,0,0,0,0,0,0,0,0
ARCHIVE - Wardens Premises - 16 Gibson Lane,0,0,0,0,0,0,0,0,0,0,0,0,0,0,0,0,0,0,0,0,0,0,0,0,0,0,0,0,0,0,0,0,0,0,0,0,0,0,0,0,0,0,0,0,0,0,0,0,0,0,0,0,0,0,0,0,0,0,0,0,0,0,0,0
ARCHIVE - Wardens Premises - 16 Thornhill Court,"7,330","4,434","2,896","1,356","5,937","3,602","2,335","1,099",-288.53,-288.53,0,-53.4386413,0,0,0,0,0,0,0,0,0,0,0,0,0,0,0,0,0,0,0,0,0,0,0,0,0,0,0,0,0,0,0,0,0,0,0,0,0,0,0,0,0,0,0,0,0,0,0,0,0,0,0,0
ARCHIVE - Wardens Premises - 17 Belle Vue Road,0,0,0,0,0,0,0,0,0,0,0,0,0,0,0,0,0,0,0,0,0,0,0,0,0,0,0,0,0,0,0,0,0,0,0,0,0,0,0,0,0,0,0,0,0,0,0,0,0,0,0,0,0,0,0,0,0,0,0,0,0,0,0,0
ARCHIVE - Wardens Premises - 17 Dawsons Corner,0,0,0,0,0,0,0,0,0,0,0,0,0,0,0,0,0,0,0,0,0,0,0,0,0,0,0,0,0,0,0,0,0,0,0,0,0,0,0,0,0,0,0,0,0,0,0,0,0,0,0,0,0,0,0,0,0,0,0,0,0,0,0,0
ARCHIVE - Wardens Premises - 17 Formans Drive,0,0,0,0,0,0,0,0,0,0,0,0,0,0,0,0,0,0,0,0,0,0,0,0,0,0,0,0,0,0,0,0,0,0,0,0,0,0,0,0,0,0,0,0,0,0,0,0,0,0,0,0,0,0,0,0,0,0,0,0,0,0,0,0
ARCHIVE - Wardens Premises - 17 Woodhall Grove,0,0,0,0,0,0,0,0,0,0,0,0,0,0,0,0,0,0,0,0,0,0,0,0,0,0,0,0,0,0,0,0,0,0,0,0,0,0,0,0,0,0,0,0,0,0,0,0,0,0,0,0,0,0,0,0,0,0,0,0,0,0,0,0
ARCHIVE - Wardens Premises - 18 Ingram Close,0,0,0,0,0,0,0,0,0,0,0,0,0,0,0,0,0,0,0,0,0,0,0,0,0,0,0,0,0,0,0,0,0,0,0,0,0,0,0,0,0,0,0,0,0,0,0,0,0,0,0,0,0,0,0,0,0,0,0,0,0,0,0,0
ARCHIVE - Wardens Premises - 2 Broom Nook,0,0,0,0,0,0,0,0,0,0,0,0,0,0,0,0,0,0,0,0,0,0,0,0,0,0,0,0,0,0,0,0,0,0,0,0,0,0,0,0,0,0,0,0,0,0,0,0,0,0,0,0,0,0,0,0,0,0,0,0,0,0,0,0
ARCHIVE - Wardens Premises - 2 Durrant Close,0,0,0,0,0,0,0,0,0,0,0,0,0,0,0,0,0,0,0,0,0,0,0,0,0,0,0,0,0,0,0,0,0,0,0,0,0,0,0,0,0,0,0,0,0,0,0,0,0,0,0,0,0,0,0,0,0,0,0,0,0,0,0,0
ARCHIVE - Wardens Premises - 2 Marsden Court,0,0,0,0,0,0,0,0,0,0,0,0,0,0,0,0,0,0,0,0,0,0,0,0,0,0,0,0,0,0,0,0,0,0,0,0,0,0,0,0,0,0,0,0,0,0,0,0,0,0,0,0,0,0,0,0,0,0,0,0,0,0,0,0
ARCHIVE - Wardens Premises - 2 Wayland Croft,0,0,0,0,0,0,0,0,0,0,0,0,0,0,0,0,0,0,0,0,0,0,0,0,0,0,0,0,0,0,0,0,0,0,0,0,0,0,0,0,0,0,0,0,0,0,0,0,0,0,0,0,0,0,0,0,0,0,0,0,0,0,0,0
ARCHIVE - Wardens Premises - 2 Woodhouse Hill Avenue,0,0,0,0,0,0,0,0,0,0,0,0,0,0,0,0,0,0,0,0,0,0,0,0,0,0,0,0,0,0,0,0,0,0,0,0,0,0,0,0,0,0,0,0,0,0,0,0,0,0,0,0,0,0,0,0,0,0,0,0,0,0,0,0
ARCHIVE - Wardens Premises - 20 Ireland Crescent,0,0,0,0,0,0,0,0,0,0,0,0,0,0,0,0,0,0,0,0,0,0,0,0,0,0,0,0,0,0,0,0,0,0,0,0,0,0,0,0,0,0,0,0,0,0,0,0,0,0,0,0,0,0,0,0,0,0,0,0,0,0,0,0
ARCHIVE - Wardens Premises - 21 Cross Grasmere Street,0,0,0,0,0,0,0,0,0,0,0,0,0,0,0,0,0,0,0,0,0,0,0,0,0,0,0,0,0,0,0,0,0,0,0,0,0,0,0,0,0,0,0,0,0,0,0,0,0,0,0,0,0,0,0,0,0,0,0,0,0,0,0,0
ARCHIVE - Wardens Premises - 21 Fairfield Avenue,0,0,0,0,0,0,0,0,0,0,0,0,0,0,0,0,0,0,0,0,0,0,0,0,0,0,0,0,0,0,0,0,0,0,0,0,0,0,0,0,0,0,0,0,0,0,0,0,0,0,0,0,0,0,0,0,0,0,0,0,0,0,0,0
ARCHIVE - Wardens Premises - 21 Rycroft Gardens,0,0,0,0,0,0,0,0,0,0,0,0,0,0,0,0,0,0,0,0,0,0,0,0,0,0,0,0,0,0,0,0,0,0,0,0,0,0,0,0,0,0,0,0,0,0,0,0,0,0,0,0,0,0,0,0,0,0,0,0,0,0,0,0
ARCHIVE - Wardens Premises - 21 Wellington Gardens,0,0,0,0,0,0,0,0,0,0,0,0,0,0,0,0,0,0,0,0,0,0,0,0,0,0,0,0,0,0,0,0,0,0,0,0,0,0,0,0,0,0,0,0,0,0,0,0,0,0,0,0,0,0,0,0,0,0,0,0,0,0,0,0
ARCHIVE - Wardens Premises - 23A Greenside,0,0,0,0,0,0,0,0,0,0,0,0,0,0,0,0,0,0,0,0,0,0,0,0,0,0,0,0,0,0,0,0,0,0,0,0,0,0,0,0,0,0,0,0,0,0,0,0,0,0,0,0,0,0,0,0,0,0,0,0,0,0,0,0
ARCHIVE - Wardens Premises - 24 Brigshaw Drive,0,0,0,0,0,0,0,0,0,0,0,0,0,0,0,0,0,0,0,0,0,0,0,0,0,0,0,0,0,0,0,0,0,0,0,0,0,0,0,0,0,0,0,0,0,0,0,0,0,0,0,0,0,0,0,0,0,0,0,0,0,0,0,0
ARCHIVE - Wardens Premises - 24 Windmill Green,0,0,0,0,0,0,0,0,0,0,0,0,0,0,0,0,0,0,0,0,0,0,0,0,0,0,0,0,0,0,0,0,0,0,0,0,0,0,0,0,0,0,0,0,0,0,0,0,0,0,0,0,0,0,0,0,0,0,0,0,0,0,0,0
ARCHIVE - Wardens Premises - 25 Greenside,0,0,0,0,0,0,0,0,0,0,0,0,0,0,0,0,0,0,0,0,0,0,0,0,0,0,0,0,0,0,0,0,0,0,0,0,0,0,0,0,0,0,0,0,0,0,0,0,0,0,0,0,0,0,0,0,0,0,0,0,0,0,0,0
ARCHIVE - Wardens Premises - 25 Holmsley House,"8,827","8,827",0,"1,633","8,993","6,362","2,631","1,664","-8,975","-8,975",0,"-1,662",0,0,0,0,0,0,0,0,0,0,0,0,0,0,0,0,0,0,0,0,0,0,0,0,0,0,0,0,0,0,0,0,0,0,0,0,0,0,0,0,0,0,0,0,0,0,0,0,0,0,0,0
ARCHIVE - Wardens Premises - 25 Whiteley Croft,0,0,0,0,0,0,0,0,0,0,0,0,0,0,0,0,0,0,0,0,0,0,0,0,0,0,0,0,0,0,0,0,0,0,0,0,0,0,0,0,0,0,0,0,0,0,0,0,0,0,0,0,0,0,0,0,0,0,0,0,0,0,0,0
ARCHIVE - Wardens Premises - 26 Wolseley Road,0,0,0,0,0,0,0,0,0,0,0,0,0,0,0,0,0,0,0,0,0,0,0,0,0,0,0,0,0,0,0,0,0,0,0,0,0,0,0,0,0,0,0,0,0,0,0,0,0,0,0,0,0,0,0,0,0,0,0,0,0,0,0,0
ARCHIVE - Wardens Premises - 27 Brookleigh,0,0,0,0,0,0,0,0,0,0,0,0,0,0,0,0,0,0,0,0,0,0,0,0,0,0,0,0,0,0,0,0,0,0,0,0,0,0,0,0,0,0,0,0,0,0,0,0,0,0,0,0,0,0,0,0,0,0,0,0,0,0,0,0
ARCHIVE - Wardens Premises - 27 Highfield Street,0,0,0,0,0,0,0,0,0,0,0,0,0,0,0,0,0,0,0,0,0,0,0,0,0,0,0,0,0,0,0,0,0,0,0,0,0,0,0,0,0,0,0,0,0,0,0,0,0,0,0,0,0,0,0,0,0,0,0,0,0,0,0,0
ARCHIVE - Wardens Premises - 28 Belle Isle Circus,0,0,0,0,0,0,0,0,0,0,0,0,0,0,0,0,0,0,0,0,0,0,0,0,0,0,0,0,0,0,0,0,0,0,0,0,0,0,0,0,0,0,0,0,0,0,0,0,0,0,0,0,0,0,0,0,0,0,0,0,0,0,0,0
ARCHIVE - Wardens Premises - 28 Church Gardens,"18,838","10,102","8,736","3,484","18,282","10,178","8,104","3,384","-1,025","-1,025",0,-189.8680315,0,0,0,0,0,0,0,0,0,0,0,0,0,0,0,0,0,0,0,0,0,0,0,0,0,0,0,0,0,0,0,0,0,0,0,0,0,0,0,0,0,0,0,0,0,0,0,0,0,0,0,0
ARCHIVE - Wardens Premises - 28 Larkfield Mount,0,0,0,0,0,0,0,0,0,0,0,0,0,0,0,0,0,0,0,0,0,0,0,0,0,0,0,0,0,0,0,0,0,0,0,0,0,0,0,0,0,0,0,0,0,0,0,0,0,0,0,0,0,0,0,0,0,0,0,0,0,0,0,0
ARCHIVE - Wardens Premises - 30 Haworth Court,"228,461","121,050","107,411","42,258","205,523","132,000","73,523","38,033","220,461","143,027","77,433","40,741","204,229","129,310","74,919","37,656","32,177","32,177",0,"5,952",0,0,0,0,0,0,0,0,0,0,0,0,0,0,0,0,0,0,0,0,0,0,0,0,0,0,0,0,0,0,0,0,0,0,0,0,0,0,0,0,0,0,0,0
ARCHIVE - Wardens Premises - 31 Crescent Grange,0,0,0,0,0,0,0,0,0,0,0,0,0,0,0,0,0,0,0,0,0,0,0,0,0,0,0,0,0,0,0,0,0,0,0,0,0,0,0,0,0,0,0,0,0,0,0,0,0,0,0,0,0,0,0,0,0,0,0,0,0,0,0,0
ARCHIVE - Wardens Premises - 32 Church Lane,0,0,0,0,0,0,0,0,0,0,0,0,0,0,0,0,0,0,0,0,0,0,0,0,0,0,0,0,0,0,0,0,0,0,0,0,0,0,0,0,0,0,0,0,0,0,0,0,0,0,0,0,0,0,0,0,0,0,0,0,0,0,0,0
ARCHIVE - Wardens Premises - 33 Reginald Terrace,0,0,0,0,0,0,0,0,0,0,0,0,0,0,0,0,0,0,0,0,0,0,0,0,0,0,0,0,0,0,0,0,0,0,0,0,0,0,0,0,0,0,0,0,0,0,0,0,0,0,0,0,0,0,0,0,0,0,0,0,0,0,0,0
ARCHIVE - Wardens Premises - 35 Victoria Close,0,0,0,0,0,0,0,0,0,0,0,0,0,0,0,0,0,0,0,0,0,0,0,0,0,0,0,0,0,0,0,0,0,0,0,0,0,0,0,0,0,0,0,0,0,0,0,0,0,0,0,0,0,0,0,0,0,0,0,0,0,0,0,0
ARCHIVE - Wardens Premises - 36 Lyndon Avenue,0,0,0,0,0,0,0,0,0,0,0,0,0,0,0,0,0,0,0,0,0,0,0,0,0,0,0,0,0,0,0,0,0,0,0,0,0,0,0,0,0,0,0,0,0,0,0,0,0,0,0,0,0,0,0,0,0,0,0,0,0,0,0,0
ARCHIVE - Wardens Premises - 36 York Road,0,0,0,0,0,0,0,0,0,0,0,0,0,0,0,0,0,0,0,0,0,0,0,0,0,0,0,0,0,0,0,0,0,0,0,0,0,0,0,0,0,0,0,0,0,0,0,0,0,0,0,0,0,0,0,0,0,0,0,0,0,0,0,0
ARCHIVE - Wardens Premises - 37 Belle Isle Circus,0,0,0,0,0,0,0,0,0,0,0,0,0,0,0,0,0,0,0,0,0,0,0,0,0,0,0,0,0,0,0,0,0,0,0,0,0,0,0,0,0,0,0,0,0,0,0,0,0,0,0,0,0,0,0,0,0,0,0,0,0,0,0,0
ARCHIVE - Wardens Premises - 38 Oak Road,0,0,0,0,0,0,0,0,0,0,0,0,0,0,0,0,0,0,0,0,0,0,0,0,0,0,0,0,0,0,0,0,0,0,0,0,0,0,0,0,0,0,0,0,0,0,0,0,0,0,0,0,0,0,0,0,0,0,0,0,0,0,0,0
ARCHIVE - Wardens Premises - 4 Cranmore Green,0,0,0,0,0,0,0,0,0,0,0,0,0,0,0,0,0,0,0,0,0,0,0,0,0,0,0,0,0,0,0,0,0,0,0,0,0,0,0,0,0,0,0,0,0,0,0,0,0,0,0,0,0,0,0,0,0,0,0,0,0,0,0,0
ARCHIVE - Wardens Premises - 4 Durrant Close,0,0,0,0,0,0,0,0,0,0,0,0,0,0,0,0,0,0,0,0,0,0,0,0,0,0,0,0,0,0,0,0,0,0,0,0,0,0,0,0,0,0,0,0,0,0,0,0,0,0,0,0,0,0,0,0,0,0,0,0,0,0,0,0
ARCHIVE - Wardens Premises - 4 The Pleasance,0,0,0,0,0,0,0,0,0,0,0,0,0,0,0,0,0,0,0,0,0,0,0,0,0,0,0,0,0,0,0,0,0,0,0,0,0,0,0,0,0,0,0,0,0,0,0,0,0,0,0,0,0,0,0,0,0,0,0,0,0,0,0,0
ARCHIVE - Wardens Premises - 40 Marsden Court,0,0,0,0,0,0,0,0,0,0,0,0,0,0,0,0,0,0,0,0,0,0,0,0,0,0,0,0,0,0,0,0,0,0,0,0,0,0,0,0,0,0,0,0,0,0,0,0,0,0,0,0,0,0,0,0,0,0,0,0,0,0,0,0
ARCHIVE - Wardens Premises - 40 Myers Croft,0,0,0,0,0,0,0,0,0,0,0,0,0,0,0,0,0,0,0,0,0,0,0,0,0,0,0,0,0,0,0,0,0,0,0,0,0,0,0,0,0,0,0,0,0,0,0,0,0,0,0,0,0,0,0,0,0,0,0,0,0,0,0,0
ARCHIVE - Wardens Premises - 43 Main Street,543,384,159,100.43871,668.36,431,237.36,123.6835156,518.73,282.01,236.72,95.7970209,-67.78,-67.78,0,-12.4742312,0,0,0,0,0,0,0,0,0,0,0,0,0,0,0,0,0,0,0,0,0,0,0,0,0,0,0,0,0,0,0,0,0,0,0,0,0,0,0,0,0,0,0,0,0,0,0,0
ARCHIVE - Wardens Premises - 45 The Crescent,0,0,0,0,0,0,0,0,0,0,0,0,0,0,0,0,0,0,0,0,0,0,0,0,0,0,0,0,0,0,0,0,0,0,0,0,0,0,0,0,0,0,0,0,0,0,0,0,0,0,0,0,0,0,0,0,0,0,0,0,0,0,0,0
ARCHIVE - Wardens Premises - 46 Wood Lane,0,0,0,0,0,0,0,0,0,0,0,0,0,0,0,0,0,0,0,0,0,0,0,0,0,0,0,0,0,0,0,0,0,0,0,0,0,0,0,0,0,0,0,0,0,0,0,0,0,0,0,0,0,0,0,0,0,0,0,0,0,0,0,0
ARCHIVE - Wardens Premises - 48 Grove Road,0,0,0,0,0,0,0,0,0,0,0,0,0,0,0,0,0,0,0,0,0,0,0,0,0,0,0,0,0,0,0,0,0,0,0,0,0,0,0,0,0,0,0,0,0,0,0,0,0,0,0,0,0,0,0,0,0,0,0,0,0,0,0,0
ARCHIVE - Wardens Premises - 5 Albert Road,0,0,0,0,0,0,0,0,0,0,0,0,0,0,0,0,0,0,0,0,0,0,0,0,0,0,0,0,0,0,0,0,0,0,0,0,0,0,0,0,0,0,0,0,0,0,0,0,0,0,0,0,0,0,0,0,0,0,0,0,0,0,0,0
ARCHIVE - Wardens Premises - 5 The Pleasance,0,0,0,0,0,0,0,0,0,0,0,0,0,0,0,0,0,0,0,0,0,0,0,0,0,0,0,0,0,0,0,0,0,0,0,0,0,0,0,0,0,0,0,0,0,0,0,0,0,0,0,0,0,0,0,0,0,0,0,0,0,0,0,0
ARCHIVE - Wardens Premises - 51 Eliot Grove,0,0,0,0,0,0,0,0,0,0,0,0,0,0,0,0,0,0,0,0,0,0,0,0,0,0,0,0,0,0,0,0,0,0,0,0,0,0,0,0,0,0,0,0,0,0,0,0,0,0,0,0,0,0,0,0,0,0,0,0,0,0,0,0
ARCHIVE - Wardens Premises - 56 Alexandra Road,"8,156","5,418","2,738","1,509","7,277","4,014","3,263","1,347","10,858","6,326","4,532","2,006","12,238","7,602","4,635","2,257","2,175","2,175",0,402.3625248,0,0,0,0,0,0,0,0,0,0,0,0,0,0,0,0,0,0,0,0,0,0,0,0,0,0,0,0,0,0,0,0,0,0,0,0,0,0,0,0,0,0,0,0
ARCHIVE - Wardens Premises - 6 Albert Square,0,0,0,0,0,0,0,0,0,0,0,0,0,0,0,0,0,0,0,0,0,0,0,0,0,0,0,0,0,0,0,0,0,0,0,0,0,0,0,0,0,0,0,0,0,0,0,0,0,0,0,0,0,0,0,0,0,0,0,0,0,0,0,0
ARCHIVE - Wardens Premises - 63 Lumley Avenue,0,0,0,0,0,0,0,0,0,0,0,0,0,0,0,0,0,0,0,0,0,0,0,0,0,0,0,0,0,0,0,0,0,0,0,0,0,0,0,0,0,0,0,0,0,0,0,0,0,0,0,0,0,0,0,0,0,0,0,0,0,0,0,0
ARCHIVE - Wardens Premises - 64 Carrfield Road,0,0,0,0,0,0,0,0,0,0,0,0,0,0,0,0,0,0,0,0,0,0,0,0,0,0,0,0,0,0,0,0,0,0,0,0,0,0,0,0,0,0,0,0,0,0,0,0,0,0,0,0,0,0,0,0,0,0,0,0,0,0,0,0
ARCHIVE - Wardens Premises - 7 Greenhow Gardens,"15,298","7,725","7,573","2,830","11,061","4,686","6,375","2,047","-3,376","-3,376",0,-625.306002,0,0,0,0,0,0,0,0,0,0,0,0,0,0,0,0,0,0,0,0,0,0,0,0,0,0,0,0,0,0,0,0,0,0,0,0,0,0,0,0,0,0,0,0,0,0,0,0,0,0,0,0
ARCHIVE - Wardens Premises - 72 Leeds Road,0,0,0,0,0,0,0,0,0,0,0,0,0,0,0,0,0,0,0,0,0,0,0,0,0,0,0,0,0,0,0,0,0,0,0,0,0,0,0,0,0,0,0,0,0,0,0,0,0,0,0,0,0,0,0,0,0,0,0,0,0,0,0,0
ARCHIVE - Wardens Premises - 8 Rhodes House,0,0,0,0,0,0,0,0,0,0,0,0,0,0,0,0,0,0,0,0,0,0,0,0,0,0,0,0,0,0,0,0,0,0,0,0,0,0,0,0,0,0,0,0,0,0,0,0,0,0,0,0,0,0,0,0,0,0,0,0,0,0,0,0
ARCHIVE - Wardens Premises - 9 Royal Place,0,0,0,0,0,0,0,0,0,0,0,0,0,0,0,0,0,0,0,0,0,0,0,0,0,0,0,0,0,0,0,0,0,0,0,0,0,0,0,0,0,0,0,0,0,0,0,0,0,0,0,0,0,0,0,0,0,0,0,0,0,0,0,0
ARCHIVE - Wardens Premises - Flat 1 Ramsgate Crescent,0,0,0,0,0,0,0,0,0,0,0,0,0,0,0,0,0,0,0,0,0,0,0,0,0,0,0,0,0,0,0,0,0,0,0,0,0,0,0,0,0,0,0,0,0,0,0,0,0,0,0,0,0,0,0,0,0,0,0,0,0,0,0,0
ARCHIVE - Wardens Premises - Flat 1 Stoney Rock Court,0,0,0,0,0,0,0,0,0,0,0,0,0,0,0,0,0,0,0,0,0,0,0,0,0,0,0,0,0,0,0,0,0,0,0,0,0,0,0,0,0,0,0,0,0,0,0,0,0,0,0,0,0,0,0,0,0,0,0,0,0,0,0,0
ARCHIVE - Wardens Premises - Ingle Nook,0,0,0,0,0,0,0,0,0,0,0,0,0,0,0,0,0,0,0,0,0,0,0,0,0,0,0,0,0,0,0,0,0,0,0,0,0,0,0,0,0,0,0,0,0,0,0,0,0,0,0,0,0,0,0,0,0,0,0,0,0,0,0,0
ARCHIVE - Wardens Premises - Royds Court Sheltered Housing,"5,821","2,701","3,120","1,077","5,128","2,985","2,143",949.077522,"7,438","4,790","2,648","1,374","6,606","4,240","2,365","1,218","11,118","7,200","3,918","2,055","7,718","4,113","3,605","1,422","4,191","4,191",0,771.1453847,0,0,0,0,0,0,0,0,0,0,0,0,0,0,0,0,0,0,0,0,0,0,0,0,0,0,0,0,0,0,0,0,0,0,0,0
ARCHIVE - Youth Centre - Gildersome Youth Centre,"173,565","85,947","87,618","32,104","177,269","100,226","77,043","32,808","199,667","129,299","70,369","36,898","205,873","129,694","76,179","37,960","187,105","108,135","78,971","34,568","172,026","109,374","62,651","31,702","104,831","98,716","6,115","19,290",0,0,0,0,0,0,0,0,0,0,0,0,0,0,0,0,0,0,0,0,0,0,0,0,0,0,0,0,0,0,0,0,0,0,0,0
ARCHIVE - Youth Centre - Holbeck,0,0,0,0,0,0,0,0,0,0,0,0,0,0,0,0,0,0,0,0,0,0,0,0,0,0,0,0,0,0,0,0,0,0,0,0,0,0,0,0,0,0,0,0,0,0,0,0,0,0,0,0,0,0,0,0,0,0,0,0,0,0,0,0
ARCHIVE - Youth Centre - Hunslet Lake Cafe,0,0,0,0,0,0,0,0,0,0,0,0,0,0,0,0,0,0,0,0,0,0,0,0,0,0,0,0,0,0,0,0,0,0,0,0,0,0,0,0,0,0,0,0,0,0,0,0,0,0,0,0,0,0,0,0,0,0,0,0,0,0,0,0
ARCHIVE - Youth Centre - Stanhope Drive Youth Club,0,0,0,0,0,0,0,0,0,0,0,0,0,0,0,0,0,0,0,0,0,0,0,0,0,0,0,0,0,0,0,0,0,0,0,0,0,0,0,0,0,0,0,0,0,0,0,0,0,0,0,0,0,0,0,0,0,0,0,0,0,0,0,0
ARCHIVE - Youth Centre - The Palace Youth Project,"52,101","32,358","19,743","9,637","45,972","27,356","18,616","8,508","84,479","60,140","24,338","15,618","53,189","28,700","24,488","9,812","-9,205","-9,205",-0.01,"-1,703",-0.05,-0.05,0,-0.0092225,0,0,0,0,0,0,0,0,0,0,0,0,0,0,0,0,0,0,0,0,0,0,0,0,0,0,0,0,0,0,0,0,0,0,0,0,0,0,0,0
ARCHIVE - Youth Centre - William Gascoigne,"69,616","43,226","26,390","12,877","101,624","70,025","31,599","18,805","86,478","47,844","38,634","15,971","53,035","30,211","22,824","9,782","7,833","7,833",0,"1,449",0,0,0,0,0,0,0,0,0,0,0,0,0,0,0,0,0,0,0,0,0,0,0,0,0,0,0,0,0,0,0,0,0,0,0,0,0,0,0,0,0,0,0,0
Care Home - 136 Tynwald Drive,"31,492","20,485","11,007","5,825","34,860","22,001","12,859","6,451","36,445","22,591","13,855","6,734","30,601","17,600","13,002","5,644","31,672","18,638","13,034","5,852","35,791","22,347","13,444","6,595","40,958","24,748","16,209","7,539","32,239","14,315","17,924","5,934","40,355","24,101","16,254","7,416","38,222","22,413","15,808","7,020","36,788","19,626","17,162","6,752","37,682","21,878","15,804","6,892","30,147","19,542","10,605","5,507","27,813","16,286","11,527","5,088","30,932","18,358","12,574","5,658",29703.15,17562.52,12140.63,5434.488324
Care Home - 15 Norman Place,"16,315","7,010","9,305","3,018","16,275","12,525","3,750","3,011","28,585","16,944","11,641","5,281","26,865","18,515","8,350","4,952","23,444","14,270","9,174","4,332","22,578","14,893","7,685","4,161","23,718","14,479","9,238","4,366","20,199","9,946","10,254","3,718","20,193","11,172","9,021","3,711","21,828","12,551","9,277","4,009","19,681","12,759","6,922","3,614","12,448","5,280","7,168","2,276","20,606","11,267","9,338","3,765","11,193","11,193",0,"2,048",0,0,0,0,0,0,0,0
Care Home - Aspire - 164 - 166 Brooklands Avenue,"52,000","27,232","24,768","9,618","51,591","28,362","23,229","9,548","62,127","37,210","24,917","11,477","56,310","36,729","19,581","10,381","45,912","25,554","20,358","8,482","38,473","21,098","17,375","7,088","54,692","32,118","22,573","10,067","38,804","20,508","18,296","7,143","61,717","40,877","20,840","11,344","53,050","30,923","22,126","9,743","57,082","34,255","22,827","10,480","49,272","30,409","18,863","9,013","40,980","22,901","18,079","7,487","41,007","21,987","19,020","7,501","46,787","26,450","20,337","8,559",42376.94,23389.79,18987.15,7753.284942
Care Home - Aspire - 174 Brooklands Avenue,"37,708","12,170","25,538","6,975","42,923","26,409","16,514","7,943","46,847","25,601","21,247","8,652","43,455","27,282","16,173","8,013","43,199","29,363","13,836","7,983","36,280","25,799","10,481","6,687","32,458","20,227","12,231","5,974","33,259","16,419","16,840","6,122","33,192","19,549","13,643","6,100","33,010","18,999","14,011","6,063","32,019","17,076","14,943","5,877","39,110","21,702","17,408","7,153","29,506","17,025","12,482","5,391","28,988","14,917","14,071","5,302","31,698","18,163","13,534","5,798",26771.41,16009.19,10762.22,4898.097174
Care Home - Aspire - 2 Cross Heath Grove,"45,150","23,363","21,787","8,351","25,271","16,763","8,508","4,676","45,493","21,188","24,305","8,397","51,883","33,775","18,108","9,565","44,673","26,655","18,019","8,254","48,199","30,570","17,629","8,882","52,009","28,957","23,052","9,573","44,270","21,877","22,393","8,148","51,559","31,834","19,724","9,476","69,333","27,427","41,906","12,738","72,570","44,278","28,292","13,323","48,276","30,487","17,789","8,831","50,854","31,003","19,851","9,291","51,739","30,943","20,796","9,464","57,817","35,944","21,874","10,576",54653.43,33848.38,20805.05,9999.391553
Care Home - Aspire - 4 Zoar Street,"84,678","41,454","43,224","15,663","3,935","-12,379","16,314",731.7704579,"48,816","27,632","21,183","9,016","37,020","16,051","20,970","6,833","-27,196","-28,056",860.02,"-5,031","1,673",996.99,675.95,308.2674547,"1,567",895.44,671.33,288.3929217,"76,792","22,157","54,635","14,131","60,772","44,986","15,785","11,172","56,098","51,675","4,424","10,296","24,623","7,795","16,828","4,515","42,664","39,561","3,102","7,812","21,915","9,099","12,816","4,005","31,877","18,874","13,003","5,831","28,345","19,026","9,319","5,185",27820.81,12464.73,15356.08,5090.095398
Care Home - Aspire - Roos Court,"17,976","10,541","7,435","3,325","24,069","9,994","14,075","4,455","34,420","21,247","13,173","6,360","31,140","19,281","11,859","5,742","27,532","15,778","11,753","5,086","29,470","15,437","14,033","5,429","25,112","16,471","8,641","4,622","26,429","12,342","14,087","4,864","27,717","16,362","11,356","5,094","26,175","14,514","11,660","4,808","32,972","16,174","16,797","6,051","30,155","18,638","11,517","5,516","28,321","14,863","13,457","5,175","30,185","16,596","13,590","5,521","26,753","16,053","10,699","4,894",24978.98,14206.05,10772.93,4570.154181
Care Home - Burley Willows Home for Older People,"635,499","428,204","207,295","117,548","614,940","400,163","214,777","113,797","643,373","433,272","210,101","118,913","589,358","414,312","175,046","108,629","-43,742","-43,742",0,"-8,091",0,0,0,0,0,0,0,0,0,0,0,0,0,0,0,0,0,0,0,0,0,0,0,0,0,0,0,0,0,0,0,0,0,0,0,0,0,0,0,0,0,0,0,0
Care Home - Dolphin Manor Home for Older People,"18,408","9,974","8,434","3,405","20,189","13,727","6,462","3,736","20,364","10,889","9,475","3,760","11,609","6,079","5,530","2,142","15,173","8,612","6,562","2,803","17,084","11,709","5,375","3,149","13,123","6,825","6,297","2,416","14,893","7,865","7,027","2,741","18,766","13,770","4,996","3,450","503,681","322,199","181,482","92,496","677,887","482,861","195,026","124,505","622,777","437,155","185,622","113,953","547,231","377,535","169,696","99,958","513,183","326,634","186,550","93,871","556,922","378,067","178,855","101,872",512717.29,343555.85,169161.44,93806.75538
Care Home - Home Lea House Home for Older People,"450,643","298,130","152,513","83,355","403,634","261,500","142,134","74,694","469,855","294,479","175,376","86,817","475,652","324,799","150,854","87,680","454,408","296,353","158,055","83,971","455,326","300,095","155,231","83,915","482,552","319,712","162,840","88,815","456,559","273,267","183,293","84,044","508,111","333,442","174,670","93,394","517,667","340,861","176,807","95,061","468,423","334,004","134,419","86,034","340,333","340,333",0,"62,335",0,0,0,0,0,0,0,0,0,0,0,0,0,0,0,0
Care Home - Knowle Manor Home for Older People,"500,393","341,020","159,373","92,558","490,129","324,009","166,120","90,699","547,928","370,447","177,481","101,274","531,177","365,387","165,790","97,912","531,576","363,580","167,996","98,239","553,575","374,976","178,599","102,026","511,222","355,517","155,705","94,089","458,580","290,244","168,336","84,420","496,925","343,016","153,909","91,345","496,248","338,190","158,058","91,123","491,756","337,372","154,384","90,310","416,163","285,861","130,303","76,144","268,963","143,420","125,542","49,145","175,357","112,824","62,534","32,076","26,002","26,002",0,"4,756",0,0,0,0
Care Home - Manorfield Home for Older People,"457,493","301,726","155,767","84,622","416,288","273,809","142,479","77,035","455,421","307,705","147,716","84,176","453,730","293,347","160,383","83,654","454,030","303,872","150,157","83,905","432,334","290,557","141,778","79,680","336,293","266,889","69,404","61,888","24,838","24,838",0,"4,574",0,0,0,0,0,0,0,0,"-1,288",-643.13,-644.74,-236.3428915,0,0,0,0,0,0,0,0,0,0,0,0,0,0,0,0,0,0,0,0
Care Home - Middlecross Home for Older People,"734,415","491,248","243,167","135,845","656,264","421,581","234,683","121,445","743,615","479,721","263,893","137,416","686,828","464,964","221,865","126,611","714,762","438,186","276,576","132,067","782,141","512,866","269,274","144,144","764,306","515,760","248,546","140,671","118,848","118,837",11.32,"21,888",0,0,0,0,0,0,0,0,0,0,0,0,0,0,0,0,0,0,0,0,0,0,0,0,0,0,0,0,0,0,0,0
Care Home - Primrose Hill Home for Older People,"474,601","309,385","165,216","87,787","637,265","462,563","174,702","117,917","556,420","392,661","163,759","102,863","538,356","391,727","146,629","99,216","449,598","296,467","153,132","83,083","11,104","11,104",0,"2,048",0,0,0,0,0,0,0,0,0,0,0,0,0,0,0,0,0,0,0,0,0,0,0,0,0,0,0,0,0,0,0,0,0,0,0,0,0,0,0,0
Care Home - Richmond House Home For Older People,"534,121","350,742","183,379","98,796","513,412","334,829","178,583","95,009","553,557","352,853","200,704","102,289","497,400","333,962","163,438","91,694","491,858","313,956","177,902","90,887","439,355","309,208","130,148","80,980","432,065","285,595","146,470","79,523","402,046","233,546","168,500","74,008","483,833","317,928","165,905","88,931","473,336","316,999","156,337","86,918","480,230","321,614","158,615","88,187","254,880","254,880",0,"46,684",0,0,0,0,0,0,0,0,0,0,0,0,0,0,0,0
Care Home - Siegen Manor Home for Older People,"583,354","378,430","204,924","107,903","559,194","383,012","176,182","103,476","579,730","392,420","187,310","107,153","547,993","382,470","165,523","101,007","551,358","357,401","193,957","101,885","543,198","371,519","171,679","100,115","518,947","368,970","149,977","95,510","96,344","96,248",95.87,"17,743",159.81,63.78,96.03,29.3554341,63.94,63.94,0,11.7336294,0,0,0,0,0,0,0,0,0,0,0,0,0,0,0,0,0,0,0,0,0,0,0,0
Care Home - Spring Gardens Home for Older People,"608,700","412,232","196,468","112,591","573,671","380,019","193,652","106,158","632,778","429,423","203,355","116,959","517,915","344,077","173,838","95,479","485,571","303,466","182,105","89,722","533,466","340,055","193,411","98,310","529,348","352,693","176,655","97,428","480,041","281,893","198,148","88,366","480,053","311,768","168,285","88,235","442,782","282,633","160,149","81,313","483,491","299,493","183,999","88,769","418,952","287,163","131,789","76,654","332,396","207,225","125,172","60,724","171,113","138,539","32,574","31,301","133,995","72,608","61,386","24,511",125979.43,70018.32,55961.11,23049.19651
Care Home - Wellstone Drive,"75,856","49,104","26,752","14,031","69,641","43,127","26,514","12,888","69,925","44,866","25,059","12,921","59,596","37,003","22,593","10,989","57,405","32,953","24,451","10,606","57,699","33,733","23,966","10,632","57,084","33,475","23,610","10,507","49,605","22,980","26,624","9,130","52,278","31,936","20,342","9,608","47,698","28,028","19,670","8,760","55,313","25,775","29,538","10,149","46,539","27,013","19,526","8,512","42,311","22,577","19,734","7,731","46,496","27,326","19,170","8,505","48,247","26,554","21,693","8,826",48327.41,28000.13,20327.28,8841.982934
Cemetery - Hunslet,"-1,432",-500,-932,-264.87704,"5,196","3,213","1,983",961.5374417,"11,931","2,429","9,502","2,199","10,681","4,798","5,883","1,971","6,519","3,845","2,674","1,204","11,760","4,792","6,968","2,166","16,343","6,333","10,009","3,009","16,363","10,645","5,718","3,012","17,302","7,036","10,267","3,178","8,638","5,801","2,837","1,586","43,963","27,297","16,666","8,072","34,744","18,779","15,965","6,354","34,606","18,345","16,261","6,323","23,020","19,874","3,145","4,211","12,249","6,668","5,581","2,241",11745.72,6229.07,5516.65,2148.996931
Cemetery - Lawnswood ,0,0,0,0,0,0,0,0,0,0,0,0,0,0,0,0,0,0,0,0,"90,224","50,218","40,006","16,624","148,623","97,735","50,888","27,355","120,116","64,822","55,294","22,110","125,112","72,549","52,562","22,992","143,502","93,496","50,005","26,352","149,928","95,012","54,916","27,528","135,842","82,519","53,323","24,848","142,369","88,665","53,705","26,009","143,143","88,507","54,636","26,183",142643.75,90797.66,51846.09,26092.65264,53732.14,27435.18,26296.96,9830.832334
Changing Pavilion - Bramley Bowling Pavilion,0,0,0,0,0,0,0,0,0,0,0,0,0,0,0,0,0,0,0,0,0,0,0,0,0,0,0,0,0,0,0,0,0,0,0,0,0,0,0,0,0,0,0,0,0,0,0,0,0,0,0,0,0,0,0,0,0,0,0,0,0,0,0,0
Changing Pavilion - Bramley Falls Sports Changing Rooms,640,416,224,118.3808,"4,034","3,842",191.91,746.1983911,"1,787",861.97,925.19,329.9174313,"4,475","3,580",895,824.3275389,-5.67,568.74,-574.41,-0.748378774,-98.53,-66.49,-32.04,-18.15933855,"3,859",96.03,"3,763",710.7556542,0,0,0,0,0,0,0,0,0,0,0,0,0,0,0,0,0,0,0,0,0,0,0,0,"16,345","16,207",137.72,"2,990",0,0,0,0,11.42,11.42,0,2.0894032
Changing Pavilion - East Ardsley Recreation Ground Changing Room,"32,571","25,361","7,210","6,025","4,682","4,234",447.87,866.1129827,989.67,543.04,446.63,182.7742236,"1,023",575.34,447.55,188.6702411,"-3,585","-4,031",445.96,-663.3059623,"2,735","1,383","1,352",503.8083011,"3,293","1,919","1,375",606.1589099,"20,153","18,620","1,533","3,711","3,254","1,878","1,376",597.9739608,"3,343","1,926","1,417",614.0447235,"3,415","1,934","1,482",626.9450594,"2,481","1,964",517.07,454.1103662,452.16,452.16,0,82.5372864,421.03,64.58,356.45,77.00825505,"3,320","1,804","1,516",607,3162.28,1678.24,1484.04,578.5707488
Changing Pavilion - East End Park Football Changing Pavilion,"10,098","8,837","1,261","1,868","3,820","-3,155","6,975",708.2945899,"6,727","2,580","4,147","1,241","7,192","7,150",42.53,"1,324",-747.52,-849.6,102.08,-138.3244073,"4,975",-325.82,"5,301",915.2953937,"4,763","2,334","2,428",876.7386553,"6,360","3,102","3,258","1,171","9,463","6,072","3,391","1,739","19,870","4,719","15,151","3,652","12,598","6,317","6,280","2,312","48,658","45,491","3,167","8,910","8,458","2,358","6,100","1,546","30,576","18,740","11,835","5,593","29,602","17,793","11,809","5,415",10548.93,9613.28,935.65,1930.032233
Changing Pavilion - Hunslet Parkside Changing Rooms,"19,561","19,561",0,"3,618","46,915","37,025","9,890","8,680","17,246","7,325","9,920","3,182","23,888","14,083","9,804","4,405","20,671","10,902","9,770","3,819","4,766","13,434","-8,668",883.0609622,"9,710","9,247",463.05,"1,787","11,837","6,589","5,248","2,179","15,832","6,479","9,353","2,908","11,371","6,545","4,826","2,088","12,092","6,948","5,144","2,220","11,323","6,576","4,747","2,071","10,711","5,852","4,859","1,957","11,048","6,315","4,732","2,021","20,935","15,839","5,095","3,829",10752.28,5713.62,5038.66,1967.237149
Changing Pavilion - Millshaw Changing Rooms,0,0,0,0,"5,202",0,"5,202",963.4105612,"15,592","10,397","5,196","2,882","1,694",993.22,700.32,312.3325023,"1,690",992.38,697.85,312.2819412,"19,627","12,507","7,120","3,617","17,544","10,394","7,150","3,229","11,466","6,170","5,296","2,110","16,447","9,360","7,087","3,022","16,767","9,494","7,273","3,080","1,714","1,634",79.74,315.0064683,296.28,204.92,91.36,54.2100016,296.27,171.17,125.1,54.12978046,"1,854",228.16,"1,626",339.0702778,"14,846","9,311","5,536","2,716",11300.18,3719.39,7580.79,2067.480933
Changing Pavilion - New Wortley Recreation Ground Football Changing Rooms,"3,539","2,380","1,159",654.60883,"2,408","1,288","1,120",445.5987718,859.81,-224.85,"1,085",157.9763579,"-2,078","-2,046",-31.93,-382.4096988,0,0,0,0,0,0,0,0,0,0,0,0,"8,925","8,925",0,"1,644",0,0,0,0,0,0,0,0,"13,197","3,151","10,045","2,419","26,628","14,195","12,433","4,869","3,773","3,708",64.42,688.6754586,32.49,0,32.49,5.942421,0,0,0,0,0,0,0,0
Changing Pavilion - Ninelands Lane Football Changing Room,"30,638","19,631","11,007","5,667","22,287","13,650","8,637","4,124","16,449","12,300","4,149","3,042","22,553","13,954","8,599","4,159","24,460","16,815","7,645","4,520","44,808","31,354","13,455","8,259","26,071","18,515","7,556","4,798","31,416","13,815","17,600","5,782","37,450","21,680","15,770","6,882","39,097","23,474","15,622","7,180","11,574","11,574",0,"2,128",0,0,0,0,0,0,0,0,0,0,0,0,0,0,0,0,0,0,0,0
Changing Pavilion - Ninevah Lane Rugby Pavilion,"9,828","6,481","3,347","1,818","10,014","6,751","3,263","1,853","8,014","4,696","3,318","1,480","20,452","16,264","4,188","3,768","10,842","6,414","4,428","2,003","8,084","4,125","3,959","1,489","8,823","5,307","3,516","1,624","7,766","3,805","3,961","1,429","8,326","4,807","3,519","1,530","8,487","4,879","3,608","1,559","8,762","4,930","3,833","1,608","8,478","4,926","3,552","1,551","7,965","4,326","3,639","1,455","8,318","4,783","3,535","1,521","42,984","15,208","27,776","7,863",23472.95,19924.39,3548.56,4294.610932
Changing Pavilion - Shadwell Changing and Community Room,"25,226","21,047","4,179","4,666","16,471","10,274","6,197","3,048","20,172","11,075","9,097","3,725","21,502","13,788","7,714","3,964","18,879","11,147","7,732","3,488","18,643","10,715","7,928","3,435","23,640","14,573","9,067","4,351","16,680","8,226","8,454","3,070","17,967","10,405","7,562","3,302","24,710","16,948","7,762","4,537","24,360","8,805","15,555","4,468","8,108","6,236","1,873","1,484","1,998","1,998",0,364.7952376,22.89,22.89,0,4.18724312,114,114,0,20.885351,0,0,0,0
Changing Pavilion - Shaw Lane Sports Pavilion,"-11,687","-16,513","4,826","-2,162","2,566","2,566",0,474.63302,"-12,504","-12,504",0,"-2,316",0,0,0,0,0,0,0,0,0,0,0,0,0,0,0,0,0,0,0,0,0,0,0,0,0,0,0,0,0,0,0,0,0,0,0,0,0,0,0,0,0,0,0,0,0,0,0,0,0,0,0,0
Changing Pavilion - Spen Lane Playing Fields Changing Facility,"3,926","1,996","1,930",726.19222,"1,176",344,831.63,217.6558723,"40,849","19,634","21,215","7,541","-34,861","-35,532",671.03,"-6,415","3,377","2,199","1,179",624.1151346,"2,155","1,705",450.01,397.2323231,"2,366","1,407",958.99,435.4287082,"2,109","1,055","1,054",388.2531292,"2,329","1,337",991.62,427.9395834,"2,379","1,380",998.43,436.8691665,"1,998","1,193",804.95,366.8301647,"2,095","1,127",968.79,383.189151,"2,193","1,194",998.29,400.6528461,"2,298","1,325",972.81,420.3297277,"2,288","1,256",1032.36,418.6231046,4300.68,3559.15,741.53,786.8524128
Changing Pavilion - Stanningley Park Changing Rooms,"28,626","18,006","10,620","5,295","16,880","9,587","7,293","3,124","20,273","11,404","8,869","3,744","17,733","10,189","7,544","3,271","19,740","11,111","8,629","3,647","20,139","12,093","8,047","3,711","19,854","11,798","8,056","3,654","15,530","8,730","6,800","2,859","16,270","16,078",191.94,"2,993","4,143",127.68,"4,015",761.7348,"8,445","7,350","1,095","1,552","2,418","1,449",968.79,442.2142926,"32,836","30,285","2,551","5,995","111,703","89,159","22,545","20,433",129,129,0,24,0,0,0,0
Changing Pavilion - Stonegate Road Sports Pavilion,"8,447","6,838","1,609","1,562","7,313","3,858","3,455","1,353","2,115","4,920","-2,806",394.9090151,"5,969","2,549","3,420","1,102","1,824","1,824",0,337.3223175,548.43,645.24,-96.81,101.201786,0,0,0,0,0,0,0,0,0,0,0,0,0,0,0,0,0,0,0,0,0,0,0,0,0,0,0,0,0,0,0,0,0,0,0,0,0,0,0,0
Changing Pavilion - Tyersal Recreation Ground Changing Room,"12,236","7,317","4,919","2,263","44,636","39,685","4,951","8,257","22,826",521.61,"22,304","4,201","22,824","12,071","10,753","4,211","7,062","-3,360","10,422","1,301","-8,658","-10,615","1,956","-1,598","4,767","2,825","1,943",877.5130623,"27,580","25,402","2,178","5,079","30,859","22,879","7,980","5,673","6,128","6,048",79.7,"1,125","5,173","3,807","1,367",950.2407431,"15,854","14,245","1,609","2,903","6,489","4,589","1,900","1,185","6,582","4,600","1,982","1,204","9,890","2,418","7,472","1,809",342.42,148.64,193.78,62.6491632
Changing Pavilion - Victoria Park Cricket Pavilion and Clubhouse,"1,865",386,"1,479",344.96905,773,773,0,142.98181,0,0,0,0,0,0,0,0,0,0,0,0,0,0,0,0,0,0,0,0,0,0,0,0,0,0,0,0,0,0,0,0,537.53,366.68,170.85,98.7143376,125.24,125.24,0,22.9389584,0,0,0,0,274.06,193.85,80.21,50.13118134,318,283,34.22,58.0965802,228.39,205.57,22.82,41.7862344
Changing Pavilion - Woodlesford Recreation Ground Bowling and Changing Pavilion,"42,072","41,651",421,"7,782","63,100","46,009","17,091","11,676","54,223","36,468","17,755","10,022","69,428","45,628","23,799","12,800","46,029","24,497","21,532","8,503","37,547","24,542","13,005","6,920","43,251","25,506","17,746","7,961","38,793","19,165","19,628","7,140","41,740","24,174","17,565","7,671","19,122","19,054",68.28,"3,509","20,131","6,884","13,247","3,692","11,229","4,381","6,848","2,052","13,287","8,073","5,215","2,428","16,620","10,008","6,612","3,040","15,897","5,887","10,011","2,908",1074.8,1052.02,22.78,196.645408
Childrens Home - Acorn Lodge,"118,578","74,501","44,077","21,933","102,977","62,966","40,011","19,057","102,064","67,408","34,657","18,863","100,671","60,435","40,235","18,565","100,223","63,754","36,468","18,519","96,506","61,467","35,039","17,785","94,948","62,301","32,647","17,476","79,085","47,120","31,966","14,558","101,603","67,195","34,408","18,675","117,281","75,198","42,083","21,537","115,578","70,988","44,589","21,220","101,072","67,225","33,847","18,491","90,957","53,049","37,908","16,618","109,636","67,893","41,743","20,054","114,804","73,449","41,354","21,000",101130.22,64377.49,36752.73,18502.78505
Childrens Home - Ashwood Gardens,0,0,0,0,0,0,0,0,0,0,0,0,0,0,0,0,0,0,0,0,0,0,0,0,0,0,0,0,0,0,0,0,0,0,0,0,0,0,0,0,0,0,0,0,0,0,0,0,0,0,0,0,0,0,0,0,"6,736","2,478","4,258","1,232",26676.39,12513.78,14162.61,4880.712314
Childrens Home - Barnard Close,0,0,0,0,0,0,0,0,0,0,0,0,0,0,0,0,0,0,0,0,0,0,0,0,0,0,0,0,0,0,0,0,0,0,0,0,0,0,0,0,0,0,0,0,0,0,0,0,0,0,0,0,0,0,0,0,0,0,0,0,19117.36,14055.98,5061.38,3497.712186
Childrens Home - Cherry Trees,0,0,0,0,"24,535",0,"24,535","4,544","-16,306","-38,351","22,045","-3,046","-29,841","-29,841",0,"-5,492",0,0,0,0,"22,562","10,389","12,173","4,156","61,278","42,650","18,628","11,278","36,383","17,872","18,511","6,697","49,738","26,729","23,009","9,139","52,801","31,530","21,271","9,697","47,064","25,407","21,657","8,638","47,536","27,589","19,946","8,694","39,547","21,622","17,925","7,226","40,155","22,646","17,509","7,345","41,733","22,878","18,854","7,634",54350.41,33169.75,21180.66,9943.951014
Childrens Home - Cranmer Bank,"76,757","45,815","30,942","14,198","69,467","40,454","29,013","12,856","84,359","54,212","30,148","15,589","73,836","44,044","29,792","13,617","72,119","45,364","26,755","13,326","56,649","27,551","29,098","10,436","107,649","62,905","44,744","19,815","45,672","22,513","23,158","8,406","49,284","28,556","20,729","9,057","35,844","25,911","9,933","6,581","23,789","12,413","11,376","4,366","22,448","12,432","10,016","4,105","17,845","11,819","6,026","3,260","105,918","67,867","38,052","19,374","45,660","39,437","6,223","8,352",57546.98,30643.65,26903.33,10528.79546
Childrens Home - Easdale ,53765,30424,23341,9944.91205,62153.69,29898,32255.69,11504.3094,87057.43,53712.67,33344.76,16084.89324,74485.19,47238.23,27246.96,13733.67586,68720.79,43189.34,25531.45,12698.13787,70913.63,45289.45,25624.18,13068.40664,75003.07,48342.77,26660.3,13804.78306,67796.1,37264.61,30531.49,12479.37213,70676.14,44079.1,26597.04,12989.61405,51369.88,25519.57,25850.31,9436.19279,54840.76,29325.65,25515.11,10065.45481,42090.87,22255.21,19835.66,7697.06564,31099.67,19618.04,11481.63,5681.399268,35409.12,19529.52,15879.6,6476.892962,"47,216","29,343","17,873","8,637",45753.65,25667.94,20085.71,8371.087804
Childrens Home - Laurels House,0,0,0,0,0,0,0,0,0,0,0,0,0,0,0,0,0,0,0,0,0,0,0,0,0,0,0,0,0,0,0,0,0,0,0,0,0,0,0,0,0,0,0,0,0,0,0,0,0,0,0,0,0,0,0,0,"6,865","3,823","3,042","1,256",33041.68,22382.94,10658.74,6045.305773
Childrens Home - Lingfields,"89,834",53856,"35,978","16,617","93,364","62,258","31,106","17,277","97,482","63,279","34,203","18,015","94,687","62,431","32,257","17,456","92,197","56,854","35,342","17,035","94,110","56,112","37,998","17,341","94,770","60,000","34,770","17,443","92,735","49,536","43,198","17,070","113,840","75,883","37,957","20,925","123,915","81,631","42,284","22,755","99,631","63,354","36,278","18,293","61,204","50,493","10,711","11,204","35,449","17,472","17,977","6,478","61,965","38,979","22,985","11,334","57,207","36,154","21,053","10,465",49301.17,28606.5,20694.67,9020.142063
Childrens Home - Luttrell ,"9,566",0,"9,566","1,769","61,150","38,591","22,559","11,316","76,783","48,510","28,273","14,188","73,861","46,605","27,256","13,619","68,389","43,054","25,336","12,637","63,727","38,354",25373.05,"11,743",63868.83,40225.55,23643.28,11755.61397,40539.24,29521.15,11018.09,7463.620583,59121.39,32964.65,26156.74,10864.20037,56297.73,28352.54,27945.19,10341.2567,80823.11,48467.78,32355.33,14837.97295,77681.04,51016.52,26664.52,14211.52728,51911.67,27060.85,24850.82,9485.621376,81031.51,56316.18,24715.33,14822.29219,64936.39,39801.2,25135.19,11878.37384,62452.16,38613.67,23838.49,11426.24719
Childrens Home - Oak House and The Hideaway,0,0,0,0,0,0,0,0,0,0,0,0,0,0,0,0,0,0,0,0,0,0,0,0,0,0,0,0,0,0,0,0,0,0,0,0,0,0,0,0,0,0,0,0,0,0,0,0,0,0,0,0,0,0,0,0,0,0,0,0,11064.13,3780.31,7283.82,2024.293225
Childrens Home - Pinfolds Childrens Home and Hostel ,"329,381","213,485","115,896","60,926","322,636","229,255","93,381","59,700","344,655","229,860","114,795","63,699","362,556","230,276","132,280","66,848","371,774","239,169","132,604","68,699","123,553","123,553",0,"22,789",0,0,0,0,0,0,0,0,0,0,0,0,0,0,0,0,0,0,0,0,0,0,0,0,0,0,0,0,0,0,0,0,0,0,0,0,0,0,0,0
Childrens Home - Primrose Drive,0,0,0,0,0,0,0,0,0,0,0,0,0,0,0,0,0,0,0,0,0,0,0,0,0,0,0,0,0,0,0,0,0,0,0,0,0,0,0,0,0,0,0,0,0,0,0,0,0,0,0,0,0,0,0,0,0,0,0,0,13062.58,3315.98,9746.6,2389.929637
Childrens Home - Raynel Drive Community Home,0,0,0,0,"5,891",0,"5,891","1,091","77,749","45,671","32,078","14,362","71,398","47,322","24,077","13,163","65,931","37,702","28,229","12,181","68,774","40,933","27,842","12,673","66,585","40,727","25,858","12,256","60,741","32,669","28,072","11,181","66,059","41,349","24,710","12,141","62,966","39,915","23,051","11,563","57,863","32,120","25,743","10,621","62,010","37,592","24,418","11,343","52,468","30,767","21,701","9,586","55,745","33,020","22,725","10,197","67,357","42,974","24,383","12,321",65583.34,39884.22,25699.12,11999.12789
Childrens Home - St Catherines,72819,42070,30749,13469.33043,"64,886",38909,"25,977","12,008","69,722","45,063","24,659","12,884","61,160","40,368",20792.06,"11,275","51,616","32,031","19,585","9,537","45,444","28,408","17,036","8,374","47,906","28,174","19,732","8,818","52,127","30,377","21,750","9,596","29,171","20,662","8,510","5,363","54,249","35,718","18,531","9,962","55,245","35,022","20,223","10,143","48,282","31,518","16,764","8,833","44,532","27,868","16,664","8,135","44,155","28,423","15,732","8,077","45,969","27,771","18,198","8,409",50989.57,30293.48,20696.09,9329.051727
Childrens Home - St Philips,0,0,0,0,0,0,0,0,0,0,0,0,0,0,0,0,0,0,0,0,0,0,0,0,0,0,0,0,0,0,0,0,0,0,0,0,0,0,0,0,0,0,0,0,0,0,0,0,0,0,0,0,0,0,0,0,"19,018","6,799","12,219","3,479",44478.17,28016.98,16461.19,8137.725983
Childrens Home - Street Lane Group,"62,339",36907,"25,432","11,531","56,388","31,345","25,043","10,436","65,722","39,721","26,001","12,142","61,569","38,805","22,764","11,352","52,430","31,559","20,871","9,687","53,967","33,448","20,520","9,945","56,999","34,171","22,829","10,491","49,883","24,634","25,249","9,182","51,700","30,382","21,318","9,501","51,538","29,582","21,956","9,466","50,402","26,617","23,785","9,251","56,969","35,106","21,864","10,421","63,727","40,069","23,658","11,642","53,931","32,022","21,909","9,865","54,079","29,297","24,782","9,893",52256.19,27792.41,24463.78,9560.792522
Childrens Home - The Bridge,0,0,0,0,0,0,0,0,0,0,0,0,0,0,0,0,0,0,0,0,0,0,0,0,0,0,0,0,0,0,0,0,0,0,0,0,0,0,0,0,0,0,0,0,0,0,0,0,0,0,0,0,0,0,0,0,0,0,0,0,42811.08,22166.2,20644.88,7832.715197
Childrens Home - Willows,0,0,0,0,"29,222",0,"29,222","5,412","125,797","27,072","98,725","23,183","-40,748","-41,195",448,"-7,499","34,890","40,576","-5,686","6,457","63,025","42,705","20,320","11,616","51,824","33,462","18,362","9,539","47,491","22,033","25,458","8,741","49,821","29,412","20,409","9,156","45,455","28,409","17,046","8,348","40,628","19,919","20,709","7,456","45,487","26,434","19,053","8,319","60,744","35,902","24,841","11,098","55,340","30,082","25,258","10,123","48,445","30,587","17,858","8,862",39867.44,14660.87,25206.57,7294.146822
Childrens Home - Woodfield Court,0,0,0,0,0,0,0,0,0,0,0,0,0,0,0,0,0,0,0,0,0,0,0,0,0,0,0,0,0,0,0,0,0,0,0,0,0,0,0,0,0,0,0,0,0,0,0,0,0,0,0,0,0,0,0,0,0,0,0,0,13082.88,6517.21,6565.67,2393.643725
Childrens Home - Woodnook,"49,097","27,595","21,502","9,081","40,596","19,979","20,617","7,514","43,759","25,926","17,834","8,084","48,464","30,414","18,050","8,936","42,130","24,133","17,997","7,783","45,830","27,598","18,232","8,445","46,797","27,843","18,954","8,614","41,402","20,453","20,949","7,620","44,580","25,817","18,764","8,193","45,313","26,066","19,247","8,322","43,982","23,463","20,519","8,072","50,121","26,190","23,931","9,165","49,553","29,409","20,143","9,053","46,353","25,820","20,533","8,479","47,824","28,204","19,621","8,748",46884.43,26182.69,20701.74,8577.975313
Community Centre - Allerton Bywater Miners Welfare Hall,"9,022",0,"9,022","1,669","61,724","34,114","27,610","11,424","70,751","53,216","17,535","13,083","71,655","46,663","24,992",13210.68519,51833.52,26348.14,25485.38,9574.47292,"55,876","39,602","16,274","10,299","66,347","47,771","18,576","12,211","58,927","33,282","25,645",10847.03141,"62,107","38,539","23,568",11414.55968,"66,434","43,194","23,240",12199.63855,"43,235","26,728","16,507",7937.824079,"73,778","56,260","17,518","13,502","69,014","51,061","17,953",12604.84742,"69,775","52,017","17,758",12763.26984,"18,916","11,616","7,300","3,460",26383.86,17740.79,8643.07,4827.191026
Community Centre - Armley,"96,034","52,444","43,590","17,763","87,919","51,240","36,679","16,271","115,362","65,910","49,452","21,308","122,829","70,350","52,479","22,654","100,675","66,781","33,894","18,604","62,302","42,602","19,700","11,483","67,196","41,237","25,959","12,368","56,251","24,049","32,202","10,353","56,691","34,585","22,105","10,419","65,646",40854.79,"24,791",12055.54691,"65,819","36,446",29373.1,"12,081",57628.27,37453.21,20175.06,10542.6854,"52,501","33,199","19,303","9,591","42,258","26,307","15,952","7,730","47,936","29,443","18,494","8,769",48868.37,29088.66,19779.71,8940.956975
Community Centre - Astley Court Sheltered Housing ,"40,966","28,382","12,584","7,577","35,364","20,649","14,715","6,545","31,485","17,765","13,719","5,815","38,930","24,257","14,673",7178.278525,"18,731","8,329","10,402",3459.270351,"21,391","12,746","8,645","3,942","22,922","13,071","9,851","4,219","19,647","8,719","10,928","3,616","22,926","14,189","8,737","4,213","23,575","13,513","10,062","4,330","18,167","13,217",4950.85,3336.928412,"21,800","11,180","10,620",3986.327336,"26,194","16,665","9,529","4,785","21,403","11,914","9,489","3,915","27,078","13,531","13,548","4,953",26330.9,13304.71,13026.19,4817.501464
Community Centre - Belle Isle Circus Sheltered Housing Community Room,19345,9368,9977,3578.24465,17837.71,10094,7743.71,3301.299709,18310.71,10543.59,7767.12,3382.239069,"17,259","10,335","6,924","3,183","6,871",-6,"6,877","1,267","6,201","14,035","-7,834","1,147","12,958","9,490","3,468","2,385","2,676","1,987",689,493,"1,253",687,566,230,"1,294",713,581,238,"1,311",718,592,241,1253.84,705.71,548.13,229.3134938,"6,524",763,"5,762","1,193","10,811","5,266","5,545","1,978","14,716","6,932",7784.2,"2,692",16608.28,8013.19,8595.09,3038.650909
Community Centre - Belle Isle Open Access Centre,"134,561","76,067","58,494","24,890","163,538","73,391","90,147","30,271","214,911","123,528","91,383","39,697","164,288","113,035","51,253","30,283","154,873","97,682","57,191","28,617","140,571","90,000","50,571",25905.39934,"132,672","75,420","57,252","24,421","156,078","75,304","80,775","28,728","151,125","95,236","55,889","27,776","135,463","77,996","57,467","24,880","140,225","89,045",51179.62,"25,747","133,001","84,742","48,259","24,331","135,578","80,109","55,468","24,770","138,060","89,179","48,881","25,254","77,242","63,880","13,362","14,128",0,0,0,0
Community Centre - BITMO - 3 Winrose Grove Communal Room,"15,791","9,490","6,301","2,921","13,373","8,224","5,149","2,475","32,127","26,033","6,094","5,943","1,873","-4,200","6,074",350,-100,-801,701,-19,"7,175","3,216","3,959","1,322","5,497","3,515","1,982","1,012","4,379","2,143","2,236",806,"4,817","2,801","2,015",885,"4,854","2,760","2,094",892,"5,058","2,867","2,190",928,"19,113","17,079","2,034","3,499","4,579","2,486","2,093",837,"4,693","2,683","2,011",858,"4,803","2,641","2,161",879,4582.01,2420.53,2161.48,838.3245496
Community Centre - BITMO - Broom Nook Sheltered Housing Community Room,"18,957","8,874","10,083","3,506","13,745","8,435","5,310","2,544","17,059","9,056","8,003","3,150","17,300","10,477","6,822","3,190","12,950","7,673","5,278","2,393","13,105","7,361","5,744","2,415","14,601","9,157","5,444","2,687","13,349","6,599","6,750","2,457","10,619","8,324","2,295","1,952","3,213",395,"2,818",591,"9,081","8,706",376,"1,670",330,307,23,60,"13,105","4,192","8,914","2,396","15,216","7,745","7,471","2,783","15,069","6,952","8,118","2,757",17826.3,7361.52,10464.78,3261.499848
Community Centre - BITMO - Sheltered Housing Community Room - 58 and 64 Belle Isle Circus,"15,771","10,410","5,361","2,917","12,239","7,889","4,350","2,265","10,637","5,677","4,961","1,964","1,961","4,476","-2,514",359,"4,201","1,102","3,099",775,"6,650","4,489","2,161","1,226","8,520","5,266","3,254","1,568","5,838","2,904","2,935","1,075","15,131","9,165","5,966","2,781","10,760","5,775","4,985","1,976","4,032","3,725",307,741,"2,984","1,410",1574.69,546,"11,203","1,939","9,264","2,049","9,677","4,865","4,812","1,770","12,073","6,545","5,529","2,209",10898.81,5039.7,5859.11,1994.046278
Community Centre - Broom Hill Centre,0,0,0,0,0,0,0,0,0,0,0,0,"24,488","20,410","4,078","4,510","58,831","35,838","22,993","10,870","66,669","42,783","23,887","12,286","66,790","41,182",25608.57,"12,293",54120.47,26320.47,27800,9961.37075,72781.56,47902.85,24878.71,13377.70036,62064.67,36069.26,25995.41,11398.84594,67630.91,38815.46,28815.45,12414.83645,922.04,887.78,34.26,168.8596052,30179.8,8908.48,21271.32,5517.293665,43790.65,30800.16,12990.49,8010.200816,0,0,0,0,0,0,0,0
Community Centre - Button Hill Sheltered Housing,46621,35548,11073,8623.48637,28165.31,16376,11789.31,5212.566825,32613,21486.51,11126.49,6027.235737,50636.93,35738.35,14898.58,9333.121017,23168.29,9256.64,13911.65,4278.232341,4760.32,-1131.33,5891.65,875.3710353,38226.9,26445.45,11781.45,7035.597484,26662.2,13614.39,13047.81,4907.555499,41463.95,26588.7,14875.25,7621.01438,35929.84,20678.12,15251.72,6598.975558,10510.33,10351,159.33,1932.421253,10356.08,2802.05,7554.03,1892.136114,11574.95,6423.59,5151.36,2114.894872,8330.26,7311.4,1018.86,1523.816045,14969.67,6239.29,8730.38,2738.476466,11798.71,6228.47,5570.24,2158.691982
Community Centre - Calverley Mechanics Institute,"175,379","101,533","73,846","32,440","135,270","77,714","57,556","25,035","150,163","95,742","54,421","27,748","146,082","84,219","61,863","26,943","169,551","107,532","62,019","31,330","186,924","122,714","64,210","34,449","179,987","118,292","61,695","33,127","154,373","88,475","65,898","28,417","151,405","99,929","51,476","27,829","150,429","93,092","57,337","27,626","121,220","75,178","46,042","22,256","134,471","77,087","57,384","24,594","142,818","83,792","59,026","26,093","145,191","87,729","57,462","26,558","139,388","84,164","55,223","25,497",126519.38,81209.64,45309.74,23147.98576
Community Centre - Church Gardens,69661,42180,27481,12885.19517,67949.42,41805,26144.42,12574.87888,45928.92,38432.36,7496.56,8497.724298,104772.5,76161.36,28611.14,19309.02518,42414.98,25982.98,16432,7837.032237,19705.3,6124.93,13580.37,3628.488208,"31,776","18,402","13,374","5,849","32,098","12,622","19,476","5,907","26,736","13,511","13,225","4,912","21,759","8,180","13,579","3,998","33,963","19,499","14,465","6,235","41,500","26,712","14,788","7,592","37,672","21,502","16,169","6,883","37,801","22,390","15,412","6,914","35,901","19,680","16,221","6,567",17840.57,1823.97,16016.6,3264.110687
Community Centre - Churchville House,"74,282","43,470","30,812","13,740","65,699","36,686","29,013","12,159","70,019","42,296","27,723","12,936","62,874","36,630","26,244","11,596","44,976","23,380","21,596","8,308","52,856","30,389","22,467","9,739","40,710","21,114","19,596","7,494","46,952","25,264","21,689","8,643","43,549","23,813","19,737","8,002","29,266","8,876","20,389","5,378","49,706","27,934","21,772","9,124","6,189","6,157",32,"1,134","27,469","12,432","15,036","5,020","25,701","14,318","11,382","4,701","23,916","12,495","11,421","4,375",21197.67,10777.4,10420.27,3878.325703
Community Centre - Cockburn Sports Hall and Education Centre,"198,749","94,986","103,763","36,763","119,526","53,575","65,951","22,124","127,775","47,043","80,732","23,571","125,597","84,360","41,238","23,153","23,035","-5,023","28,059","4,246","123,136","27,924","95,212","22,669","11,145","11,145",0,"2,051",0,0,0,0,0,0,0,0,0,0,0,0,0,0,0,0,0,0,0,0,0,0,0,0,0,0,0,0,0,0,0,0,0,0,0,0
Community Centre - Cranmore and Raylands,0,0,0,0,0,0,0,0,0,0,0,0,0,0,0,0,0,0,0,0,0,0,0,0,192,192,0,35,957,957,0,176,0,0,0,0,0,0,0,0,0,0,0,0,0,0,0,0,0,0,0,0,0,0,0,0,0,0,0,0,0,0,0,0
Community Centre - Cranmore Green Sheltered Housing,"26,438","17,827","8,611","4,890","24,346","11,378","12,968","4,506","30,386","17,254","13,132","5,612","27,475","17,559","9,916","5,066","20,745","10,594","10,151","3,832","17,051","8,259","8,792","3,141","14,989","8,515",6474.09,"2,759",13733.81,5358.64,8375.17,2527.564792,17462.27,10000.85,7461.42,3209.00155,"17,256","8,764","8,492","3,170","10,710","4,827","5,883","1,965","13,199","3,698","9,501","2,412","27,376","19,349","8,027","5,000","23,917","15,711","8,206","4,375","14,938","7,109","7,829","2,733",30483.35,20057.61,10425.74,5577.233716
Community Centre - Crimbles Court Sheltered Housing Community Centre,0,0,0,0,0,0,0,0,0,0,0,0,0,0,0,0,0,0,0,0,0,0,0,0,"20,642","9,979","10,664","3,800","29,896","17,331","12,565","5,503","30,976","18,474","12,502","5,693","30,221","19,170","11,051","5,550","22,894","11,878","11,016","4,202","17,609","7,031","10,578","3,219","26,325","14,043","12,282","4,810","27,453","17,186","10,267","5,022","23,832","14,462","9,370","4,359",19132.07,10353.8,8778.27,3500.403527
Community Centre - Crossgates,"183,782","104,553","79,229","33,994","156,970","85,598","71,372","29,052","171,760","97,059","74,701","31,724","148,460","99,320","49,140","27,368","163,646","85,667","77,980","30,229","166,279","99,471","66,808","30,640","165,996","108,882","57,114","30,552","153,151","70,247","82,904","28,188","234,816","160,347","74,469","43,163","212,621","144,684","67,937","39,043","156,219","98,633",57585.9,28683.02983,"188,028","125,171","62,857","34,400","156,516","107,028","49,489","28,590","137,158","86,787","50,370","25,089","148,875","99,422","49,453","27,232",120959.35,77445.24,43514.11,22130.72268
Community Centre - Denis Healey Centre,"178,777","119,211","59,566","33,068","177,206","123,171","54,035","32,791","255,972","170,153","85,819","47,308","205,293","128,527","76,766","37,854","158,311","101,970","56,341","29,254","149,374","89,528","59,846","27,525","146,783","92,750","54,034","27,017","128,229","76,036","52,194","23,605","124,591","79,963","44,628","22,900","154,272","71,052","83,219","28,340","115,234","95,012","20,222","21,174","131,298","73,766",57531.39,24012.8246,"155,898","100,583","55,316","28,479","157,226","94,800","62,426","28,759","96,344","63,090","33,254","17,623",92553.65,54594.49,37959.16,16933.6158
Community Centre - Ebor Gardens,0,0,0,0,0,0,0,0,0,0,0,0,0,0,0,0,"99,866","65,684","34,183","18,455","28,614",832,"27,782","5,265","79,906","29,900","50,005","14,711","109,918","56,439","53,479","20,232","42,211","41,251",961,"7,765","12,002",824,"11,178","2,207","68,917","38,940","29,976","12,650","65,830","38,227","27,603","12,040","62,454","34,155","28,298","11,411","69,783","42,810","26,973","12,765","30,416","18,523","11,893","5,564",21374.21,12645.04,8729.17,3910.625462
Community Centre - Fairfield,"57,918","45,033","12,885","10,713","51,474","34,836","16,638","9,525","42,934","28,848","14,085","7,935","37,395","27,709","9,686","6,891","52,588","25,214","27,374","9,713","60,268","37,415","22,853","11,106","25,222","25,222",0,"4,641",0,0,0,0,0,0,0,0,"24,824","5,453","19,372","4,562","36,398","19,767","16,631","6,681","36,341","19,645","16,695","6,646","34,962","19,207","15,755","6,388","30,207","19,435","10,772","5,525","58,097","35,577","22,520","10,627",59235.47,35614.24,23621.23,10837.72159
Community Centre - Farsley and District Art Club,"14,064","7,656","6,408","2,601","13,982","8,128","5,854","2,588","11,159","3,886","7,273","2,058","11,948","6,994","4,955","2,204","13,173","7,442","5,731","2,434","19,372","10,097","9,275","3,569","23,827","14,811","9,016","4,386","16,747","8,251","8,497","3,083","18,023","10,442","7,581","3,312","18,594","9,954","8,640","3,415","19,908","11,019","8,889","3,654","19,536","11,333","8,202","3,573","18,381","9,976",8404.46,3358.467089,19063.58,10891.74,8171.84,3487.043838,"19,501","10,726","8,775","3,567",14649.51,7810.19,6839.32,2680.27435
Community Centre - Fieldhead Carr,36956,19299,17657,6835.75132,"30,543",15928,"14,615","5,653","11,183","21,585","-10,402","2,083","62,457","52,025","10,432","11,504","30,891","16,697","14,194","5,707","30,855","18,514","12,341","5,686","34,987","21,522","13,465","6,440","29,442","14,543","14,899","5,419","31,674","18,347","13,327","5,821","20,629","18,511","2,117","3,786","1,764","1,684",80,324,"14,809","6,431","8,378","2,707","30,092","16,245","13,847","5,498","31,188","17,815","13,372","5,705","20,036","17,506","2,531","3,665",22499.95,8273.11,14226.84,4116.590852
Community Centre - Greenside Sheltered Housing Community Centre,"53,473","29,468","24,005","9,891","44,167","24,654","19,513","8,174","48,250","29,044","19,205","8,914","61,331","42,135","19,196","11,305","47,090","27,058","20,031","8,700","57,247","33,478","23,770","10,549","55,292","32,158","23,134","10,177","49,894","24,792","25,102","9,184","50,141","29,795","20,346","9,215","79,570","28,232","51,338","14,620","60,212","57,595","2,618","11,069","2,162","2,059",103,396,"36,664","19,305","17,359","6,699","35,015","21,165","13,850","6,405","36,742","21,111","15,630","6,721",30381.16,15242.04,15139.12,5558.537034
Community Centre - Ireland Crescent Sheltered Housing,"31,897","27,393","4,504","5,900","26,191","21,681","4,510","4,846","39,686","28,361","11,325","7,337","23,985","12,925","11,060","4,425","18,505","6,257","12,248","3,417","25,583","15,959","9,624","4,714","41,007","21,412","19,596","7,549","42,859","21,170","21,689","7,889","46,158","26,741","19,417","8,483","46,967","27,029","19,938","8,626","48,647","27,358","21,289","8,930","46,712","27,142","19,569","8,544","44,275","24,213","20,061","8,090","45,571","26,049","19,522","8,336","46,642","25,608","21,033","8,532",44336.31,23560.13,20776.18,8111.771278
Community Centre - Lewisham Park Youth Club and Community Centre,"120,947","75,631","45,316","22,372","92,347","55,117","37,230","17,090","115,455","61,604","53,851","21,320","123,520","80,140","43,380","22,773","118,590","67,879","50,711","21,909","121,629","75,539","46,090","22,413","109,208","67,661","41,547","20,101","121,143","65,211","55,931","22,299","140,585","84,316",56269.19,"25,837",124355.32,75589.56,48765.76,22838.00045,69750.46,31564.8,38185.66,12797.90526,111521.63,63890.05,47631.58,20396.77017,53926.49,50030.11,3896.38,9845.256889,58256.16,18181.29,40074.87,10655.57758,8779.71,8779.71,0,1605.808959,0,0,0,0
Community Centre - Lofthouse Sheltered Housing,55673,31916,23757,10297.83481,49881.98,27818,22063.98,9231.965196,50162.87,29860.16,20302.71,9266.910982,64178.3,37803.63,26374.67,11835.98198,26232.14,8887.6,17344.54,4843.166464,40916.95,24060.93,16856.02,7539.492586,45182.45,27719.27,17463.18,8316.346373,33868.48,14556.33,19312.15,6233.414913,41074.68,23791.83,17282.85,7548.32085,25713.5,9980.34,15733.16,4724.348323,33612.48,17941.51,15670.97,6169.200309,30929.33,19978.03,10951.3,5658.226277,2099.6,2031.31,68.29,383.2875438,68.61,57.13,11.48,12.55042155,217,217,0,40,0,0,0,0
Community Centre - Mandela Centre,0,0,0,0,"137,802",0,"137,802","25,522","367,710","184,445","183,265","67,889","341,751","208,332","133,419","63,020","339,208","186,781","152,427","62,665","331,833","186,890","144,943","61,141","320,500","199,214","121,285","58,991","302,860","147,886","154,974","55,744","304,994","187,098","117,896","56,054","299,185","184,285","114,899","54,945","376,414","177,547","198,867","69,070","531,054","288,708","242,346","97,118","235,363","146,985","88,378","42,997","223,544","99,090","124,454","40,889","282,554","162,209","120,345","51,686",240746.34,124867.9,115878.44,44046.95037
Community Centre - Methley Village Centre,"77,593","50,682","26,911","14,352","64,182","39,704","24,478","11,878","64,639","40,073","24,566","11,943","48,978","32,948","16,030","9,029","42,103","24,137","17,965","7,778","48,945","28,572","20,373","9,019","47,866","30,763","17,103","8,810","40,080","19,736","20,344","7,377","48,066","28,779","19,287","8,833","44,517","25,834","18,683","8,176","33,805","20,347",13458.13,6206.188465,35783.13,19120.01,16663.12,6543.706956,"38,502","21,371","17,131","7,035","38,839","22,203","16,636","7,104","34,373","21,775","12,599","6,288",22088.2,4409.12,17679.08,4041.257072
Community Centre - Mickletown Community Centre,"55,931","34,178","21,753","10,346","49,933","28,615","21,318",9241.212217,50307.02,"28,911","21,396",9292.329609,"55,012","34,059","20,953",10143.94654,"8,161","-3,173","11,334","1,504","17,971","9,133","8,837","3,311","18,671","10,346","8,325","3,437","18,228","9,006","9,222","3,355","19,636","11,362","8,274","3,608","20,004","11,513","8,491","3,674","21,280","12,221","9,059","3,906","19,900","11,559","8,341","3,640","10,649","7,668","2,981","1,945","15,243","8,848","6,395","2,788","17,775","9,978","7,797","3,252",16786.86,9707.44,7079.42,3071.323906
Community Centre - Middleton Skills Centre,286673,170472,116201,53025.90481,290238.78,185139,105099.78,53710.69108,319486.34,196295.03,123191.31,59027.9312,228425.74,35552.2,192873.54,42219.42478,226946.61,138533.66,88412.95,41932.75573,265395.07,168790.42,96604.65,48908.34119,257814.03,181796.23,76017.8,47449.66917,256869.78,151716.81,105152.97,47284.7133,109582.71,108847.82,734.89,20158.50463,0,0,0,0,0,0,0,0,0,0,0,0,0,0,0,0,0,0,0,0,0,0,0,0,0,0,0,0
Community Centre - Morley Skills Centre,0,0,0,0,0,0,0,0,0,0,0,0,0,0,0,0,0,0,0,0,0,0,0,0,0,0,0,0,0,0,0,0,0,0,0,0,0,0,0,0,0,0,0,0,0,0,0,0,0,0,0,0,23,0,23,4,0,0,0,0,0,0,0,0
Community Centre - North Gipton - Henry Barran,"307,090","145,137","161,953","56,802","323,465","181,849","141,616","59,865","406,045","253,977","152,068","75,026","376,477","224,422","152,054","69,429","333,392","170,142","163,250","61,583","373,779","227,520","146,260","68,877","399,928","244,133","155,794","73,611","354,818","179,104","175,713","65,309","440,591","275,475","165,115","80,977","421,522","271,301","150,221","77,408","305,365","183,017","122,348","56,061","444,206","277,353","166,853","81,257","396,149","234,570","161,578","72,376","335,948","182,703","153,245","61,450","335,650","235,692","99,959","61,396",218611.4,117359.76,101251.64,39997.14174
Community Centre - Northfield Sheltered Housing,"54,719","32,061","22,658","10,121","59,514","36,834","22,680","11,014","61,618","37,981","23,637","11,385","56,987","34,306","22,681","10,509","42,003","22,610","19,393","7,759","32,741","23,858","8,883","6,035","57,209","38,356","18,853","10,529","41,210","20,363","20,847","7,585","44,355","25,693","18,662","8,151","40,396","25,964","14,432","7,418","3,671","3,523",148,675,125,125,0,23,"16,911","6,300","10,612","3,091","24,866","14,966","9,900","4,548","28,301","15,373","12,928","5,177",22941.08,12179.81,10761.27,4197.299997
Community Centre - Nowell Mount,6091,3828,2263,1126.65227,4153.82,6233,-2079.18,767.8330822,-123.29,3773.51,-3896.8,-18.2752849,2337.56,1174.4,1163.16,431.2897742,7511.51,3423.2,4088.31,1387.288363,17884.27,13379.99,4504.28,3296.712344,19036.73,11519.91,7516.82,3503.954342,9689.78,4779.92,4909.86,1783.50698,10415.26,6029.55,4385.71,1914.01766,44405.7,35357.1,9048.6,8152.147503,26244.35,13006.86,13237.49,4816.150017,33547.37,18951.55,14595.82,6135.486881,23539.51,12185.33,11354.18,4301.318093,25312.48,12122.69,13189.79,4630.003255,24532.54,13376.78,11155.76,4487.670912,23570.28,11654.01,11916.27,4312.418429
Community Centre - Peel Street Youth Centre,0,0,0,0,0,0,0,0,0,0,0,0,0,0,0,0,0,0,0,0,0,0,0,0,0,0,0,0,0,0,0,0,0,0,0,0,0,0,0,0,0,0,0,0,0,0,0,0,0,0,0,0,0,0,0,0,0,0,0,0,0,0,0,0
Community Centre - Primrose House Sheltered Housing Community Centre and Offices,"190,848","170,186","20,662","35,301","50,644","29,846","20,798","9,373","46,057","25,235","20,821","8,506","44,982","25,339","19,643","8,297","42,386","23,083","19,303","7,830","26,524","15,923","10,600","4,887","48,908","35,265","13,643","9,001","34,930","15,618","19,312","6,429","37,032","22,247","14,785","6,806","35,737","20,564","15,172","6,563","34,671","18,488","16,183","6,363","35,518","20,627","14,891","6,496","33,694","18,424","15,270","6,156","34,710","19,860","14,850","6,349","21,299","19,429","1,870","3,896",22954.82,7154.82,15800,4199.813867
Community Centre - Prince Philip Centre,"268,135","153,723","114,412","49,597","208,810","119,797","89,013","38,645","258,045","163,485","94,560","47,682","249,155","165,116","84,039","45,933","206,990","119,742","87,248","38,242","199,951","113,434","86,517","36,842","231,645","144,099","87,546","42,637","202,411","113,993","88,418","37,259","227,130","148,143","78,987","41,747","209,754","126,391","83,362","38,522","166,884","74,704","92,180","30,620","246,001","149,341","96,661","44,998","235,834","147,511","88,323","43,084","230,146","175,732","54,414","42,099","172,269","97,251","75,018","31,513",133056.9,60330.19,72726.71,24344.09042
Community Centre - Richmond Hill,207517,117465,90052,38384.41949,"202,290",104922,"97,368","37,441","264,729","121,898","142,831","48,863","264,291","174,158","90,132","48,724","227,846","137,425","90,421","42,098","249,848","160,370","89,478","46,044","229,202","153,400","75,801","42,185","205,019","109,647","95,372","37,738","230,092","144,007","86,084","42,289","254,193","164,844","89,349","46,679","205,192","119,635","85,557","37,668","203,421","146,089","57,332","37,223","191,324","113,197","78,127","34,955","197,527","119,751","77,776","36,131","183,452","108,285","75,167","33,558",162921.81,102460.24,60461.57,29808.17436
Community Centre - RISE,0,0,0,0,0,0,0,0,0,0,0,0,0,0,0,0,0,0,0,0,0,0,0,0,0,0,0,0,0,0,0,0,0,0,0,0,0,0,0,0,0,0,0,0,0,0,0,0,0,0,0,0,0,0,0,0,0,0,0,0,0,0,0,0
Community Centre - Shantona Womens Centre,0,0,0,0,0,0,0,0,"10,461","6,358","4,103","1,933","74,923","56,667","18,256","13,806","38,572","22,352","16,220","7,126","43,822","26,831","16,992","8,075","43,445",28082.87,15361.75,7996.239885,"36,456","18,960","17,495","6,710","38,291","23,713",14577.63,7037.417474,41284.67,23187.72,18096.95,7582.664694,49618.08,28974,20644.08,9108.619073,48627.75,29020.5,19607.25,8894.502195,43108.5,25774.39,17334.11,7875.767279,"45,081","26,209","18,872","8,246","47,385","28,862",18522.1,"8,668",45105.25,26290.52,18814.73,8252.45654
Community Centre - St Gabriels Community Centre and East Ardsley Youth Club,"43,280","24,194","19,086","8,006","6,126","-3,726","9,852","1,136","24,498","14,611","9,886","4,526","23,876","14,072","9,804","4,403","37,577","27,808","9,770","6,946","28,786","16,468","12,318","5,304","30,445","18,042","12,403","5,604","27,082","13,379","13,702","4,985","29,160","16,885","12,275","5,359","29,648","17,060","12,588","5,445","31,538","18,109","13,429","5,789","29,469","17,111","12,358","5,390","27,962","15,298","12,664","5,109","28,786","16,457","12,330","5,265","39,742","16,117","23,625","7,270",72238.49,59128.83,13109.66,13216.75413
Community Centre - St Matthews,169969,111770,58199,31439.16593,"171,776",109593,"62,183","31,788","199,795","129,357","70,438","36,922","171,387","111,974","59,414","31,598","159,893","91,997","67,896","29,540","177,665","109,095","68,570","32,739","188,892","122,862","66,029","34,766","150,986","82,381","68,605","27,792","152,908","98,216","54,692","28,104","191,758","116,841","74,917","35,217","167,078","100,964","66,114","30,674","136,240","85,663","50,577","24,922","72,515","41,659","30,856","13,249","81,653","41,860","39,793","14,936","99,654","58,228","41,426","18,229",86228.43,49026.35,37202.08,15776.35355
Community Centre - Strawberry Lane,0,0,0,0,"145,183",0,"145,183","26,889","432,660","275,195","157,465","79,949","452,887","304,369","148,518","83,488","441,908","287,009","154,899","81,660","368,809","255,628","113,181","67,976","380,100","246,885","133,215","69,960","392,055","241,988","150,067","72,172","456,069","296,382","159,688","83,827","330,788","201,772","129,017","60,749","391,593","265,723","125,870","71,913","410,659","286,019","124,641","75,139","403,822","281,201","122,622","73,761","409,678","279,803","129,875","74,938","354,731","235,392","119,339","64,887",225781.65,224414.72,1366.93,41309.01068
Community Centre - Swinnow,0,0,0,0,"24,049",0,"24,049","4,454","26,119",15330.91,"10,788",4824.916573,"62,870","49,918","12,952","11,583",28387.41,"21,010","7,378",5247.045958,"31,507","19,815",11692.31,5806.25041,"57,578","28,722","28,856","10,599","23,765","10,435","13,330",4373.9767,"32,765","18,036","14,729","6,021","35,161","20,990","14,170","6,457","36,330","20,526","15,805","6,669","28,660","16,439",12221.07,5241.848979,"57,158","36,570",20588.39,"10,442","43,482","24,862","18,620",7953.619026,"44,375","24,324","20,051","8,117",35550.59,16684.09,18866.5,6504.335946
Community Centre - The Rose Lund Centre,"82,265","40,690","41,575","15,217","74,578","42,077","32,501","13,802","75,074","40,218","34,856","13,864","90,169","58,652","31,517","16,624","72,259","42,279","29,980","13,350","121,266","43,459","77,806","22,332","1,149",862,288,212,"50,490","30,923","19,567","9,294","2,543","2,447",96,468,64,64,0,12,0,0,0,0,0,0,0,0,0,0,0,0,"48,723","36,595","12,128","8,912","17,376","15,309","2,068","3,178",21285.06,9929.14,11355.92,3894.314578
Community Centre - Thorpe Sheltered Housing Library and Community Centre,"31,330","15,472","15,858","5,795","113,335","93,854","19,481","20,968","58,202","24,145","34,057","10,740","119,301","72,697","46,604","22,000","-49,519","-64,395","14,875","-9,168","16,081","5,974","10,107","2,961","12,791","9,019","3,772","2,354","8,278","4,061","4,216","1,524","8,964","5,189","3,775","1,647","9,066","5,200","3,865","1,665","23,291","5,157","18,134","4,270","30,341","27,756","2,585","5,556","6,963","3,099","3,864","1,273","17,646","13,885","3,762","3,228","28,725","11,659","17,066","5,255",21741.28,14638.51,7102.77,3977.784589
Community Centre - Victoria Close Sheltered Housing,0,0,0,0,"6,757",0,"6,757","1,251","60,607","73,899","-13,292","11,241","67,288","42,678","24,609","12,407","60,436","39,100","21,336","11,168","55,535","33,649","21,886","10,233","55,046","33,472","21,574","10,132","46,274","20,241","26,033","8,517","41,289","20,496","20,793","7,586","46,551","27,834","18,717","8,549","44,756","26,559",18196.86,8216.406401,"26,351","13,395",12956.01,4818.335843,"33,376","13,887","19,488","6,100","32,150","22,357","9,793",5880.892674,"30,421","19,671","10,750","5,565",28426.53,15717.23,12709.3,5200.917929
Community Centre - Wellington Gardens Sheltered Housing,"351,691","25,513","326,178","65,052","22,522","14,011","8,511","4,168","32,079","18,851","13,228","5,926","28,988","19,841","9,147","5,344","31,207","16,966","14,241","5,765","30,269","20,924","9,346","5,579","38,761","18,731","20,031","7,135","27,567","13,605","13,962","5,074","29,679","17,200","12,479","5,454","54,490","41,662","12,827","10,004","37,031","18,150","18,880","6,795","30,316","24,074","6,242","5,549","32,459","16,714","15,745","5,931","35,636","19,239","16,397","6,518","41,921","25,985","15,936","7,668",40525.59,24578.75,15946.84,7414.561946
Community Centre - Westbourne Sheltered Housing,7090,4613,2477,1311.4373,5831.02,3144,2687.02,1079.208654,2421.2,188.01,2233.19,445.8176197,8144.64,5964.63,2180.01,1500.973501,-420.07,-1826.98,1406.91,-78.43742752,-1861.65,-1861.65,0,-343.3813425,7392,6205.95,1186.05,1360.302753,3952.62,2620.74,1331.88,727.6585775,8704.55,6059.66,2644.89,1600.098818,"10,966","7,142","3,824","2,014","10,031","5,752","4,279","1,841","3,527","3,481",46,646,"25,804","25,109",694,"4,710","5,430","3,402","2,028",993,"7,991","5,607","2,384","1,462",7846.23,5144.17,2702.06,1435.546241
Community Centre - Yeadon Tarn Activity Centre,210416,158033,52383,38920.64752,116082.32,65669,50413.32,21483.84593,129225.95,78598.87,50627.08,23874.70452,130500.11,80642.61,49857.5,24063.75744,115227.66,68644.77,46582.89,21289.64331,144096.31,95860.52,48235.79,26556.7048,95323.99,54563.79,40760.2,17546.12478,105421.72,48669.68,56752.04,19403.30769,104989.61,66680.89,38308.72,19296.64973,136057.68,83406.51,52651.17,24986.89928,"137,532",82359.18,"55,173",25248.90757,"78,135","27,746","50,389","14,280",105830.45,51986.99,53843.46,19339.23147,125269.52,76915.82,48353.7,22914.02009,117556.48,67814.67,49741.81,21504.0647,109684.85,63070.92,46613.93,20067.94016
Community Hub - Armley Community Hub and Library,"252,050","132,233","119,817","46,622","190,925","86,603","104,322","35,340","267,752","152,627","115,125","49,456","226,906","133,823","93,083","41,847","229,377","117,000","112,377","42,370","257,627","145,465","112,161","47,468","301,241","169,152","132,089","55,449","219,902","103,935","115,966","40,474","255,557","142,439","113,118","46,961","250,327","151,221","99,106","45,973","297,689","166,107","131,583","54,643","292,902","170,085","122,817","53,572","273,750","158,394","115,356","50,015","255,854","143,710","112,144","46,800","223,676","129,285","94,391","40,916",206527.32,109478.58,97048.74,37786.23847
Community Hub - Beeston Community Hub and Library,"55,380","27,883",27497,10243.6386,"46,559",28969,"17,590",8616.219457,"44,124","24,297","19,827",8149.067273,"38,516","24,647","13,869","7,101","35,657","16,975","18,682","6,586","29,285","14,694","14,592","5,395","24,609","10,711","13,898","4,530","26,069","9,757","16,311","4,798","32,174","15,798","16,376","5,911","37,175","17,859","19,316","6,829","4,662","4,662",0,857,"1,002","1,002",0,184,"27,552","19,336","8,216","5,033","5,224","4,031","1,193",956,"29,960","20,493","9,467","5,480",12911.23,8327.83,4583.4,2362.238641
Community Hub - Dewsbury Road Community Hub,"159,573",74979,"84,594","29,516","171,695","98,939","72,756","31,776","163,492","94,334","69,158","30,199","175,169","108,767","66,402","32,300","135,254","78,290","56,964","24,989","127,826","70,595","57,231","23,552","151,000","86,749","64,252","27,794","147,362","63,235","84,127","27,122","134,462","80,061","54,402","24,711","206,845","140,954","65,891","37,982","112,969","78,827","34,142","20,747","235,241","166,833","68,409","43,044","165,298","96,127","69,171","30,200","153,160","98,100","55,060","28,016","82,809","72,123","10,686","15,146",177795.05,69211.7,108583.35,32529.38235
Community Hub - Hawksworth Community Hub,0,0,0,0,0,0,0,0,0,0,0,0,0,0,0,0,0,0,0,0,0,0,0,0,0,0,0,0,0,0,0,0,0,0,0,0,"34,641","16,344","18,296","6,363","41,415","22,262",19153.34,"7,601",34547.94,23482.47,11065.47,6320.940099,"18,993",7364.62,"11,629","3,472","22,083","11,541",10541.81,"4,039",24397.68,13510.88,10886.8,4462.98888,26446.9,14232.09,12214.81,4838.724824
Community Hub - Holbeck Support Hub,0,0,0,0,0,0,0,0,0,0,0,0,0,0,0,0,0,0,0,0,0,0,0,0,0,0,0,0,0,0,0,0,0,0,0,0,376,23,353,69,"2,833",319,"2,514",519,"7,883","4,505","3,378","1,442",593,319,273,108,91,91,0,17,0,0,0,0,0,0,0,0
Community Hub - Horsforth Community Hub and Library,"303,091","181,710","121,381","56,063","224,050","150,836","73,214","41,460","244,088","172,704","71,384","45,124","258,931","178,646","80,285","47,729","209,044","115,686","93,358","38,619","258,750","174,382","84,368","47,688","229,930","136,519","93,411","42,322","205,280","99,006","106,274","37,783","234,910","149,548","85,362","43,176","250,974","147,011","103,962","46,094","316,084","162,246","153,838","58,009","299,024","218,448","80,576","54,719","212,777","125,065","87,712","38,874","181,710","116,452","65,258","33,238","132,462","85,461","47,001","24,230",120947.25,63099.99,57847.26,22128.50886
Community Hub - Hunslet Community Hub and Library,1639,1188,451,303.16583,1667.2,643,1024.2,308.627792,5066.85,46948.54,-41881.69,987.4328658,150453.36,73581.71,76871.65,27761.15785,174643.51,77428.52,97214.99,32253.49077,153992.2,37841.33,116150.87,28351.22383,"149,395","85,264","64,131","27,499","133,550","53,372","80,178","24,579","129,525","73,690","55,835","23,802","58,406","21,658","36,748","10,731","74,788","33,918","40,870","13,722","72,557","40,948","31,609","13,270","63,234","23,980","39,254","11,558","83,698","44,797","38,901","15,310","84,422","45,395","39,027","15,443",73173.79,33198.11,39975.68,13387.87662
Community Hub - Lovell Park Hub,"20,252",0,"20,252","3,746","52,947","26,564","26,384","9,800","70,028","42,942","27,086","12,938","66,416","41,581","24,835","12,246","73,540","31,813","41,727","13,581","55,863","33,043","22,820","10,294","66,719","36,593","30,126","12,281","62,356","29,797","32,559","11,477","92,911","56,186","36,725","17,075","90,070","52,585","37,485","16,542","85,787","48,652","37,135","15,747","95,054","54,827","40,227","17,385","80,670","45,959","34,712","14,739","71,499","41,309","30,189","13,078","63,056","37,309","25,747","11,535",20435.81,20435.81,0,3738.935798
Community Hub - Osmondthorpe Hub,"-46,431","-100,901","54,470","-8,588","108,140","60,929","47,211","20,014","147,816","92,786","55,031","27,313","109,461","61,608","47,853","20,190","127,925","78,488","49,437","23,637","127,478","75,337","52,142","23,490","132,285","82,351","49,934","24,348","120,119","65,751","54,368","22,111","126,012","77,453","48,559","23,159","139,559","86,311","53,247","25,630","73,293","73,293",0,"13,476",0,0,0,0,"13,555",0,"13,555","2,480","18,000","18,000",0,"3,293",0,0,0,0,0,0,0,0
Community Hub - Pudsey Community Hub,"138,269","69,787","68,482","25,576","77,648","30,750","46,898","14,374","136,778","46,698","90,080","25,227","131,006","72,511","58,495","24,165","127,923","62,498","65,425","23,628","114,130","68,839","45,291","21,031","125,990","69,105","56,885","23,191","119,163","45,322","73,841","21,930","126,046","65,917","60,129","23,160","141,499","74,658","66,840","25,990","114,465","43,774","70,690","20,996","89,771","44,979","44,792","16,415","82,450","43,027","39,423","15,066","86,850","42,749","44,101","15,886","87,893","45,899","41,994","16,078",84621.23,40411.78,44209.45,15482.30024
Community Hub - Rothwell Community Hub and Library,"70,016","46,885","23,131","12,951","61,516","34,942","26,574","11,385","47,464","39,967","7,497","8,782","92,959","65,748","27,211","17,134","54,532","29,532","25,000","10,074","42,133","29,759","12,375","7,766","68,208","43,956","24,252","12,554","47,262","20,456","26,807","8,699","53,645","33,016","20,629","9,859","45,892","26,406","19,486","8,429","53,375","29,635","23,740","9,797","51,227","32,676","18,551","9,371","50,677","24,817","25,860","9,261","50,227","26,955","23,272","9,187","66,634","39,468","27,166","12,189",59161.43,29676.06,29485.37,10824.17523
Community Hub - Seacroft Community Hub,0,0,0,0,0,0,0,0,0,0,0,0,0,0,0,0,0,0,0,0,0,0,0,0,119687.79,84486.27,35201.52,22028.0572,145170.56,43461.6,101708.96,26714.44191,143316.96,70126.81,73190.15,26331.65239,158573.96,90659.98,67913.98,29124.35643,157934.13,83562.46,74371.67,28986.5446,188183.65,113783.77,74399.88,34421.58941,150707.77,81367.3,69340.47,27537.16466,156649.01,85663.36,70985.65,28653.58184,174866.9,97981.67,76885.23,31987.76912,170237.31,89991.86,80245.45,31146.61824
Community Hub - St Georges Centre Community Hub,"436,225","260,761","175,464","80,689","406,518","245,322","161,196","75,232","458,468","265,703","192,765","84,687","445,017","287,078","157,939","82,048","465,180","268,422","196,758","85,943","470,293","266,350","203,943","86,653","458,475","289,465","169,010","84,386","423,274","239,314","183,960","77,914","444,004","281,599","162,405","81,606","426,445","247,031","179,414","78,322","479,135","281,652","197,483","87,958","483,875","284,413","199,462","88,503","388,769","282,256","106,513","71,007","93,050","57,631","35,419","17,020",163923.66,55975.13,107948.53,29988.11433,381172.28,198128.65,183043.63,69739.28035
Community Hub - Stocks Hill Hub,140797,87696,53101,26043.22109,"116,993",72439,"44,554",21650.83816,"132,921","82,801",50119.7,24559.68799,145884.98,91734.62,54150.36,26899.19417,142339.68,80569.15,61770.53,26296.69188,"157,896","94,650","63,246","29,095","152,038","93,094","58,944","27,984","143,809","71,899","71,910","26,470","151,638","99,496","52,142","27,872","149,323","95,022","54,301","27,422","75,213","36,339","38,874","13,802","133,795","81,021","52,774","24,473","135,376","85,695","49,681","24,731","148,496","83,135",65361.27,27162.32683,171028.94,107894.06,63134.88,31284.98122,76103.55,63397.7,12705.85,13923.90551
Computer Centre - Apex House,"95,027","51,194","43,833","17,577","70,974","30,828","40,146","13,138","75,701","51,648","24,053","13,992","20,765","6,474","14,291","3,835","45,423","22,202","23,221","8,390","46,176","24,997","21,179","8,508","49,531","29,932","19,598","9,117","43,947","20,853","23,094","8,089","43,870","23,495","20,375","8,061","48,822","28,077","20,746","8,967","47,358","26,683","20,676","8,693","44,314","24,439",19875.05,8104.156445,50104.96,25649.89,24455.07,9155.670615,58651.09,34688.66,23962.43,10728.28777,25537.83,25537.83,0,4670.869107,45973.22,13310.27,32662.95,8411.260331
Council Offices- Passenger Transport and Document Storage,"122,052","70,576","51,476","22,576","152,020","58,477","93,543","28,142","231,906","120,440","111,466","42,821","241,916","154,702","87,214","44,604","173,464","78,273",95190.27,"32,036",220234.39,118683.28,101551.11,40576.21212,213987.34,124200.41,89786.93,39387.99945,266924.99,98021.45,168903.54,49123.51647,328499.62,178272.82,150226.8,60363.18804,227144.02,130830.3,96313.72,41717.87205,207658.11,85570.67,122087.44,38095.4146,197426.38,93541.37,103885.01,36096.20705,"201,724",82631.17,"119,093","36,869","185,377","90,809","94,568","33,908","214,055","97,577","116,478","39,158",191382,94165.89,97216.11,35015.25072
Council Offices - 79 Roundhay Road,"987,675","61,489","926,186","182,690","1,117,675","564,952","552,723","206,869","1,163,511","899,095","264,416","215,184","1,711,066","731,131","979,934","315,819","1,170,064","791,966","378,097","216,232",0,0,0,0,0,0,0,0,0,0,0,0,0,0,0,0,0,0,0,0,0,0,0,0,0,0,0,0,0,0,0,0,0,0,0,0,0,0,0,0,0,0,0,0
Council Offices - Adams Court,"387,082","204,050","183,032","71,599","361,266","190,165","171,101","66,865","432,194","246,269","185,925","79,829","363,299","223,533","139,767","66,992","310,227","152,538",157688.95,"57,301","347,683","201,818",145864.32,64063.95805,"341,034","181,272",159761.95,62775.9226,"318,224","150,862",167361.46,58571.18216,"1,235,834","1,074,098",161735.09,227271.1499,"151,952","139,856",12095.55,27889.02922,21860.9,13803.33,8057.57,4013.842808,33841.76,10250.86,23590.9,6183.830404,344582.12,194257.73,150324.39,62958.48527,291103.99,167808.89,123295.1,53247.77384,0,0,0,0,0,0,0,0
Council Offices - Adult Social Care - Community Support Re-ablement - 79 - 81 Lingfield Drive,0,0,0,0,4443.62,0,4443.62,823.0028602,"3,077","3,077",0,570,0,0,0,0,0,0,0,0,"37,558","29,960","7,598","6,924","38,631","26,091","12,539","7,110","27,985","13,809","14,177","5,151","29,792","17,008","12,784","5,475","26,624","16,225","10,398","4,889","27,079","14,447","12,632","4,970","27,749","16,110","11,639","5,075","34,158","32,110","2,048","6,236","1,336","1,336",0,244,0,0,0,0,0,0,0,0
Council Offices - Aireborough Area Office,"279,732","174,534","105,198","51,742","191,248","103,743","87,505","35,396","208,610","121,312",87297.84,"38,534",237520.02,147438.45,90081.57,43797.23086,"213,028",110277.42,"102,750","39,351","203,958","122,378","81,580","37,583","221,584","133,111","88,473","40,785","211,932","103,259","108,673","39,008","196,996","132,147","64,849","36,210","150,618","101,338","49,280","27,658","47,974","46,027","1,948","8,820","1,935","1,867",69,354,57,46,11,10,0,0,0,0,0,0,0,0,0,0,0,0
Council Offices - Archway Centre,"120,517","66,628","53,889","22,292","110,042","63,533","46,509","20,366","117,570","70,130","47,441","21,720","114,209","70,798","43,412","21,060","21,498","21,498",0,"3,977",0,0,0,0,0,0,0,0,0,0,0,0,0,0,0,0,0,0,0,0,0,0,0,0,0,0,0,0,42195.77,0,42195.77,7718.826895,107283.33,64805.87,42477.46,19623.99564,86791.19,47716.42,39074.77,15876.45314,105799.54,61556.85,44242.69,19357.08384
Council Offices - Aspire - 28 Endecliff Mews,"12,477","7,148","5,329","2,308","10,170","5,423","4,747","1,882","10,277","5,756","4,520","1,898","10,826",6353.06,4472.96,1996.594006,"8,760","4,675","4,086","1,618","10,521","6,359","4,163","1,939","9,107","4,883","4,225","1,676","8,671","4,351","4,320","1,596","10,511","6,567","3,945","1,932","8,775","4,723","4,052","1,612","9,543","5,320","4,222","1,752","9,056","5,177","3,880","1,656","11,272","6,903","4,369","2,059","8,543","5,082","3,461","1,563","8,189","4,519","3,671","1,498",6073.03,2345.82,3727.21,1111.121569
Council Offices - Aspire - Naburn Court,"314,453","211,040","103,413","58,164","290,370","192,666","97,704","53,733","346,531","236,880","109,651","64,053","258,189","174,044","84,146","47,596","54,137","53,660",478,"10,014","1,931","1,480",451,356,"2,044","1,564",479,376,"2,107","1,437",670,388,"2,134","1,463",672,392,"2,729","2,021",709,501,516,516,0,95,0,0,0,0,0,0,0,0,0,0,0,0,0,0,0,0,0,0,0,0
Council Offices - Aspire - Westfield Chambers,0,0,0,0,0,0,0,0,"19,870","5,373","14,497","3,663","35,636","21,021","14,615","6,572","29,018","14,025","14,993","5,360","27,349","12,505","14,843","5,038","41,670","21,767","19,903","7,671","32,242","13,811","18,431","5,934","37,484","19,071","18,413","6,887","39,410","22,089","17,321","7,238","38,095","20,535","17,560","6,992","35,278","19,747","15,530","6,452","29,642","19,409","10,233","5,415","23,501","14,016","9,485","4,299","24,204","13,260","10,943","4,427",29688.96,15503.34,14185.62,5431.892122
Council Offices - Assisted Living Leeds - Clarence Road,"524,194","290,074","234,120","96,960","116,481","145,346","-28,865","21,539","-11,006","-11,006",0,"-2,038",0,0,0,0,"850,320",190,"850,130","156,842","1,205,147","840,442","364,705","222,124","1,277,562","793,454","484,107","235,148","1,081,674","562,256","519,419","199,100","1,258,817","754,898","503,919","231,345","1,334,352","792,923","541,429","245,062","1,284,665","718,165","566,500","235,809","1,206,899","720,204","486,695","220,754","1,108,653","584,419",524233.83,"202,577",1313324.5,790785.11,522539.39,240229.9254,1225995.47,688465.81,537529.66,224266.8232,1221985.18,695884.41,526100.77,223574.4085
Council Offices - Belgrave House,"180,032","83,888","96,144","33,301","91,416","66,442","24,974","16,915","147,842","61,351","86,491","27,281","151,741","88,931","62,810","27,985","12,056","-11,259","23,316","2,218","28,439","3,402","25,037","5,234","17,118","14,972","2,146","3,150","4,411","4,411",0,812,0,0,0,0,0,0,0,0,0,0,0,0,0,0,0,0,0,0,0,0,0,0,0,0,0,0,0,0,0,0,0,0
Council Offices - Belle Isle Foundation,56819,28972,27847,10509.81043,"54,952",26962,"27,990","10,171","-52,858","-54,676","1,818","-9,792","1,312",640,671,242,"107,250","80,235","27,015","19,824","55,676","31,216","24,460","10,258","59,874","39,672","20,201","11,020","40,442","14,856","25,586","7,443","54,811","27,698","27,113","10,071","62,674","31,797","30,877","11,512","66,523","50,510",16012.68,"12,220",63476.54,26641.85,36834.69,11603.52556,78649.76,43732.39,34917.37,14370.30747,74249.45,45381.7,28867.75,13581.53712,86421.44,50635.34,35786.1,15808.62854,88997.11,50899.66,38097.45,16282.91125
Council Offices - Bramley Neighbourhood Housing Office,"117,676","79,380","38,296","21,767","49,920","56,496","-6,576","9,232","101,146","41,989","59,157","18,664","99,587","65,675","33,911","18,360","73,643","46,290","27,353","13,608","38,318","17,303","21,015","7,058","42,980","22,230","20,751","7,912","35,669","16,276","19,393","6,565","57,990","27,752","30,238","10,654","63,163","38,203","24,959","11,600","36,075","34,504","1,571","6,632","1,206","1,183",23,221,0,0,0,0,0,0,0,0,0,0,0,0,0,0,0,0
Council Offices - Brownlee Stone Centre,"6,158","6,062",96,"1,139","79,634","58,182","21,452","14,735","57,377","5,472","51,905","10,566","43,803","31,665","12,138","8,073","45,850","24,636","21,213","8,470","47,407","27,708","19,698","8,735","53,828","29,849","23,979","9,908","60,652","33,053","27,599","11,164","55,366","38,476",16890.61,"10,178",47544.17,32790.97,14753.2,8730.141789,52094.31,34905.37,17188.94,9566.376632,47890.28,30729.92,17160.36,8760.944262,45302.74,28908.86,16393.88,8275.938169,48163.55,31333.81,16829.74,8810.019662,53667.42,33043.63,20623.79,9817.008545,56143.49,31400.49,24743,10272.01293
Council Offices - Civic Hall,"1,771,488","743,187","1,028,301","327,672","1,781,750","1,059,985","721,765","329,744","1,708,945","868,139","840,806","315,530","1,588,000","912,274","675,726","292,886","1,614,886","817,976","796,910","298,294","1,598,494","818,046","780,448","294,489","1,796,639","973,484","823,155","330,713","1,576,387","702,075","874,311","290,135","1,535,688","875,169","660,519","282,208","1,392,147","739,596","652,551","255,708","1,026,441","522,186","504,256","188,374","1,834,948","817,185","1,017,763","335,458","436,593","436,593",0,"79,696",64,64,0,12,0,0,0,0,0,0,0,0
Council Offices - Cross Flatts Park Offices,"59,427","36,854","22,573","10,992","56,450","29,723","26,727","10,448","60,715","18,774","41,941","11,196","57,398","35,587","21,811","10,584","52,395","29,953","22,442","9,680","52,489","32,301","20,189","9,672","50,155","33,983","16,172","9,231","36,887","12,259","24,628","6,788","54,618","30,128","24,490","10,037","62,252","31,500","30,753","11,435","39,883","36,048","3,835","7,331","2,901","2,901",0,531,641,641,0,117,0,0,0,0,0,0,0,0,0,0,0,0
Council Offices - East Leeds Family Support Service,0,0,0,0,30502.2,0,30502.2,5649.312462,84312.55,53947.08,30365.47,15579.99979,"74,432","49,541","24,891","13,722","68,625","43,376","25,249","12,681","70,467","44,754","25,713","12,986","67,396","47,322","20,073","12,404","63,143","30,146","32,996","11,622","63,822","37,783","26,039","11,729","62,944","36,241","26,703","11,560","9,398","9,140",258,"1,728",193,193,0,35,32,32,0,6,0,0,0,0,0,0,0,0,0,0,0,0
Council Offices - Enterprise House,"330,815",145136,"185,679","61,191","209,772","102,109","107,663","38,827","270,937","125,335","145,602","50,010","273,012","175,497","97,515","50,336","192,913","91,754","101,158","35,631","233,367","116,816","116,551","42,992","273,891","158,881","115,010","50,414","210,962","97,528","113,434","38,828","264,383","131,204","133,179","48,576","220,880","126,640","94,240","40,568",141539.6,46632.64,94906.96,25957.50231,131664.36,57095.09,74569.27,24069.41123,161671,79582.3,82088.7,29543.35078,158607.47,111943.85,46663.62,29012.54437,87667.48,39888.51,47778.97,16037.24883,19622.18,19622.18,0,3590.074053
Council Offices - Evolution House,"39,576","21,474","18,102","7,320","20,090","15,622","4,468","3,717","21,131","11,324","9,806","3,902","23,834","13,794","10,040","4,396","23,442","12,609","10,832","4,330","25,801","16,657","9,144","4,755","27,893","16,256","11,637","5,134","26,451","14,668","11,784","4,869","7,557","7,557",0,"1,390",0,0,0,0,0,0,0,0,0,0,0,0,0,0,0,0,0,0,0,0,0,0,0,0,0,0,0,0
Council Offices - Family Services (East/North East),"159,369","88,155","71,214","29,478","181,012","124,725","56,287","33,495","189,087","128,203","60,884","34,950","165,880","115,348","50,532","30,576","157,919","106,389","51,531","29,184","137,836","87,977","49,860","25,401","136,997","90,614","46,383","25,215","132,854","84,267","48,587","24,457","134,867","90,329","44,537","24,790","147,511","93,339","54,172","27,089","194,525","124,558","69,967","35,718","174,866","116,714","58,152","31,992","115,797","82,675",33122.5,"21,151",120858.05,68635.68,52222.37,22106.92271,79166.58,74000.66,5165.92,14479.87744,110991.57,63279.92,47711.65,20307.01765
Council Offices - Farnley Hall,308316,204127,104189,57029.21052,219803.9,136034,83769.9,40677.23216,284423.61,178062.75,106360.86,52553.6546,212472.25,109341.6,103130.65,39199.6141,293524,169430.88,124093.12,54229.11466,"303,022","189,629","113,393","55,841","287,873","177,413","110,460","52,986","282,343","153,309","129,034","51,971","296,672","180,262","116,411","54,523","337,363","198,338","139,025","61,960","388,973","237,928","151,045","71,413","348,636","200,746","147,890","63,764","330,246","196,131","134,115","60,335","260,969","146,549","114,421","47,736","102,147","79,164","22,983","18,684",47268.8,28847.04,18421.76,8648.299648
Council Offices - Gipton South Neighbourhood Housing Office,0,0,0,0,0,0,0,0,0,0,0,0,"23,173","10,174","12,999","4,277","26,902","17,853","9,050","4,971","31,532","21,692","9,840","5,812","31,609","17,796","13,813","5,818","27,387","14,258","13,128","5,041","29,843","18,072","11,772","5,485","29,668","17,299","12,369","5,449","31,183","17,334","13,849","5,724","30,464","17,708","12,756","5,572","28,893","15,819","13,074","5,279","29,744","17,000","12,744","5,441",0,0,0,0,0,0,0,0
Council Offices - Horsforth Neighbourhood Housing Office,"9,314",0,"9,314","1,723","48,048","26,743","21,305","8,893","69,687","41,290","28,397","12,874","70,142","38,553","31,589","12,938","55,898","45,402","10,496","10,334","73,453","43,062","30,390","13,535","28,448","19,920","8,528","5,236","39,173","29,726","9,447","7,212","80,578","57,473","23,104","14,813","48,662","32,168",16494.14,"8,936",968.97,934.77,34.2,178.1402319,45.59,34.17,11.42,8.343184,0,0,0,0,0,0,0,0,0,0,0,0,0,0,0,0
Council Offices - Hough Top Court,602076,360283,241793,111365.9977,439123.45,242600,196523.45,81271.83017,565397.27,306115.19,259282.08,104413.8683,485702.13,272502.26,213199.87,89587.53612,452667.34,230530.1,222137.24,83615.0588,"474,567","257,104","217,463","87,435","469,192","263,198","205,994","86,364","415,691","202,541","213,150","76,512","478,066","271,691","206,376","87,852","488,321","289,660","198,661","89,683","65,924","65,924",0,"12,121","2,031","2,031",0,372,0,0,0,0,0,0,0,0,0,0,0,0,0,0,0,0
Council Offices - Hunslet Hall Area Office,"349,650","212,745","136,905","64,675","294,830","172,755",122074.63,"54,564",376205.84,222868.08,153337.76,69497.67845,312654.06,211329.51,101324.55,57635.38931,340719.84,203272.96,137446.88,62952.08686,308914.47,184870.42,124044.05,56923.05948,301607.98,182167.45,119440.53,55514.87564,290523.18,134651.21,155871.97,53472.11157,"325,785","204,119","121,666","59,877","364,031","198,439",165592.34,66863.01546,"409,358",233639.97,"175,718","75,144","373,404","212,440","160,964","68,293","120,630","120,630",0,"22,020",0,0,0,0,0,0,0,0,0,0,0,0
Council Offices - Kernel House,0,0,0,0,0,0,0,0,0,0,0,0,0,0,0,0,0,0,0,0,"104,378","26,815","77,563","19,217","189,371","100,818","88,553","34,859","128,349","65,829","62,520","23,624","122,198","74,882","47,316","22,458","104,485","69,483","35,002","19,187","112,581","62,383","50,198","20,665","120,682","75,574","45,108","22,076","122,958","71,852","51,106","22,465","107,645","66,887","40,758","19,690","132,272","67,933","64,340","24,196",107419.73,65291.31,42128.42,19653.5138
Council Offices - Knowsthorpe Gate,"434,817","229,760","205,057","80,428","163,256","95,604","67,652","30,214","208,789","183,191","25,598","38,640","63,102","31,352","31,750","11,643","98,356","17,611","80,745","18,151","202,120","104,835","97,285","37,237","323,364","185,539","137,825","59,521","157,676","30,860","126,817","29,012","211,759","99,404","112,355","38,905","204,805","101,761","103,043","37,621","158,790","66,471","92,319","29,131","113,537","107,689","5,848","20,792","56,831","29,895","26,935","10,384","62,432","34,298","28,133","11,420","69,829","29,784","40,045","12,774",63267.63,27675.86,35591.77,11575.44558
Council Offices - Leeds Centre for Integrated Living,"216,610","134,812","81,798","40,066","206,161","127,950","78,211","38,152","230,235","156,695","73,539","42,556","207,109","133,121","73,988","38,185","207,702","134,417","73,285","38,381","214,021","138,163","75,857","39,442","207,141","138,054","69,087","38,125","183,857","110,412","73,445","33,845","177,426","108,859","68,567","32,608","95,513","95,513",0,"17,528",0,0,0,0,0,0,0,0,0,0,0,0,0,0,0,0,0,0,0,0,0,0,0,0
Council Offices - Little London Community Centre and Neighbourhood Housing Office,0,0,0,0,0,0,0,0,0,0,0,0,0,0,0,0,0,0,0,0,"22,428","10,053","12,375","4,131","19,630","11,303","8,326","3,613","27,183","13,424","13,759","5,003","25,057","14,511","10,546","4,605","18,389","2,644","15,745","3,380",24998.8,13948.31,11050.49,4588.683508,25104.91,12449.64,12655.27,4590.369048,21737.83,10493.06,11244.77,3972.396874,25049.74,13567.93,11481.81,4581.989914,25646.57,13895.42,11751.15,4691.462722,21949.06,12115.37,9833.69,4015.800018
Council Offices - Merrion House,"1,765,986","1,025,335","740,651","326,654","661,447","661,447",0,"122,348",0,0,0,0,0,0,0,0,0,0,0,0,0,0,0,0,0,0,0,0,0,0,0,0,"295,527","109,681","185,846","54,282","2,397","2,397",0,440,"74,231",0,"74,231","13,596","914,709","749,615","165,094","167,436","536,377","504,752","31,625","97,923","181,433","166,130","15,303","33,189","153,826","128,732","25,094","28,136",32750.65,7264.85,25485.8,5992.058924
Council Offices - Middleton Advice Centre,"35,077","15,277","19,800","6,488","43,789","22,947","20,842","8,105","63,218","24,415","38,803","11,663","59,604","36,369","23,235","10,991","62,659","31,090","31,569","11,574","64,794","35,800","28,994","11,938","27,285","23,592","3,693","5,021","54,930","24,996","29,933","10,110","87,079","36,886","50,193","15,996","78,924","47,875","31,049","14,495","81,110","48,573","32,537","14,891","40,489","15,161","25,328","7,400","44,935","22,285","22,650","8,211","49,017","25,732","23,285","8,966","52,625","27,004","25,621","9,627",41759.23,20896.59,20862.64,7640.268721
Council Offices - Middleton Park Complex - Leedswatch,"1,028,104","627,499","400,605","190,168","859,543","466,374","393,169","159,084","977,409","567,578","409,831","180,546","930,592","561,066","369,527","171,611","931,429","520,594","410,836","172,074","955,703","523,531","432,173","176,084","911,418","541,781","369,637","167,760","962,929","482,358","480,572","177,239","983,680","675,544","308,137","180,819","201,990","155,648","46,342","37,084","100,098","55,372","44,727","18,373","115,585","74,186","41,399","21,145","130,902","74,139","56,763","23,917","130,090","77,780","52,310","23,796","118,449","64,705","53,743","21,668",91607.37,30903.58,60703.79,16760.48442
Council Offices - Moortown Neighbourhood Housing Office,"68,004","43,429","24,575","12,579","45,916","24,146","21,770","8,498","51,371","30,392","20,979","9,490","72,057","48,133","23,924","13,284","46,186","23,338","22,848","8,531","49,162","28,360","20,803","9,059","48,525","27,628","20,897","8,932","27,709","23,986","3,723","5,102","37,764","9,999","27,765","6,935","23,051","21,728","1,323","4,231","1,721","1,653",68,316,"13,246",68,"13,178","2,418","10,521","10,066",455,"1,921",331,331,0,61,0,0,0,0,0,0,0,0
Council Offices - Navigation House,0,0,0,0,0,0,0,0,49678.03,0,49678.03,9142.744641,350803.01,230575,120228.01,64673.95905,176632.3,112429.11,64203.19,32638.6285,170833.63,"59,160","111,674",31459.65455,203732.92,113941.89,89791.03,37501.21949,194969.41,69779.79,125189.62,35880.80698,262331.31,145231.97,117099.34,48205.77308,229145.49,106520.8,122624.69,42094.63376,0,0,0,0,0,0,0,0,0,0,0,0,0,0,0,0,0,0,0,0,0,0,0,0
Council Offices - North West Leeds Family Resource Centre,"33,654","12,382","21,272","6,225","41,249","26,119","15,130","7,634","56,511","36,891","19,620","10,443","61,929","40,288","21,641","11,418","59,336","36,275","23,061","10,964","60,008","36,478","23,529","11,058","63,030","38,895","24,135","11,601","46,409","19,738","26,672","8,541","58,548","34,653","23,895","10,760","54,573","30,286","24,287","10,023","55,631","29,672","25,959","10,210","57,027","33,131","23,897","10,430",58447.72,33717.39,24730.33,10678.66508,43358.96,28314.45,15044.51,7931.172813,14194.01,14194.01,0,2596.084429,0,0,0,0
Council Offices - One Stop Centre - South Seacroft,"197,379","115,930","81,449","36,509","172,895","111,163","61,732","31,995","200,467","134,927","65,541","37,052","184,211","124,480","59,730","33,958","161,870","96,271","65,598","29,907","182,522","112,612","69,909","33,634","147,729","93,542","54,188","27,191","132,310","65,841","66,470","24,353","169,503","106,005",63498.72,"31,153",175929.15,115917.35,60011.8,32306.36256,155941.95,84389.75,71552.2,28622.24428,120025.93,48982.36,71043.57,21939.90233,144211.73,85212.43,58999.3,26347.35557,144734.39,87858.25,56876.14,26474.46133,132275.32,76852.92,55422.4,24196.48137,146583.58,83547.28,63036.3,26818.9318
Council Offices - One Stop Centre - Wetherby,"186,100","91,854","94,246","34,423","168,067","90,751","77,316","31,106","159,847","86,998","72,849","29,520","196,395","121,332","75,063","36,215","173,330","96,862","76,468","32,021","179,607","102,043","77,564","33,093","162,459","91,356","71,103","29,904","135,684","71,190","64,494","24,975","147,338","76,308","71,030","27,072","169,116","93,181","75,935","31,062","123,458","117,543","5,915","22,696","183,147","89,581",93566.07,33487.25034,123828.92,69744.77,54084.15,22624.7658,110974.93,58047.94,52926.99,20298.9938,113950.89,60219.87,53731.02,20844.84164,116784.71,68168.71,48616,21366.93054
Council Offices - Print Management and Offices,"94,400","52,002","42,398","17,461","279,128","49,828","229,300","51,685","133,076","105,792","27,285","24,615","203,315","130,134","73,181","37,486","238,507","116,309","122,199","44,054","246,014","126,008","120,006","45,323","260,108","140,076","120,032","47,879","240,706","110,252","130,454","44,303","234,461","145,379","89,082","43,091","299,662","161,841","137,820","55,041","321,593","181,016","140,578","59,032","324,648","186,554","138,095","59,377","255,349","146,116","109,233","46,654","254,136","130,686","123,450","46,485","295,618","160,345","135,272","54,077",251628.5,129502.84,122125.66,46037.95036
Council Offices - Signpost ENE,-1,-97,96,0,96,0,96,18,638,256,382,118,602,538,64,111,158,31,127,29,-216,"17,116","-17,333",-32,0,0,0,0,32,32,0,6,0,0,0,0,0,0,0,0,0,0,0,0,0,0,0,0,0,0,0,0,0,0,0,0,0,0,0,0,0,0,0,0
Council Offices - South Pudsey Centre,"99,515","56,757","42,758","18,407","96,455","56,936","39,519","17,851","106,837","59,798","47,039","19,732","104,943","64,427","40,515","19,351","94,578","59,467","35,111","17,476","44,759","18,703","26,056","8,244","57,696","34,514","23,182","10,620","46,727","22,393","24,334","8,601","53,124","28,766","24,358","9,762","56,216","34,103","22,112","10,324","21,960","20,822","1,138","4,037","22,676","11,260","11,416","4,146",114,114,0,21,0,0,0,0,0,0,0,0,0,0,0,0
Council Offices - South Youth Offending Service,"794,958","493,966","300,992","147,043","644,015","374,141","269,874","119,188","707,751","403,647","304,104","130,727","666,985","399,891","267,094","123,001","442,307","260,322","181,986","81,720","418,458","237,004","181,453","77,102","399,491","232,944","166,546","73,533","334,283","155,915","178,367","61,526","120,825","120,825",0,"22,227",249,249,0,46,0,0,0,0,0,0,0,0,0,0,0,0,0,0,0,0,0,0,0,0,0,0,0,0
Council Offices - St George House,"14,428","7,444","6,984","2,669","179,084","14,454","164,630","33,165","220,812","99,108","121,704","40,754","340,792","211,624","129,169","62,840","274,674","129,910","144,764","50,732","298,818","146,155","152,662","55,048","358,140","192,429","165,712","65,924","364,892","98,578","266,314","67,146","319,538","207,493","112,045","58,732","267,722","135,645","132,077","49,177","198,000","54,269","143,731","36,304","2,674",2674.36,0,490,0,0,0,0,0,0,0,0,0,0,0,0,0,0,0,0
Council Offices - Swarcliffe Neighbourhood Housing Office,39207,26793,12414,7252.11879,26783.18,"20,722","6,061",4955.539488,22668.64,16875.21,5793.43,4191.680501,16159.4,12774.02,3385.38,2977.134546,10446.88,8540.75,1906.13,1931.393854,14384.63,6171.42,8213.21,2649.522926,19749.63,11189.59,8560.04,3635.30007,16409.37,9477.91,6931.46,3020.601095,21247.8,12994.79,8253.01,3905.031434,22330.54,13891.25,8439.29,4100.91554,21551.02,11921.17,9629.85,3955.748854,12045.77,9526.96,2518.81,2204.741571,14116.56,7645,6471.56,2579.353821,15280.39,8275.75,7004.64,2795.022717,16411.19,9220.01,7191.18,3002.038122,19146.57,4625.36,14521.21,3503.056447
Council Offices - Technorth,"437,316","224,393","212,923","80,890","445,071","120,441","324,630","82,403","395,349","92,134","303,215","72,868","285,239","134,296","150,943","52,636","311,814","157,167","154,647","57,596","386,641","217,682","168,959","71,239","402,315","233,921","168,394","74,053","303,560","135,762","167,798","55,871","291,402","159,494","131,908","53,547","322,334","164,450","157,884","59,208","308,383","164,802","143,581","56,600","330,022","154,993","175,029","60,338","286,697","130,200","156,497","52,395","298,287","147,424",150862.7,"54,561",285458.55,150103.79,135354.76,52218.49008,223264.07,103816.14,119447.93,40848.39425
Council Offices - The Gate Resource Centre ,"63,405","35,816","27,589","11,728","35,318","15,260","20,058","6,538","42,430","24,611","17,819","7,838","56,539","29,680","26,860","10,431","56,087","31,978","24,109","10,362","48,653","27,465","21,188","8,964","54,551","27,678","26,873","10,042","40,629","28,225",12404.45,"7,480",70030.34,39867.12,30163.22,12869.2079,60488.11,35210.07,25278.04,11109.27316,51198.3,32073.82,19124.48,9400.25304,50861.86,27138.58,23723.28,9301.149844,78615.4,52479.19,26136.21,14360.62017,68588.67,34139.33,34449.34,12545.85526,68522.95,39839.52,28683.43,12534.56856,58176.78,33406.29,24770.49,10644.02367
Council Offices - The Youth Justice Centre ,"223,707","148,345","75,362","41,379","210,934","140,241","70,693","39,033","221,950","158,440","63,510","41,033","131,532","104,187","27,345","24,233","119,440","41,798","77,643","22,053","200,637","134,318","66,319","36,977","214,604","149,910","64,694","39,497","196,674","117,357","79,317","36,204","205,644","137,041",68602.7,"37,799","181,120","128,211","52,909","33,256","166,997","106,665","60,331","30,663","165,281","108,583","56,698","30,238","186,224","114,243","71,981","34,021","133,461","85,234","48,227","24,412","125,369","81,746","43,623","22,933",130160.12,73766.7,56393.42,23814.09556
Council Offices - Therapeutic Social Work Team,63891,36816,27075,11817.91827,60091.33,34345,25746.33,11121.27243,67382.6,40106.77,27275.83,12448.01862,61604.45,68206.11,-6601.66,11331.52361,55045.51,30504.53,24540.98,10169.09828,52676.11,33646.83,19029.28,9707.484766,60081.21,36393.68,23687.53,11058.71134,51644.92,25515.4,26129.52,9505.804346,44520.28,22908.21,21612.07,8180.225277,"74,262","44,730","29,532","13,638","63,867","34,073","29,794","11,722","27,274",-169,"27,443","4,978","45,242","27,947",17294.76,"8,265","46,689","32,698","13,991","8,540",0,0,0,0,0,0,0,0
Council Offices - Transport Block - 79 Roundhay Road,0,0,0,0,91,1240,"-1,149",16.4657571,-107,-106.83,0,-19.7859843,0,0,0,0,0,0,0,0,0,0,0,0,0,0,0,0,0,0,0,0,0,0,0,0,0,0,0,0,0,0,0,0,0,0,0,0,0,0,0,0,0,0,0,0,0,0,0,0,0,0,0,0
Council Offices - Unit 5 Landmark Court,"42,123","25,103","17,020","7,791","50,067","23,643","26,424","9,267","62,425","32,984","29,441","11,527","70,932","43,765","27,167","13,080","50,778","33,274","17,504","9,383","51,017","30,931","20,085","9,401","62,030","37,346","24,684","11,417","51,097","25,863","25,234","9,405","53,079","30,911","22,168","9,754","47,061","30,848","16,213","8,642","93,270","30,352","62,918","17,105","322,116","256,631","65,484","58,958","48,010","23,636","24,374","8,773","7,047","7,047",0,"1,289",0,0,0,0,0,0,0,0
Council Offices - Unit 7 Landmark Court,70313,35594,34719,13005.79561,60795.8,30919,29876.8,11252.56956,"94,256",44240.68,50015.78,17398.72049,82246.78,45831.35,36415.43,15170.6731,55495.5,26956.54,28538.96,10250.24333,"50,552","28,567","21,985",9314.384613,"54,660","31,737","22,923",10061.11466,"12,392","12,392",0,"2,282",0,0,0,0,0,0,0,0,0,0,0,0,0,0,0,0,0,0,0,0,0,0,0,0,0,0,0,0,0,0,0,0
Council Offices - Vehicle Licensing and Enforcement,"147,881","83,826","64,055","27,354","52,377","6,346","46,031","9,699","121,062","56,190","64,872","22,346","165,206","111,154","54,052","30,455","122,943","67,264","55,679","22,712","128,802","73,474","55,328","23,733","121,661","71,308","50,354","22,394","143,661","42,209","101,452","26,436","16,417","16,417",0,"3,020","266,611","201,467","65,144","48,949","87,644","33,248","54,396","16,077","134,526","67,113","67,414","24,598","111,895","49,055","62,840","20,450","110,057","51,547","58,509","20,131","122,593","59,365","63,228","22,426",118421.68,61012.89,57408.79,21666.43057
Council Offices - Waterside,0,0,0,0,0,0,0,0,0,0,0,0,0,0,0,0,0,0,0,0,0,0,0,0,0,0,0,0,0,0,0,0,0,0,0,0,"57,337","31,150","26,187","10,531","114,026","83,418","30,608","20,944","96,785","70,543","26,242","17,711","37,819","37,819",0,"6,903","102,409","10,830","91,579","18,731","116,096","114,436","1,660","21,234",102.52,0,102.52,18.7570592
Council Offices - Wharfemeadows Park Offices,"1,274",-147,"1,421",236,"1,025",-128,"1,153",190,"1,388",813,575,256,"3,377","2,326","1,050",622,778,282,495,144,"1,012",398,614,186,181,135,45,33,768,362,406,141,"2,177","1,533",644,400,"1,590",919,672,292,"1,674",968,706,307,"1,241",910,331,227,"1,516",833,683,277,"1,555",891,665,284,34,11,23,6,968.32,261.54,706.78,177.1638272
Council Offices - White House,56128,35082,21046,10381.99616,53108.99,31938,21170.99,9828.650918,49161.99,40244.81,8917.18,9094.859067,"75,874","52,693","23,182","13,986","57,004","33,356","23,649","10,532","56,775","33,357","23,417","10,462","67,787","41,198","26,590","12,477","49,483","27,980","21,502","9,109","48,926","27,393","21,533","8,991","53,827","34,294","19,533","9,885","50,785","30,754","20,030","9,324","42,196","24,199","17,997","7,717","22,516","18,262","4,254","4,112","29,600","16,812","12,787","5,414","28,743","17,564","11,179","5,258",29918.54,12395.87,17522.67,5473.896078
Council Offices - Wortley Area Housing Office,738,465,273,137,973,577,396,180,"1,173",756,417,217,454,183,271,84,688.08,440.46,247.62,127.1467179,2999.9,1691.93,1307.97,552.7388068,5319.74,1830.61,3489.13,979.3985145,55938.12,30895.07,25043.05,10296.67881,41115.88,28572.42,12543.46,7558.032728,20342.53,13183.09,7159.44,3735.635079,92192.3,63789.93,28402.37,16931.23252,56312.42,47366.37,8946.05,10308.6363,47670.98,27280.53,20390.45,8709.791069,42366.75,22966.72,19400.03,7749.542914,44677.18,25334.4,19342.78,8172.616789,45221.49,24861.61,20359.88,8273.72381
Crematorium - Cottingley Hall,"1,381,005","996,711","384,294","255,444","1,448,532","1,063,334","385,198","268,027","1,502,375","1,095,577",406798.74,277778.9766,1685071.32,1230340.51,454730.81,310544.7909,972889.88,750925.31,221964.57,179842.2746,877948.16,634319.12,243629.04,161827.1299,864624.97,633577.97,231047,159126.8677,798064.05,572211.06,225852.99,146928.5874,863604.09,644293.53,219310.56,158769.9186,921849.98,708998.16,212851.82,169245.3165,974743.12,588318.43,386424.69,178951.6559,858669.65,580583.34,278086.31,157101.5196,921900.3,687564.2,234336.1,168374.8202,939911.71,701583.87,238327.84,171930.1459,980599.34,679368.49,301230.85,179369.6931,1050277.2,780259.3,270017.9,192158.7165
Crematorium - Lawnswood,"3,772,991","2,826,037","946,954","697,890","2,662,427","2,046,378","616,049","492,617","2,306,584","1,688,968","617,616","426,480","2,247,212","1,647,761","599,451","414,136","2,262,958","1,608,957","654,002","418,244","2,109,634","1,566,048","543,586","388,876","1,876,846","1,389,049","487,796","345,415","1,917,926","1,317,514","600,412","353,090","2,572,700","1,898,024","674,676","472,970","1,326,555","1,057,984","268,571","243,533","1,133,859","807,650","326,209","208,251","1,286,257","956,035","330,223","235,386","1,227,468","918,678","308,791","224,182","1,138,059","866,868","271,191","208,176","696,886","637,949","58,937","127,464",672628.33,528752.16,143876.17,123064.0793
Crematorium - Rawdon,"935,651","724,021","211,630","173,067","968,508","673,228","295,280","179,216","1,424,024","1,008,933","415,091","263,258","1,453,871","1,057,521","396,350","267,940",1577746.36,1118998.85,458747.51,291600.5559,"1,576,100","1,131,835","444,265","290,510","1,540,383","1,086,120","454,263","283,501","1,361,688","932,066","429,622","250,686","1,716,219","1,304,002","412,217","315,530","1,539,099","1,160,080","379,019","282,576","1,501,461","1,044,220","457,241","275,749","1,723,499","1,219,250","504,250","315,364","1,703,597","1,333,575","370,021","311,118","1,331,122","1,026,929","304,193","243,492","1,112,152","710,554","401,598","203,437",1183219.46,876042.66,307176.8,216481.8324
Day Centre - Aspire - Potternewton Day Services,0,0,0,0,0,0,0,0,0,0,0,0,"651,741","437,465","214,277","120,146","571,729","325,490","246,239","105,626","547,598","420,709","126,889","100,947","358,420","118,081","240,339","65,988","634,442","378,607","255,835","116,789","650,927","380,110","270,817","119,623","442,700","322,921","119,779","81,283","530,154","326,894","203,260","97,335","403,566","182,527","221,038","73,780","599,988","403,706","196,283","109,598","173,424","89,396","84,028","31,722","243,245","147,338","95,907","44,495",328297.34,205350.17,122947.17,60065.28133
Day Centre - Burley Willows,"135,077","88,291","46,786","24,985","101,119","61,801","39,318","18,713","97,465","58,289","39,176","18,006","81,644","59,208","22,435","15,047",74,74,0,14,0,0,0,0,0,0,0,0,0,0,0,0,0,0,0,0,0,0,0,0,0,0,0,0,0,0,0,0,0,0,0,0,0,0,0,0,0,0,0,0,0,0,0,0
Day Centre - Clifford Brooke and Kellet Day Centre,"332,324","96,255","236,069","61,470","17,497","40,003","-22,506","3,231","-2,469","-2,469",0,-457,0,0,0,0,0,0,0,0,0,0,0,0,0,0,0,0,0,0,0,0,0,0,0,0,0,0,0,0,0,0,0,0,0,0,0,0,0,0,0,0,0,0,0,0,0,0,0,0,0,0,0,0
Day Centre - Firthfields Day Centre and Early Years Centre,"272,759","187,542","85,217","50,452","173,976","105,943","68,033","32,197","177,313","91,115","86,199","32,739","211,717","142,034","69,683","39,029","191,186","117,424","73,762","35,326","215,277","136,516","78,761","39,672","203,926","132,637","71,289","37,534","176,282","95,326","80,956","32,448","199,736","120,984","78,752","36,708","216,244","136,482","79,762","39,712","205,084","140,668","64,416","37,663","193,884","117,785","76,099","35,465","180,083","108,290","71,794","32,900","42,726","34,716","8,010","7,816","35,433","22,297","13,137","6,482",37143.12,27741.17,9401.95,6795.705235
Day Centre - Horsforth Calverlands Day Centre,"461,984","294,695","167,289","85,453","406,965","245,748","161,217","75,315","212,490","193,453","19,037","39,333","81,644","62,677","18,967","15,044",0,0,0,0,"78,596","44,315","34,281","14,481","98,747","66,544","32,203","18,175","94,032","53,337","40,695","17,309","48,551","37,867","10,684","8,927","99,212","88,260","10,952","18,210","51,860","16,046","35,814","9,510","34,651","29,586","5,065","6,343","147,172","96,647","50,525","26,884","117,400","88,120","29,280","21,475","77,764","54,956","22,809","14,224",124419.59,87771,36648.59,22763.80819
Day Centre - Hough Lane Centre,"296,187","173,655","122,532","54,786","270,214","153,928","116,286","50,009","325,641","195,818","129,823","60,160","274,505","194,323","80,182","50,595","222,011","127,573","94,438","41,017","276,760","156,565","120,195","50,994","355,880","191,889","163,991","65,508","346,192","188,916","157,275","63,724","361,615","210,798","150,817","66,455","372,738","219,382","153,356","68,456","422,329","252,525","169,803","77,533","386,769","232,218","154,551","70,745","375,329","218,532","156,798","68,574","338,483","204,692","133,791","61,914","221,366","203,230","18,137","40,489",0,0,0,0
Day Centre - Mariners Resource Centre,"293,501","175,919","117,582","54,289","302,957","171,354","131,603","56,070","176,818","79,297","97,520","32,634","234,115","152,144","81,971","43,163","78,084","56,177","21,907","14,432","14,283","14,283",0,"2,634","2,288",0,"2,288",421,"12,919","12,919",0,"2,379",0,0,0,0,0,0,0,0,0,0,0,0,0,0,0,0,0,0,0,0,0,0,0,0,0,0,0,0,0,0,0,0
Day Centre - Radcliffe Lane,164918,11806,153112,30504.88246,122123.23,64692,57431.23,22602.91735,168911.3,114902.31,54008.99,31220.87135,113824.49,62691.65,51132.84,20995.96623,"141,122","91,235","49,888","26,078","129,852","83,751","46,100","23,930","119,065","68,225","50,840","21,916","29,894","29,894",0,"5,505",0,0,0,0,0,0,0,0,0,0,0,0,0,0,0,0,0,0,0,0,0,0,0,0,0,0,0,0,0,0,0,0
Day Centre - The Community Wellbeing Hub,"210,407","132,236","78,171","38,919","140,461","72,696","67,765","25,997","201,473","113,316","88,157","37,212","196,700","130,961","65,739","36,262","193,108","119,817","73,291","35,681","239,052","160,559","78,494","44,058","209,981","140,126","69,855","38,647","183,942","104,616","79,326","33,859","226,122","152,433","73,689","41,564","192,660","131,659","61,001","35,377","176,656","111,700","64,956","32,436","185,403","123,994","61,409","33,920","175,424","114,813",60611.59,32045.52151,164422.36,103815.8,60606.56,30075.85264,169281.46,105470.59,63810.87,30965.40769,158801.37,98879.07,59922.3,29054.29866
Day Centre - Vale Circles,"51,090","27,328","23,762","9,450","32,211","17,282","14,929","5,962","34,671","18,947","15,724","6,403","52,296","34,702","17,594","9,641","54,301","33,685","20,616","10,033","56,680","34,558","22,122","10,445","52,787","32,735","20,052","9,716","43,206","19,989",23216.46,"7,952",59344.47,30046.87,29297.6,10903.82478,47354.1,33796.15,13557.95,8694.831753,52857.3,29038.11,23819.19,9701.960126,60914.81,36346.23,24568.58,11141.92408,57961.53,40817.84,17143.69,10586.96532,47828.56,27305.84,20522.72,8748.633477,47585.39,26816.58,20768.81,8704.61396,25466.5,25466.5,0,4659.35084
Day Centre - Wykebeck Valley Road Day Centre,"92,706","56,830","35,876","17,148","95,648","65,299","30,349","17,699","105,850","68,841","37,009","19,561","86,743","59,888","26,855","15,989","97,455","65,983","31,472","18,010","103,926","72,032","31,894","19,155","100,995","69,542","31,453","18,588","82,635","46,858","35,777","15,211","99,346","66,204","33,142","18,261","103,821","69,872","33,950","19,064","95,394","61,673","33,721","17,516","94,888","63,315","31,574","17,360","90,697","59,129","31,568","16,568","88,269","57,206","31,063","16,146","92,592","62,348","30,244","16,937",86037.2,55819.73,30217.47,15741.36611
Depot - Burley Road Depot ,"128,177","54,062","74,115","23,709","98,005","48,258","49,747","18,140","75,809","40,745","35,064","14,000","142,738","86,862","55,875","26,322","72,114","30,931","41,183","13,318","117,437","61,147","56,291","21,636","128,878","68,035","60,843","23,723","105,333","40,014","65,319","19,385","105,076","60,613","44,462","19,310","104,068","51,552","52,516","19,116","135,454","51,497","83,957","24,846","124,245","66,615","57,630","22,721","106,478","54,506","51,972","19,457","122,763","61,828","60,935","22,455","113,328","61,722","51,606","20,731",82578.12,50446.07,32132.05,15108.49284
Depot - Henshaw,0,0,0,0,0,0,0,0,0,0,0,0,0,0,0,0,"1,714,335","1,660,775","53,560","317,078","119,064","71,624","47,440","21,940","125,319","80,278","45,040","23,066","106,611","55,672","50,939","19,624","102,528","64,065","38,463","18,844","106,953","62,189","44,764","19,643","116,911","70,000","46,911","21,463","106,383","69,235","37,149","19,462","101,587","66,169","35,418","18,558","95,097","54,887","40,210","17,395","91,126","65,065","26,061","16,669",105225.06,74194.52,31030.54,19251.97698
Depot - Leeds Building Services,244439,124120,120319,45213.88183,161647.44,90175,71472.44,29917.08036,212622.37,114186.84,98435.53,39264.61958,183777.48,98399.24,85378.24,33902.06557,187156.29,86677.84,100478.45,34566.31046,"186,710","96,381","90,328","34,398","161,157","105,603","55,554","29,662","151,471","51,747","99,724","27,875","188,511","103,398","85,114","34,640","179,796","85,601","94,195","33,028","225,116","142,696","82,420","41,334","96,211","62,113","34,098","17,601","4,420","4,420",0,807,961,503,458,176,0,0,0,0,0,0,0,0
Depot - Roseville Sheltered Workshop - 65 Roundhay Road,"1,208,603","931,959","276,644","223,555","1,201,319","908,358",292960.52,"222,278","1,195,689","859,814","335,875","221,061","1,057,286","777,854","279,431","194,844","985,071","684,665","300,406","182,054","409,531","306,706","102,825","75,491","339,180","177,976","161,204","62,435","72,762","72,762",0,"13,400",0,0,0,0,0,0,0,0,0,0,0,0,0,0,0,0,0,0,0,0,0,0,0,0,0,0,0,0,0,0,0,0
Depot - Seacroft Highways and Leeds Lights,"301,422","186,732","114,690","55,754","308,480","191,785","116,695","57,088","421,838","297,035","124,803","77,983","312,520","216,459","96,062","57,606","276,086","185,970","90,115","51,021","295,447","184,566","110,881","54,445","370,263","241,294","128,970","68,149","363,383","229,360","134,023","66,895","410,791","268,178","142,613","75,505","456,762","310,185","146,576","83,873","471,382","331,211",140171.44,"86,574",284585.73,215233.16,69352.57,52081.72371,231847.12,140781.25,91065.87,42356.79119,291011.88,192890.65,98121.23,53231.65244,329390.88,216062.72,113328.16,60252.39164,191158.97,121896.41,69262.56,34974.44515
Depot - Transport Services Agency,"2,345,532","1,266,055","1,079,477","433,853","581,902","715,480","-133,578","107,602","882,767","496,964","385,803","163,046","1,862,173","884,235","977,938","343,627","1,502,942","673,576","829,366","277,570","1,521,175","683,497","837,677","280,201","1,716,220","945,033","771,186","315,908","1,977,943","636,370","1,341,573","363,992","2,197,918","1,146,668","1,051,251","403,856","2,136,051","1,206,178","929,872","392,321","2,019,352","811,238","1,208,114","370,440","2,192,003","1,109,292","1,082,711","400,816","1,968,738","952,705","1,016,032","359,769","1,999,398","960,062","1,039,336","365,718","1,802,975","834,980","967,995","329,822",623911.95,240121.65,383790.3,114150.9304
District Heating - Bennett Court Sheltered Housing,"721,395","468,789","252,606","133,436","658,034","420,474","237,560","121,774","774,467","501,991","272,476","143,120","656,670","423,870","232,800","121,071","664,646","415,042","249,604","122,811","701,467","455,427","246,041","129,274","532,637","370,875","161,762","98,031","452,653","265,688","186,965","83,324","453,434","297,104","156,330","83,343","489,258","317,764","171,494","89,846","496,934","315,093","181,842","91,242","470,803","306,535","164,268","86,130","450,390","286,201","164,189","82,278","441,412","288,593","152,819","80,743","431,456","278,885","152,571","78,922",402295.26,258622.73,143672.53,73603.94077
District Heating - Clydes Biomass - comprising Clyde Grange and Clyde Court and Phil May Court,0,0,0,0,0,0,0,0,0,0,0,0,0,0,0,0,0,0,0,0,"875,506","261,809","613,698","161,209","907,071","635,435","271,636","166,944","1,556,998","706,109","850,889","286,569","1,062,030","1,052,292","9,738","195,367","513,739","13,570","500,169","94,456","1,492,822","913,734",579088.32,"274,074","1,608,673",1026870.17,"581,803","294,284","1,566,187","974,643",591543.67,"286,122",1424066.71,886558.49,537508.22,260487.446,1452801.11,924236.39,528564.72,265749.0369,1621651.74,969211.54,652440.2,296697.4024
District Heating - Cottingley Heights and Cottingley Towers Multistorey,"2,127,098","1,474,009","653,089","393,449","1,353,814","1,353,814",0,"250,415","2,042,606","1,294,348","748,259","377,436","2,004,172","1,439,366","564,805","369,375","1,841,870","1,220,440","621,430","340,371","1,965,707","1,318,205","647,501","362,281","2,080,879","1,450,527","630,352","382,981","1,806,468","1,140,699",665769.34,"332,551",1899812.19,1319646.2,580165.99,349228.3758,1862446.55,1369199.09,493247.46,341955.1355,1021368.16,644672.52,376695.64,187531.5097,560901.74,361133.01,199768.73,102610.9061,394721.94,206176.02,188545.92,72125.87337,"193,848","137,907","55,940","35,459","825,576","470,847","354,729","151,019",731234.33,408504.82,322729.51,133786.633
District Heating - Ebor Gardens - comprising Scargill Grange and Gargrave Court and Brignall Croft,2099622,1408773,690849,388367.0813,2073417.62,1339551,733866.62,383696.1852,2384575.91,1509704.76,874871.15,440623.705,2222086.46,1516712.17,705374.29,409610.9084,1758995.97,1154439.37,604556.6,325050.5819,1577591.42,970476.17,607115.25,290711.6038,"1,649,233","1,068,146","581,087","303,551","1,478,014","812,483","665,531","272,061","1,606,301","1,014,253","592,048","295,229","1,567,018","984,387","582,631","287,773","942,283","942,283",0,"173,258",6,0,6,1,0,0,0,0,0,0,0,0,0,0,0,0,0,0,0,0
District Heating - Halliday Court Sheltered Housing,1449266,846971,602295,268070.732,"1,428,580",964618,"463,962",264355.7231,"1,544,594","1,020,350","524,245","285,461","1,419,766","979,543","440,222","261,704","1,400,063","921,343","478,720","258,724","1,402,266","939,147","463,119","258,438","1,388,457","932,536","455,921","255,548","1,250,713","792,067","458,646","230,243","1,110,354","786,365","323,989","204,115","1,042,230","684,378","357,852","191,388","1,033,900","670,225","363,675","189,845","972,113","646,193","325,920","177,850","914,593","593,554","321,039","167,075","898,940","597,517","301,424","164,433","904,548","604,594","299,955","165,460",873092.83,566003.35,307089.48,159741.0642
District Heating - Mount Pleasant Gardens Sheltered Housing,"1,784,996","1,249,546","535,450","330,171","1,653,176","1,272,697","380,479","305,879","1,814,638","1,243,380","571,258","335,421","1,627,724","1,130,487","497,236","300,030","959,729","611,224","348,505","177,342","902,654","562,306","340,349","166,340","862,275","567,309","294,967","158,705","802,911","449,641","353,270","147,795","882,637","565,220","317,417","162,227","881,322","556,441","324,881","161,848","873,102","533,078","340,023","160,296","828,768","527,445","301,323","151,610","778,863","467,379","311,484","142,295","835,597","533,182",302415.4,"152,846","828,062","525,322","302,740","151,471",757119.75,460894.45,296225.3,138522.6295
District Heating - Saxton Gardens - comprising The Close and The Garth and The Lane and Flax Place ,"3,899,544","2,614,582","1,284,962","721,299","2,261,943","2,261,943",0,"418,392",3643413.79,2309586.9,1333826.89,673236.0906,3687672.33,2521500.03,1166172.3,679767.2579,3624877.22,2403074.63,1221802.59,669865.4185,3600699.04,2348331.81,1252367.23,663581.3879,"3,602,474","2,385,856","1,216,618","663,047","3,425,824","2,070,197","1,355,627","630,637","3,952,628","2,590,497","1,362,132","726,513","3,644,426","2,912,994","731,432","669,052","851,216","851,216",0,"156,513","88,354",0,"88,354","16,128","179,904","179,904",0,"32,840",0,0,0,0,0,0,0,0,0,0,0,0
District Heating - Union Court Sheltered Housing,"455,187","301,905","153,282","84,196","394,093","254,880","139,213","72,929","492,724","334,568","158,156","91,072","414,008","276,872","137,136","76,322","408,638","258,896","149,742","75,509","414,430","265,699","148,731","76,374","418,088","279,858","138,230","76,950","124,811","124,811",0,"22,986",0,0,0,0,0,0,0,0,0,0,0,0,0,0,0,0,0,0,0,0,"205,865","103,944","101,921","37,656","274,721","176,293","98,428","50,252",268394.8,163708.49,104686.31,49105.51261
District Heating - Wharfedale View Sheltered Housing,0,0,0,0,0,0,0,0,0,0,0,0,0,0,0,0,0,0,0,0,0,0,0,0,"389,376","346,716","42,660","71,651","1,080,862","289,794","791,068","198,895","1,074,292","837,114","237,178","197,520","564,560","348,950",215609.77,"103,680",585760.92,380455.43,205305.49,107558.0935,566024.11,373479.77,192544.34,103553.5985,"546,865","355,529","191,337","99,899","520,374","342,177",178197.03,95186.33723,"540,232","357,561","182,671","98,819",503240.67,325645.08,177595.59,92072.91298
Early Years Centre - Boston Spa Childrens Centre,0,0,0,0,2693.03,0,2693.03,498.7760863,37459.77,20055.07,17404.7,6917.560503,34803.71,20620.28,14183.43,6418.507971,36437.6,21648.71,14788.89,6732.23766,26221.31,12915.12,13306.19,4830.490506,30955.96,17612.9,13343.06,5698.028715,24655.88,10524.48,14131.4,4537.842564,32168.61,18703.67,13464.94,5911.678273,"32,946","17,709","15,237","6,051","31,442","16,818",14623.96,5770.888786,"30,055","15,529",14525.59,5495.831302,"28,429","14,923",13506.19,5194.647888,"30,853","17,286",13567.15,5643.475298,"32,098","16,378","15,721",5871.729631,29371.38,14984.97,14386.41,5373.787685
Early Years Centre - Bramley Family Resource Centre,30710,16246,14464,5680.4287,"32,698",18193,"14,505","6,052","52,592","27,972","24,620","9,712","40,001","26,277","13,724","7,375","24,358","17,523","6,835","4,502","34,416","13,560","20,856","6,339","42,389","25,370","17,018","7,802","32,661","16,125","16,536","6,012","30,382","20,372","10,010","5,585","33,870","20,128","13,742","6,220","28,712","16,388","12,325","5,271","32,768","20,652","12,116","5,994","7,352","4,936","2,416","1,343","9,276","8,279",997,"1,697","2,919","2,268",651,534,60401.3,57825.23,2576.07,11051.02185
Early Years Centre - Castleton Childrens Centre,"73,646","42,513","31,133","13,622","42,248","42,248",0,"7,815",0,0,0,0,0,0,0,0,0,0,0,0,0,0,0,0,"27,499","7,575","19,924","5,063","69,374","28,635","40,739","12,768","47,850","28,566","19,283","8,794","44,386","21,734","22,651","8,153","39,201","18,549","20,652","7,193","50,768","26,348","24,420","9,284","36,247","17,992","18,255","6,624","36,432","18,257","18,174","6,664",0,0,0,0,0,0,0,0
Early Years Centre - Cottingley Childrens Centre,316806,219730,97076,58599.60582,313150.66,202156,110994.66,57950.1163,346245.2,238565.69,107679.51,64002.08847,330606.61,226992.1,103614.51,60941.51315,318032.91,208132.54,109900.37,58770.02419,320389.93,213175.82,107214.11,59047.3351,308814.63,216875,91939.63,56836.27896,222557.9,127014.02,95543.88,40967.66076,266587.75,194418.24,72169.51,49009.00621,139986.52,84712.19,55274.33,25708.82504,187261.37,97206.47,90054.9,34367.80912,"215,755","136,222","79,532",39468.32255,"176,251","104,900","71,351","32,201","187,034","114,525",72508.85,34211.78381,194997.92,118189.13,76808.79,35669.7281,178220.22,105848.28,72371.94,32607.17145
Early Years Centre - Gildersome Primary School Family Services ,0,0,0,0,130066.46,0,130066.46,24089.60906,384391.3,227088.02,157303.28,71009.06784,372371.15,253550.8,118820.35,68642.04619,278787.98,155294.87,123493.11,51503.66259,374239.76,232787.82,141451.94,68964.42028,417565.64,260645.54,156920.1,76856.98162,355539.62,187616.77,167922.85,65443.34027,176909.38,159813.38,17096,32536.55634,16549.01,16001.15,547.86,3037.106055,467.61,444.81,22.8,85.9632627,251,68.48,183,46,"28,639",25953.6,"2,685","5,229","2,638","2,523",114.59,482.5083139,7524.09,2793.44,4730.65,1376.4399,6875.31,3751.42,3123.89,1257.906718
Early Years Centre - Moortown Childrens Centre,0,0,0,0,0,0,0,0,0,0,0,0,0,0,0,0,0,0,0,0,0,0,0,0,0,0,0,0,0,0,0,0,0,0,0,0,40956.78,14434.7,26522.08,7525.526647,1878.9,1128.01,750.89,344.9402111,"2,028","1,103",924,371,"2,051","1,118",933,375,"2,104","1,199",905.24,385,89725.96,78611.37,11114.59,16411.54496,37300.44,21705.31,15595.13,6824.488502
Early Years Centre - South Gipton Childrens Centre,0,0,0,0,"12,609",0,"12,609","2,335",30795.58,17717.02,13078.56,5688.347457,28844.75,15892.21,12952.54,5320.672549,38686.19,25382.01,13304.18,7148.942613,49174.83,35138.32,14036.51,9063.936302,40410.15,27665.05,12745.1,7437.469632,33639.09,14146.37,19492.72,6191.132701,34631.25,19642.96,14988.29,6364.02002,23576.84,11693.99,11882.85,4330.863734,30231.88,17792.96,12438.92,5549.904142,31002.25,18963.85,12038.4,5670.908302,29606.86,17990.03,11616.83,5408.954314,27862.53,18007.82,9854.71,5096.577634,30914.76,18579.69,12335.07,5655.049708,27770.62,19770.66,7999.96,5080.912635
Early Years Centre - Wetherby Childrens Centre,"18,243","12,326","5,917","3,374","11,186","4,641","6,545","2,071","16,617","8,872","7,745","3,069","10,581","5,950",4631.34,1951.659337,"9,488","4,232","5,256",1752.324897,"10,697","5,113","5,585",1970.611869,"14,174","6,943","7,231",2609.177797,"13,621","6,116","7,506",2507.049445,"15,394","8,036","7,358",2828.574789,"16,557","9,372","7,186",3041.050025,12844.2,6755.37,6088.83,2357.339985,"11,662",5906.18,"5,755",2132.36847,"11,792","5,078","6,714",2155.205264,"12,007","6,209","5,798",2196.278202,"14,023","5,995","8,028","2,565",15497.93,7338.51,8159.42,2835.501273
Hostel - 1 Ladybeck Close,0,0,0,0,0,0,0,0,0,0,0,0,0,0,0,0,0,0,0,0,0,0,0,0,0,0,0,0,0,0,0,0,0,0,0,0,0,0,0,0,0,0,0,0,4586.46,1674.49,2911.97,838.2505922,8658.72,4712.07,3946.65,1582.097704,1678.57,1678.57,0,307.0590076,0,0,0,0,0,0,0,0
Hostel - 2 Ladybeck Close,0,0,0,0,0,0,0,0,0,0,0,0,0,0,0,0,0,0,0,0,0,0,0,0,0,0,0,0,0,0,0,0,0,0,0,0,0,0,0,0,0,0,0,0,12369.33,0,12369.33,2257.897498,6416.28,749.77,5666.51,1173.431605,4909.16,4909.16,0,898.0273672,0,0,0,0,0,0,0,0
Hostel - Ladybeck House,0,0,0,0,0,0,0,0,0,0,0,0,0,0,0,0,0,0,0,0,0,0,0,0,0,0,0,0,0,0,0,0,0,0,0,0,0,0,0,0,0,0,0,0,25317.58,1070.76,24246.82,4622.134924,63033.74,34673.18,28360.56,11517.20906,21382.01,21382.01,0,3911.388129,0,0,0,0,0,0,0,0
Hostel - Leeds Asylum Support Team - Hillside Reception Centre,0,0,0,0,"-29,454",0,"-29,454","-5,455",0,0,0,0,0,0,0,0,0,0,0,0,0,0,0,0,0,0,0,0,0,0,0,0,0,0,0,0,0,0,0,0,0,0,0,0,0,0,0,0,0,0,0,0,0,0,0,0,0,0,0,0,0,0,0,0
Housing Leeds - Landlords Supply - Brooklands Towers Multistorey,15375,6110,9265,2843.91375,12986.89,7325,5661.89,2403.543897,12931.8,7380.76,5551.04,2388.603961,-2651.09,-2427.94,-223.15,-488.1148032,2973.78,1157.03,1816.75,549.1188512,3732.26,2122.85,1609.41,687.6860016,3932.66,2302.3,1630.36,723.8694757,3579.59,1758.92,1820.67,658.8601769,3700.14,2164.67,1535.47,679.9867929,3697.17,2118.95,1578.22,679.0358259,0,0,0,0,"2,839",934,"1,905",519,"4,289","2,357",1932.02,784,4433.96,2553.14,1880.82,811.0451366,"4,512","2,480","2,032",825,4291.56,2291.38,2000.18,785.1838176
Housing Leeds - Landlords Supply - Crescent Towers Multistorey,0,0,0,0,0,0,0,0,0,0,0,0,0,0,0,0,95,95,0,18,0,0,0,0,0,0,0,0,0,0,0,0,0,0,0,0,0,0,0,0,0,0,0,0,903,870,32,165,32,32,0,6,0,0,0,0,0,0,0,0,0,0,0,0
Housing Leeds - Landlords Supply - Middleton Energy Centre,0,0,0,0,0,0,0,0,0,0,0,0,0,0,0,0,0,0,0,0,0,0,0,0,0,0,0,0,0,0,0,0,0,0,0,0,0,0,0,0,0,0,0,0,0,0,0,0,0,0,0,0,0,0,0,0,"1,314,051","644,411","669,640","240,380",1347213.18,836381.32,510831.86,246486.1234
Housing Leeds - Landlords Supply - Roman Avenue Flats,1337361,928695,408666,247371.6642,842053,842053,0,155754.5434,"1,176,484","715,060","461,424","217,357","1,413,057","1,013,385","399,671","260,432","1,251,232","862,566","388,666","231,241","1,097,477","729,899","367,579","202,263","1,188,072","817,412","370,660","218,663","465,671","465,671",0,"85,760",0,0,0,0,0,0,0,0,0,0,0,0,0,0,0,0,0,0,0,0,0,0,0,0,0,0,0,0,0,0,0,0
Housing Leeds - PFI Landlords Supply - Lovell Park Court Sheltered Housing,145136,92089,53047,26845.80592,"450,822",399254,"51,568",83400.87536,"133,209","79,993","53,216",24609.33963,"89,709","47,102","42,607","16,550","100,211","36,441","63,770",18502.98871,"123,493","82,834",40658.45,22759.78071,"84,063","51,810","32,253",15472.74765,"75,267","42,879","32,389",13854.91558,"86,640","53,469","33,171","15,923","83,340","48,425","34,915",15306.2689,"109,539","72,435","37,104",20114.60472,"105,310","69,206","36,104","19,266","86,563","51,300","35,263",15814.95029,"75,662","52,180","23,482",13840.17331,"91,950","57,523","34,427",16819.75539,81736.94,47049.57,34687.37,14954.59054
Housing Leeds - PFI Landlords Supply - Meynell Heights Multistorey,0,0,0,0,0,0,0,0,0,0,0,0,0,0,0,0,0,0,0,0,0,0,0,0,0,0,0,0,0,0,0,0,0,0,0,0,0,0,0,0,0,0,0,0,20709.51,8276.73,12432.78,3785.445528,15399.75,15399.75,0,2811.070365,0,0,0,0,19284.78,5929.2,13355.58,3527.987597,29007.92,15232.4,13775.52,5307.289043
Independent Living Project- Aspire - 6 Ceres Court,0,0,0,0,0,0,0,0,0,0,0,0,"4,963",2228.62,"2,734",915.891762,"5,780","3,090","2,690",1067.796312,"7,448","4,730","2,718","1,373","7,761","4,757","3,005","1,429","6,133","2,736","3,397","1,129","9,424","6,271","3,154",1732.264057,"9,351","5,318","4,033",1717.389543,"8,799","4,656","4,142","1,615","11,329","5,086","6,244","2,071","10,019","5,638","4,380","1,831","13,257","8,089","5,168","2,425","10,855","5,701","5,153","1,986",10467.25,5576.79,4890.46,1915.08806
Independent Living Project - 1 Cottingley Court,0,0,0,0,0,0,0,0,0,0,0,0,5359.58,"1,068","4,292",990.3811882,"6,560","3,930",2629.68,1211.984678,"3,438",1856.77,"1,581",633.3691562,"5,524","3,265","2,259",1016.748483,"5,736","3,219","2,517",1055.862251,"7,297","3,666","3,631","1,341","7,739","4,575","3,164","1,421","6,624","3,882",2741.99,1216.050357,"8,257",3083.8,"5,173",1509.111879,"10,755","7,535","3,220","1,964","9,706","5,443","4,263",1775.425096,"7,896","5,759","2,137",1444.293787,6459.71,2674.37,3785.34,1181.868542
Independent Living Project - 3A Farfield Drive,0,0,0,0,0,0,0,0,"41,758","10,194",31564.43,7697.076205,64206,38195.09,26010.91,11840.7405,68121.78,40014,28107.78,12585.98976,58036.74,35783.81,22252.93,10694.79207,62368.45,35335.32,27033.13,11480.11551,58936.73,25992.32,32944.41,10847.303,70690.69,42398.37,28292.32,12991.52779,71988.92,38668.79,33320.13,13222.68196,75391.88,42820.58,32571.3,13839.17935,73019.87,47131.12,25888.75,13358.26836,65253.34,38207.22,27046.12,11921.86363,66744.12,38762.02,27982.1,12208.62078,66721.9,36582.31,30139.59,12205.24389,90513.02,56543.66,33969.36,16560.26214
Independent Living Project - 5 Victoria Park Grove,0,0,0,0,1777.89,0,1777.89,329.2830069,4184.53,2031.59,2152.94,772.4978615,"5,690","3,679","2,011",1049.004864,"4,654","2,797","1,858",860,"4,268","4,629",-361,787,"4,122","2,779","1,343",759,"3,964","1,955","2,009",730,"5,600","3,645","1,955","1,029","3,825","2,312","1,513",702,"4,064","2,163","1,901",746,"5,647","3,559","2,088","1,033","4,125","2,351","1,774",754,"4,163","2,376","1,788",762,"4,249","2,333","1,915",777,5609.41,3329.75,2279.66,1026.297654
Independent Living Project - 6 Cottingley Court,0,0,0,0,0,0,0,0,"18,773","6,779","11,994","3,463","-14,368","-14,368",0,-2644.345613,0,0,0,0,0,0,0,0,0,0,0,0,0,0,0,0,0,0,0,0,0,0,0,0,0,0,0,0,0,0,0,0,0,0,0,0,0,0,0,0,0,0,0,0,0,0,0,0
Independent Living Project - 7 Cottingley Court,0,0,0,0,0,0,0,0,0,0,0,0,"2,246",0,"2,246",415,"5,097","20,380","-15,282",951,"10,194","7,532","2,663","1,879","6,286","4,308","1,977","1,157","23,869","20,765","3,104",4395.191817,"4,575","2,811","1,763",840.7554723,"-3,421","2,461","-5,883",-629.9697285,"12,598","6,908","5,690",2312.363397,"12,877","9,496","3,380",2356.37503,"7,811","4,443","3,368",1427.120724,"20,505","13,470","7,035",3750.814488,"11,112","8,981","2,132","2,033",3675.52,2066.61,1608.91,672.4731392
Independent Living Project - 8 Cottingley Court,0,0,0,0,0,0,0,0,7588.43,0,7588.43,1396.574657,-478,"-2,262","1,784",-86.35250337,"4,287","3,649",638,793,"2,305",781,"1,524",424,"5,001","1,606","3,395",921,"3,222","2,026","1,196",593,"8,586","4,987","3,599","1,578","6,476","3,562","2,914","1,189","4,360","3,369",991,801,"3,009",944,"2,066",550,"7,940","4,959","2,981","1,451","4,791","2,878","1,914",876,"1,775","1,650",125,325,3033.09,751.24,2281.85,554.9341464
Independent Living Project - 9 Cottingley Court,0,0,0,0,0,0,0,0,"4,719","4,719",0,874.0374757,0,0,0,0,0,0,0,0,0,0,0,0,0,0,0,0,0,0,0,0,0,0,0,0,0,0,0,0,0,0,0,0,0,0,0,0,0,0,0,0,0,0,0,0,0,0,0,0,0,0,0,0
Independent Living Project - Aspire - 11 Bedford Place,0,0,0,0,0,0,0,0,0,0,0,0,"4,844","1,704","3,140",894,"9,550","6,060","3,490",1764.626361,"9,687","5,741","3,947","1,785","8,548","4,776","3,773","1,574","8,255","4,068","4,187","1,520","9,301","5,549","3,753","1,709","11,704","7,834","3,870","2,149","8,878","4,690","4,188","1,629","10,164","5,131","5,033",1858.559808,"8,477","4,575","3,903","1,549","8,783","5,013","3,770","1,607","8,884","4,883","4,001","1,625",8426.19,4481.9,3944.29,1541.655722
Independent Living Project - Aspire - 176 South Parkway,0,0,0,0,0,0,0,0,14388.59,6779.38,7609.21,2656.007978,"-2,819","-5,485","2,666",-516.321486,"7,033","3,881","3,153",1299.355061,"5,854","3,466","2,387",1078.607234,"5,885","3,716","2,169",1083.255671,"4,957","2,395","2,562",912.3763975,"7,659","4,097","3,563","1,407","8,138","4,780","3,358",1494.600317,"7,695","4,076","3,619",1412.245806,"7,780","4,448","3,332","1,423","7,077","3,401","3,677","1,293","9,088","5,364","3,724","1,662","7,631","3,914","3,716","1,396",5948.44,3442.14,2506.3,1088.326582
Independent Living Project - Aspire - 18 Church Lane,0,0,0,0,0,0,0,0,"4,139","6,779","-2,641",770,"6,149","3,596","2,553","1,134","6,142","3,654","2,487","1,135","6,845","4,206","2,639","1,261","6,202","4,123","2,079","1,142","5,184","2,701","2,483",954,"5,093","2,968","2,125",936,"4,803","2,572","2,230",882,"5,396","2,994","2,401",990,"4,932","2,787","2,145",902,"3,771","2,064","1,707",689,"4,379","2,603","1,776",801,"5,593","3,336","2,257","1,023",5223.04,2829.64,2393.4,955.6073984
Independent Living Project - Aspire - 4 Bedford Place,0,0,0,0,0,0,0,0,0,0,0,0,"5,154","2,238","2,916",951,"6,419","1,816","4,603","1,185","5,989","3,373","2,616","1,104","8,673","6,139","2,534","1,596","7,375","3,639","3,736","1,357","7,042","4,590","2,453","1,294","8,065","4,628","3,437","1,481","7,888","4,167","3,721","1,448","7,732","4,574","3,158","1,414","7,577","3,753","3,825","1,385","7,364","4,453","2,911","1,347","7,472","4,098","3,374","1,367",7468.42,3900.52,3567.9,1366.422123
Independent Living Project - Aspire - 6 Healey Croft,0,0,0,0,0,0,0,0,5025.79,1925.7,3100.09,927.1994606,"-23,913",3661.47,"-27,575","-4,427","10,944","6,678","4,266","2,022","10,014","6,431","3,583","1,846","8,302","5,164","3,138","1,528","8,140","3,795","4,346","1,498","8,682","4,601","4,081","1,595","9,077","5,525","3,552","1,667","8,401","4,361","4,040","1,542","11,369","7,364","4,005","2,080","9,435","5,156","4,278","1,724","9,710","5,550","4,160","1,776","9,898","5,429","4,469","1,811",9441.01,5017.91,4423.1,1727.32719
Independent Living Project - Aspire - 6 Waterloo Court,0,0,0,0,0,0,0,0,9409.23,3400.96,6008.27,1735.653812,7809.74,4334.52,3475.22,1440.54694,"4,267","1,319","2,948",788,"7,966","5,316","2,650","1,468","7,692","4,518","3,174",1415.881982,"6,867","3,322","3,544",1263.863006,"7,607","4,701","2,906",1398.043101,"8,889","5,383","3,506",1632.401687,"7,934","4,178","3,756",1456.084584,"4,139","1,560","2,579",756.5387918,5503.31,2863.61,2639.7,1005.600856,"5,958","3,403","2,555",1089.904433,"8,028","5,281","2,747","1,469",8991.05,5388.74,3602.31,1645.002508
Independent Living Project - Aspire - 7 Audby Close,0,0,0,0,0,0,0,0,0,0,0,0,"-1,817","1,154","-2,971",-337,"4,493","2,501","1,992",830,"4,186","2,548","1,637",771,"4,202","2,689","1,513",773,"3,863","1,842","2,020",711,"6,091","4,124","1,967","1,120","5,279","3,389","1,890",969,"5,420","3,018","2,401",994.780402,"7,406","4,416","2,990","1,355","5,800","3,069","2,731",1059.704631,"6,210","3,552","2,658","1,136","7,304","3,472","3,832","1,336",6282.94,3284.81,2998.13,1149.526702
Independent Living Project - Aspire - 83 Scott Hall Grove,35212,28197,7015,6513.16364,79762.64,73365,6397.64,14755.23095,"118,937",89580.9,"29,356",21993.98434,"74,130","40,988","33,142",13673.8047,"72,521","54,748","17,773",13405.08392,"66,360","39,086","27,274",12227.75841,"63,078","37,761","25,316",11610.31352,"63,316","33,045","30,271",11654.43496,"65,767","40,482","25,285",12087.13938,"70,162","39,668","30,494",12886.43393,"84,209","51,398","32,811",15460.13614,"87,059","57,062","29,997",15927.21064,"93,655","60,383","33,272",17108.7642,"79,172","54,377","24,795",14482.13172,"68,064","41,987","26,078","12,451",47340.29,25872.32,21467.97,8661.379458
Independent Living Project - Aspire - 85 Scott Hall Grove,24221,17206,7015,4480.15837,83115,76480,6635,15375.37395,115491.78,84161.08,31330.7,21353.57565,81949.22,45172.61,36776.61,15116.24714,77838.21,51499.08,26339.13,14384.19201,69831.76,44513.03,25318.73,12868.99414,80828.72,50168.04,30660.68,14877.35287,69761.08,34024.77,35736.31,12840.18896,87378.17,56524.75,30853.42,16060.20411,83856.45,53278.97,30577.48,15399.50503,"79,616","45,190","34,426","14,615","81,763","53,095","28,668","14,958","69,172","39,601","29,572","12,638","87,684","55,739","31,945","16,039","71,152","42,935","28,216","13,015",40963.69,17937.86,23025.83,7494.716722
Independent Living Project - Aspire - Flat 3 Delph View,0,0,0,0,0,0,0,0,0,0,0,0,"35,410",0,"35,410","6,550","-27,210","-30,943","3,734","-5,035","8,925","6,116","2,809","1,645","7,064","3,867","3,197","1,300","7,047","3,503","3,544","1,297","7,876","4,689","3,188","1,447","8,269","4,718","3,551","1,519","7,945","4,189","3,756","1,458","7,814","4,733","3,081","1,429","6,725","3,218","3,508","1,229","7,045","3,940","3,105","1,289","8,992","5,265","3,727","1,645",8244.45,4391.34,3853.11,1508.404572
Independent Living Project - Aspire - Flat 4 Albert Court,0,0,0,0,0,0,0,0,0,0,0,0,893,0,893,165,"6,354","3,349","3,005","1,174","6,128","3,455","2,673","1,129","4,613","2,748","1,866",849,"5,409","2,429","2,980",995.5186016,"5,061","2,970","2,091",930,"4,372","2,574","1,798",803,"4,121","2,174","1,946",756,"3,382","2,263","1,118",619,381,370,11,70,"4,501","1,682","2,819",823,"15,928","6,683","9,245","2,914",9408.41,6172.08,3236.33,1721.362694
"Independent Living Project - Aspire - Flat 6, 7 Joseph Street",0,0,0,0,"1,470",0,"1,470",272,"9,600","4,551","5,049","1,772","10,371","6,485","3,886","1,912","5,584","2,963","2,621","1,031","5,686","3,332","2,354","1,048","5,591","3,095","2,496","1,029","5,591","2,735","2,856","1,029","6,363","3,911","2,453","1,170","5,576","3,334","2,243","1,024","5,339","2,756","2,583",980,"5,935","3,550","2,385","1,086","5,426","2,634","2,792",992,"6,573","3,835","2,739","1,202","6,481","3,585","2,895","1,185",6224.86,3340.72,2884.14,1138.900386
Independent Living Project - Aspire - Flat 9 Holmsley Green,0,0,0,0,0,0,0,0,1274.13,0,1274.13,234.4908852,3951.1,2016.04,1935.06,728.9658608,3786.83,1771.99,2014.84,699.4075496,"3,034","1,726","1,308",559.0875169,"2,896","1,653","1,243",533.0791286,"2,846","1,210","1,637",523.8373764,"3,259","2,049","1,209",599,"4,572","2,922","1,650",840,"4,189","2,175","2,014",769,"5,245","3,328","1,917",960,"3,475","1,780","1,695",635,"4,163","2,524","1,639",761.4253518,"4,373","2,276","2,097",799.9877442,6467.42,4107.69,2359.73,1183.279163
Independent Living Project - Aspire - Outreach Supported Living - 47 All Saints Circle,0,0,0,0,0,0,0,0,0,0,0,0,0,0,0,0,0,0,0,0,0,0,0,0,0,0,0,0,0,0,0,0,0,0,0,0,396.69,0,396.69,72.9393903,6193.37,3120.65,3072.72,1136.593311,"8,054",5224.32,"2,830",1473.463699,"6,221","3,377","2,845","1,137","6,473","3,700","2,773","1,184","3,642","3,631",11,666,2484.88,79.55,2405.33,454.6336448
Independent Living Project - Aspire - Supported Living - 25 Wesley Street,21979,12291,9688,4065.45563,19500.82,10864,8636.82,3609.139512,"20,563","11,917","8,646",3798.445808,"23,551","15,452","8,099",4341.819652,"13,141","5,363","7,777",2426.627453,"17,043","9,809","7,234","3,140","15,658","9,016","6,642","2,882","5,916","3,480","2,436","1,089","38,296","29,344","8,952","7,041","9,625","3,017","6,608","1,769","10,677","5,692","4,985","1,960","25,437","6,348","19,089",4647.207795,"14,880","8,076",6804.16,2718.826913,"14,625","9,079",5545.84,2675.134881,"12,549",7384.53,5164.11,2295.456103,12119.18,6670.24,5448.94,2217.325173
Independent Living Project - Aspire - Supported Living - 27 Wesley Street,27624,15523,12101,5109.61128,23302.01,12618,10684.01,4312.736952,"23,093","12,677","10,416","4,265","22,363","12,062","10,301","4,125","20,402","11,679","8,723","3,769","19,191","11,047","8,144","3,536","18,122","10,147","7,975","3,336","4,479","1,558","2,921",824,"26,844","18,943","7,901","4,935","18,152","10,980","7,172","3,334","15,298","8,162","7,136","2,808","13,938","9,079","4,859","2,550","13,923","7,107","6,816","2,544","14,026","7,425","6,601","2,566","15,038","8,725","6,314","2,751",14854.69,8003.28,6851.41,2717.814082
Independent Living Project - Beechwood Supported Living,51920,30523,21397,9603.6424,43860.77,26044,17816.77,8117.202652,"55,799","29,231",26568.06,"10,303","69,663","29,561","40,102","12,858","60,726","37,108","23,618","11,220","52,930","34,807","18,123","9,755","52,452","29,579","22,874","9,655","49,996","24,702","25,294","9,202","53,778","31,138","22,641","9,883","19,780","14,371","5,409","3,632","51,796","27,021","24,775","9,506","47,638","31,674","15,964","8,715","33,446","20,384","13,062","6,110","34,273","20,499","13,773","6,269","33,908","18,337","15,571","6,203",32644.39,17368.77,15275.62,5972.617594
Independent Living Project - Flat 1Bewerley Croft,0,0,0,0,0,0,0,0,0,0,0,0,0,0,0,0,0,0,0,0,"2,502","1,160","1,342",461,4868.46,2811.02,"2,057",896.1250935,"2,993","1,627","1,366",551,"6,206","4,353","1,854","1,141","8,148","5,224","2,923","1,496","6,988","3,779","3,209","1,283","6,968","4,652","2,316","1,275","6,620","3,639","2,981","1,210","4,746","2,718","2,028",868,"3,873","2,300","1,573",708,4058.45,2040.68,2017.77,742.534012
Independent Living Project - Flat 12 Bewerley Croft,0,0,0,0,0,0,0,0,0,0,0,0,0,0,0,0,0,0,0,0,"5,403","2,878","2,525",995,"7,285","4,053","3,232","1,341","1,931","1,761",169,356,768,451,316,141,816,271,545,150,784,579,205,144,"1,461",205,"1,256",267,"6,213","1,668","4,544","1,136","6,897","3,815","3,082","1,262","5,640","4,041","1,599","1,032",4911.04,1992.71,2918.33,898.5238784
Independent Living Project - Flat 14 Bewerley Croft,0,0,0,0,0,0,0,0,"5,295","6,779","-1,484",982,"4,675","2,182","2,493",863,"5,124","2,953","2,172",947,"6,064","3,824","2,241","1,118","7,820","4,057","3,764","1,440","5,556","2,723","2,833","1,023","7,214","4,422","2,792","1,326","7,125","3,674","3,452","1,309","5,529","3,094","2,435","1,015","4,562","1,490","3,072",834,"2,842","2,523",319,519,"1,680","1,141",539,307,"1,412",774,638,258,12249.82,9696.28,2553.54,2241.227067
Independent Living Project - Flat 4Bewerley Croft,0,0,0,0,0,0,0,0,"8,090","6,779","1,310","1,497","7,847","4,975","2,872","1,447","6,686","4,313","2,373","1,236","7,134","4,586","2,548","1,315","7,736","5,003","2,733","1,424","7,328","3,988","3,341","1,349","9,282","5,913","3,368","1,706","10,906","7,037","3,869","2,003","10,942","6,197",4745.66,2008.624379,"7,543",4585.1,"2,958",1379.696347,"7,484","4,766","2,718","1,367","5,778","3,199","2,578",1056.815587,"6,139","3,369","2,770","1,123",8382.15,5281.42,3100.73,1533.598164
Independent Living Project - Flat 6Bewerley Croft,0,0,0,0,0,0,0,0,"7,188","6,779",409,"1,331","9,380","4,120","5,260","1,731","9,755","6,392","3,364","1,803","8,241","3,305","4,936","1,518","11,195","6,289","4,906","2,061","9,720","6,175","3,544","1,789","13,651","8,768","4,883","2,509","11,315","6,977","4,338","2,078","12,606","7,178","5,429","2,314","11,017","6,019","4,998","2,015","9,132","5,909","3,222",1668.14281,"9,400","5,183","4,217",1719.35505,"10,171","5,566","4,605","1,861",17693.91,11720.46,5973.45,3237.277774
Independent Living Project - Landlords Supply - Bewerley Croft,0,0,0,0,0,0,0,0,0,0,0,0,950,0,950,176,"7,721","49,075","-41,354",1449.714285,"9,550","7,867","1,683",1760.723565,686,-398,"1,083",126,"9,461","3,976","5,486",1741.330184,"6,343","3,687","2,656","1,166","9,498","5,959","3,539",1744.246562,"8,253","4,532","3,721",1514.926998,"6,394","3,607","2,787","1,169","5,950","3,242","2,708","1,087","5,742","3,198","2,544","1,050","5,991","3,278","2,713","1,096",5022.96,2537.83,2485.13,919.0007616
Independent Living Project - Landlords Supply and Communal Lounge - Spen Croft,0,0,0,0,0,0,0,0,0,0,0,0,"9,641","4,434","5,207","1,779","12,186","6,738","5,448",2251.285164,"13,346","6,955","6,391",2458.773551,"14,880","9,076","5,803","2,739","10,740","5,062","5,677",1976.694976,"12,083","6,997","5,087","2,221","13,058","7,822",5235.81,2398.119935,12008.54,6341.07,5667.47,2203.986346,"17,670","6,963","10,708","3,230","17,621","9,069","8,552","3,220","18,346","10,279","8,067","3,356","16,493","9,049","7,444","3,017",22063.37,15124.62,6938.75,4036.714175
Independent Living Project - Spen Croft - Flat A,0,0,0,0,0,0,0,0,"7,785","3,613","4,172","1,437","13,481","8,963","4,518","2,485","11,148","6,737","4,411","2,060","14,344","8,437","5,907","2,643","16,806","12,343","4,462","3,093","10,639","5,526","5,113","1,958","15,514","10,246","5,268","2,852","13,331","8,619","4,712","2,448","10,836","5,715","5,121","1,989","12,831","7,281","5,550","2,347","12,383","4,747","7,636","2,263","12,199","7,603","4,596","2,231","14,567","7,421","7,146","2,665",10167.49,4878.14,5289.35,1860.24397
Independent Living Project - Spen Croft - Flat B,0,0,0,0,0,0,0,0,"7,709","2,950","4,759","1,422","13,620","8,413","5,208","2,511","11,522","7,404","4,118","2,129","9,730","5,362","4,368","1,793","8,309","5,466","2,843","1,529","8,740","3,491","5,248","1,608","11,137","6,457","4,680","2,047","11,348","6,511","4,837","2,084","3,932","3,738",193,723,"1,598",159,"1,439",292,"8,782","3,901","4,881","1,605","5,230","1,941","3,289",957,"6,392","4,052","2,340","1,169",4306.12,1661.39,2644.73,787.8477152
Independent Living Project - Spen Croft - Flat C,0,0,0,0,"3,380",0,"3,380",626,"15,330","9,995","5,334","2,833","16,401","10,968","5,433","3,023","14,736","8,568","6,168","2,723","14,566","9,925","4,641","2,685","11,945","6,520","5,425","2,199","12,128","5,412","6,716","2,232","14,270","8,257","6,013","2,622","14,551","8,360","6,192","2,673","14,183","7,491","6,692","2,603","5,971","2,800","3,171","1,092","4,672","2,670","2,002",854,"5,136","2,398","2,738",939,"6,491","2,868","3,623","1,187",12081.95,8661.5,3420.45,2210.513572
Independent Living Project - Spen Croft - Flat F,0,0,0,0,0,0,0,0,"4,585","1,802","2,782",846,"5,671","3,819","1,852","1,045","4,663","2,378","2,285",861,"4,558","2,443","2,115",840,"6,639","3,773","2,866","1,222","5,365","3,119","2,246",988,"6,736","4,735","2,001","1,238","4,862","2,790","2,072",893,"4,747","2,505","2,242",871,"6,612","2,753","3,858","1,209","6,579","3,433","3,146","1,202","5,823","3,004","2,818","1,065","5,877","3,221","2,656","1,075",6760.3,3227.07,3533.23,1236.864488
Independent Living Project - Spen Croft - Flat K,0,0,0,0,0,0,0,0,"5,779","2,298","3,481","1,066","5,535","3,264","2,271","1,021","4,867","2,954","1,913",899,"5,024","2,511","2,513",926,"49,065","4,353","44,712","9,035","4,280","2,102","2,178",788,"8,426","3,232","5,193","1,548","4,604","4,433",171,845,628,148,480,115,"6,978","3,187","3,791","1,276","8,501","4,918","3,583","1,553","8,302","5,379","2,922","1,519","8,055","4,757","3,297","1,473",4114.99,2176.73,1938.26,752.8785704
Landlords Supply - Commercial - Gotts Park Golf Club,"250,063","161,571","88,492","46,254","214,345","131,948","82,397","39,667","211,188","140,734","70,453","39,032","227,254","155,038","72,216","41,891","164,844","84,159","80,685","30,450","232,144","156,375","75,769","42,785","178,322","119,861","58,461","32,820","141,489","68,830","72,658","26,042","162,654","94,852","67,803","29,891","179,377","100,915","78,462","32,946","189,321","129,124","60,197","34,768","178,061","115,269","62,792","32,575","150,710","91,033","59,676","27,534","164,286","89,641","74,646","30,051","182,417","108,279","74,138","33,368",163876.36,92605.56,71270.8,29982.81883
Landlords Supply - Commercial - Westminster Buildings - Communal Areas,"208,092","114,945","93,147","38,491","123,533","69,010","54,523","22,863","160,157","78,052","82,106","29,567","217,370","99,725","117,645","40,115","219,654","111,480","108,174","40,574","201,925","102,533","99,392","37,200","164,207","105,377","58,830","30,223","121,045","48,534","72,511","22,277","135,582","82,257","53,325","24,918","135,409","81,586","53,823","24,868","138,899","82,215","56,684","25,499","180,341","99,641","80,699","32,981","168,405","102,617","65,788","30,766","183,829","126,660","57,169","33,626","119,671","60,182","59,489","21,891",15706.12,15706.12,0,2873.591715
Leisure Centre - Dry - Garforth Squash and Leisure Centre,"516,841","301,429","215,412","95,600","349,732","218,302","131,430","64,721","373,550","234,618","138,933","69,023","309,820","185,208","124,613","57,136","347,029","190,066","156,963","64,109","308,730","172,272","136,458","56,883","305,458","177,191","128,267","56,225","271,937","131,630","140,307","50,052","296,275","169,182","127,094","54,446","328,220","189,403","138,817","60,282","258,666","132,776","125,890","47,472","337,724","200,565","137,159","61,772","329,116","178,873","150,243","60,135","375,954","230,192","145,761","68,769","348,034","192,388","155,646","63,665",319960.95,170824.88,149136.07,58540.05541
Leisure Centre - Dry - Middleton Leisure Centre,"1,054,913","733,478","321,435","195,127","535,982","502,345","33,637","99,149","92,043","171,604","-79,561","17,140","363,852","159,030","204,822","67,154","530,658","317,131","213,527","98,046","439,339","278,583","160,756","80,963","506,063","282,794","223,269","93,151","471,735","217,304","254,431","86,825","597,946","366,942","231,004","109,894","573,500","339,093","234,407","105,327","563,134","295,405","267,729","103,353","694,584","392,959","301,626","127,033","571,966","338,205","233,761","104,498","590,076","346,409","243,667","107,935","586,910","355,435","231,475","107,360",475902.6,284075.06,191827.54,87071.1397
Leisure Centre - Wet - Aireborough Leisure Centre,"2,528,773","1,704,749","824,024","467,747","2,463,805","1,649,020","814,785","455,926","2,367,912","1,553,764","814,148","437,608","2,231,076","1,560,667","670,409","411,233","2,135,801","1,353,575","782,227","394,656","2,253,828","1,495,702","758,126","415,375","2,195,803","1,534,517","661,286","404,131","842,248","711,747","130,501","155,085","432,410","156,303","276,107","79,422","460,239","315,707","144,532","84,510","2,674,685","2,198,262","476,423","491,456","1,797,540","1,135,979","661,562","328,827","1,494,921","931,374","563,547","273,102","1,052,846","355,686","697,160","192,576","1,785,696","1,158,060","627,636","326,642",1399247.98,803997.31,595250.67,256006.4104
Leisure Centre - Wet - Fearnville Sports Centre,"1,984,184","1,337,047","647,137","367,015","1,864,923","1,332,781","532,142","345,083","1,793,553","1,179,659","613,894","331,466","1,759,355","1,217,782","541,573","324,297","1,686,935","1,152,625","534,309","311,758","1,504,289","1,051,189","453,100","277,261","1,416,396","987,739","428,658","260,684","1,455,284","874,180","581,104","267,892","1,590,363","897,563","692,801","292,251","1,627,535","1,151,216","476,319","298,840","696,549","416,874","279,675","127,876","1,186,466","743,664","442,802","217,039","1,241,785","838,048","403,737","226,832","1,289,194","857,027","432,167","235,818","1,298,404","875,236","423,167","237,503",1253789.79,800717.32,453072.47,229393.38
Leisure Centre - Wet - John Charles Centre for Sport ,"5,595,405","3,769,207","1,826,198","1,034,982","7,750,560","4,939,729","2,810,831","1,434,296","8,201,695","5,710,634","2,491,061","1,516,121","7,295,449","4,898,001","2,397,448","1,344,891","8,281,269","5,424,068","2,857,200","1,530,317","7,405,041","4,972,228","2,432,812","1,364,757","7,029,404","4,737,382","2,292,022","1,293,771","7,080,708","4,278,812","2,801,896","1,303,440","8,353,347","5,511,753","2,841,593","1,535,403","5,891,938","3,281,197","2,610,742","1,082,169","8,563,274","5,559,689","3,003,585","1,572,397","8,512,576","6,057,742","2,454,834","1,557,641","7,051,808","4,745,263","2,306,545","1,288,134","4,440,113","2,802,875","1,637,238","812,178","5,345,564","4,418,171","927,393","977,759",5451720.41,3472500.47,1979219.94,997446.7662
Leisure Centre - Wet - John Smeaton Leisure Centre,1253633,816155,437478,231884.496,"1,175,610",789179,"386,431","217,545","1,262,676","812,530","450,146","233,334","1,253,919","824,049","429,870","231,172","1,100,831","729,383","371,448","203,430","1,133,123","763,512","369,610","208,837","974,961","599,806","375,155","179,452","1,000,937","621,319","379,618","184,259","1,103,420","730,927","372,493","202,817","1,091,785","736,352","355,433","200,481","894,324","564,499","329,826","164,205","1,164,497","749,027","415,470","213,032","990,691","652,856","337,835","180,972","617,710","396,313","221,396","112,991","616,882","302,540","314,342","112,847",729217.86,402445.29,326772.57,133417.6997
Leisure Centre - Wet - Kippax Leisure Centre,"1,606,468","1,069,071","537,397","297,148","1,385,253","884,545","500,708","256,350","1,692,174","1,098,830","593,344","312,713","1,470,979","1,031,817","439,162","271,129","1,448,992","914,723","534,269","267,745","1,555,965","1,012,096","543,870","286,751","1,578,909","1,053,489","525,421","290,602","1,328,198","827,166","501,031","244,504","1,358,362","930,060","428,302","249,692","1,548,207","1,038,325","509,882","284,295","1,293,629","814,329","479,300","237,519","1,147,445","984,798","162,647","210,065","783,116","412,631","370,485","143,094","501,213","132,320","368,893","91,676","790,693","584,437","206,256","144,630",709342.63,281967.58,427375.05,129781.3276
Leisure Centre - Wet - Kirkstall Leisure Centre,2038367,1362708,675659,377036.744,1803112.69,1203232,599880.69,333665.7256,2266037.41,1539611.83,726425.58,418842.8708,1957987.79,1380413.16,577574.63,360886.9517,1758239.47,1144979.59,613259.88,324906.098,1726850.64,1148995.45,577855.19,318255.7271,1619811.99,1147310.91,472501.08,298119.2406,1366414.16,889820.83,476593.33,251547.0626,"1,077,387","813,901","263,486","198,077","1,319,877","902,967","416,910","242,361","1,085,723","663,712","422,011","199,332","1,488,733","1,001,331","487,402","272,374","1,358,016","938,543","419,473","248,055","750,716","367,725","382,990","137,317","905,305","552,140","353,165","165,601",1287232.73,797678.62,489554.11,235512.1003
Leisure Centre - Wet - Pudsey Leisure Centre,1138758,722275,416483,210636.0673,1189500.42,779002,410498.42,220120.4123,1239959.22,796902.99,443056.23,229134.4713,1192016.72,806701.48,385315.24,219738.2574,1183511.11,772045.68,411465.43,218702.4064,1115535.15,735279.74,380255.41,205588.1336,1177762.06,787624.66,390137.4,216769.6912,1060561.14,664155.19,396405.95,195236.3077,"1,202,113","814,510","387,603","220,966","1,347,336","900,905","446,431","247,410","1,053,037","663,349","389,688","193,345","1,283,985","912,275","371,710","234,944","1,556,587","1,067,519","489,068","284,330","1,465,535","1,063,346","402,189","268,077","807,251","799,298","7,952","147,647",607.41,607.41,0,111.1317336
Leisure Centre - Wet - Rothwell Leisure Centre,1922873,1133090,789783,355673.8188,1922876.58,1221627,701249.58,355842.7809,2153122.93,1395039.25,758083.68,397892.94,2401891.27,1619972.9,781918.37,442773.6015,2286454.01,1383283.19,903170.82,422459.9034,2242109.5,1457883.04,784226.46,413201.7001,2212441.49,1268939.03,943502.46,407239.9207,2141085.53,1241236.08,899849.45,394127.2927,"2,122,861","1,457,850","665,012","390,222","1,551,069","1,415,777","135,292","284,685","1,354,247","632,093","722,154","248,493","2,008,542","1,341,941","666,602","367,471","1,839,197","1,348,318","490,879","335,918","1,354,761","735,739","619,022","247,807","1,227,064","550,091","676,973","224,471",1541047.16,1047060.11,493987.05,281949.9884
Leisure Centre - Wet - Scott Hall Leisure Centre,0,0,0,0,"629,625",0,"629,625","116,613","2,012,231","1,386,590","625,641","371,953","1,840,758","1,245,173","595,585","339,329","1,748,407","1,222,953","525,454","323,133","1,895,311","1,276,530","618,781","349,310","1,852,481","1,319,258","533,223","340,940","1,557,115","1,006,607","550,508","286,652","1,611,627","1,052,270","559,357","296,223","1,768,579","1,251,032","517,547","324,738","1,370,023","853,074","516,949","251,539","1,679,790","1,157,543","522,247","307,347","1,540,736","1,068,592","472,144","281,430","1,447,188","882,925","564,263","264,716","1,425,369","974,852","450,517","260,727",1313717.65,749777.42,563940.23,240357.7812
Leisure Centre - Wet - Wetherby Leisure Centre,"1,432,628","863,183","569,445","264,993","1,418,869","927,459","491,410","262,566","2,014,174","1,365,895","648,279","372,287","1,861,662","1,315,703","545,960","343,130","1,729,535","1,188,849","540,686","319,634","1,762,066","1,231,031","531,035","324,772","1,576,791","1,137,359","439,432","290,198","1,487,441","924,271","563,170","273,818","1,663,633","1,156,873","506,760","305,814","1,333,210","960,033","373,177","244,792","1,471,368","968,329","503,038","270,183","1,707,676","1,290,839","416,837","312,520","1,434,249","986,075","448,175","261,982","986,216","555,369","430,847","180,395","1,504,438","811,590","692,848","275,203",424692.89,424692.89,0,77701.81115
Leisure Centres - PFI - Wet - Armley Leisure Centre,0,0,0,0,0,0,0,0,0,0,0,0,0,0,0,0,0,0,0,0,0,0,0,0,0,0,0,0,0,0,0,0,"513,035","123,126","389,909","94,203","1,309,294","888,469","420,826","240,420","1,134,353","695,757","438,596","208,262","1,511,512","987,261","524,251","276,523","1,355,647","927,234","428,413","247,626","1,421,941","955,776","466,165","260,101","1,635,510","1,123,817","511,694","299,166",1533198.28,1055986.56,477211.72,280513.9573
Leisure Centres - PFI - Wet - Holt Park Active,0,0,0,0,0,0,0,0,0,0,0,0,0,0,0,0,0,0,0,0,0,0,0,0,0,0,0,0,0,0,0,0,"661,139","151,704","509,435","121,394","1,572,462","1,010,655","561,807","288,765","1,198,331","814,516","383,815","220,065","48,190","45,387","2,803","8,825","1,261,598","826,122","435,476","230,461","1,299,325","945,110","354,214","237,674","1,434,067","942,554","491,513","262,320",1326785.61,830719.74,496065.87,242748.6952
Leisure Centres - PFI - Wet - Morley Leisure Centre,0,0,0,0,0,0,0,0,0,0,0,0,0,0,0,0,0,0,0,0,0,0,0,0,0,0,0,0,0,0,0,0,570108.28,151058.14,419050.14,104688.5466,1421237.53,936395.37,484842.16,260985.8423,1626066.32,970685.71,655380.61,298519.494,2192797.26,1460484.87,732312.39,401178.7125,1716877.44,1186310.06,530567.38,313605.1594,1357606.8,870891.86,486714.94,248331.4753,1487078.92,1109130.01,377948.91,272009.4114,1324379.86,848424.84,475955.02,242308.5392
Library - Ardsley and Tingley,"25,129","12,789","12,340","4,648","19,120","8,472","10,648","3,539","29,823","16,493","13,330","5,508","26,026","14,368","11,658","4,801","22,524","12,350","10,175","4,161","31,704","19,637","12,068","5,842","27,261","16,044","11,217","5,018","24,230","11,803","12,427","4,460","23,713","15,288","8,425","4,358","11,120","2,567","8,553","2,044","14,302","8,705","5,597","2,626","40,712","7,928","32,784","7,436","18,214","9,875",8338.2,"3,328",26139.82,13214.86,12924.96,4781.355333,28979.86,15653.86,13326,5301.215954,22052.9,13133.51,8919.39,4034.798584
Library - Boston Spa Branch,"24,425","17,347","7,078","4,518","30,464","22,083","8,381","5,637","34,396","23,485","10,911","6,358","19,866","11,397","8,470","3,664","18,566","9,934","8,632","3,430","30,277","18,592","11,685","5,579","29,433","22,018","7,416","5,417","30,491","14,680","15,811","5,612","33,504","21,451","12,053","6,158","12,595","7,635","4,960","2,313","26,634","10,788","15,846","4,886","23,217","12,722","10,496","4,246","10,679","6,299","4,379","1,951","32,969","21,489","11,480","6,031","28,269","15,075","13,194","5,171",25615.31,12259.18,13356.13,4686.577118
Library - Bramley,"221,942","100,503","121,439","41,053","182,367","92,697","89,670","33,754","236,483","136,323","100,160","43,682","220,383","130,711","89,671","40,643","192,605","100,999","91,607","35,579","195,085","101,217","93,868","35,941","182,721","103,556","79,164","33,633","126,616","52,833","73,783","23,303","129,017","67,848","61,170","23,706","108,229","55,064","53,165","19,880","126,786","54,383","72,403","23,261","144,102","69,772","74,329","26,348","123,805","61,622","62,182","22,623","131,094","63,327","67,767","23,979","129,926","67,068","62,858","23,767",113664.56,49527.3,64137.26,20796.0679
Library - Chapel Allerton,"90,097","37,413","52,684","16,665","76,124","35,201","40,923","14,090","79,590","42,043","37,547","14,697","82,070","42,504","39,566","15,141","50,509","22,483","28,026","9,328","61,357","27,884","33,473","11,302","61,779","34,702","27,077","11,372","60,059","22,866","37,193","11,053","58,609","30,436","28,173","10,769","63,347","34,244","29,103","11,635","69,191","40,418","28,772","12,702","67,851","23,943","43,908","12,400","56,774","29,353","27,421","10,374","55,647","31,876","23,770","10,179","63,642","35,914","27,728","11,642",58322.8,30255.76,28067.04,10670.73949
Library - Compton Road,0,0,0,0,0,0,0,0,0,0,0,0,0,0,0,0,0,0,0,0,0,0,0,0,0,0,0,0,0,0,0,0,0,0,0,0,0,0,0,0,0,0,0,0,0,0,0,0,0,0,0,0,0,0,0,0,0,0,0,0,0,0,0,0
Library - Crossgates,"228,620","117,173","111,447","42,288","177,050","83,981","93,069","32,771","228,117","116,416","111,701","42,119","258,989","136,234","122,756","47,779","192,542","100,028","92,515","35,567","185,412","94,471","90,941","34,158","199,036","114,013","85,023","36,636","164,576","66,485","98,091","30,289","189,768","99,194","90,574","34,869","202,074","109,954","92,119","37,116","205,386","100,558","104,828","37,690","223,198","130,700","92,498","40,824","27,810","27,810",0,"5,076",0,0,0,0,0,0,0,0,0,0,0,0
Library - Farsley,"40,273","19,468","20,805","7,449","30,484","22,292","8,192","5,641","24,649","10,982","13,666","4,549","22,864","15,149","7,715","4,215","22,044","11,661","10,384","4,072","29,599","17,146","12,453","5,454","24,490","11,475","13,015","4,508","25,999","12,034","13,965","4,785","28,383","16,435","11,948","5,216","29,557","16,617","12,940","5,429","30,605","17,574","13,031","5,618","25,609","16,622","8,987","4,685","25,294","11,217","14,077","4,623","24,091","10,890","13,200","4,407","25,272","11,343","13,930","4,623",25140.7,9797.12,15343.58,4599.742472
Library - Gildersome Library and Meeting Hall,"136,221","78,359","57,862","25,197","72,215","47,533","24,682","13,364","39,920","14,653","25,267","7,364","56,785","31,887","24,899","10,474","54,103","30,219","23,884","9,995","55,494","32,940","22,554","10,226","66,514","40,868","25,646","12,243","55,496","29,366","26,130","10,215","68,667","44,952","23,715","12,621","97,894","57,318","40,576","17,979","40,448","38,251","2,196","7,436","59,215","46,530","12,685","10,838","66,526","43,711","22,815","12,152","66,828","37,750","29,078","12,224","52,539","30,605","21,934","9,611",44701.38,23018.75,21682.63,8178.564485
Library - Halton,"33,212","20,786","12,426","6,143","25,872","12,374","13,498","4,789","37,366","24,692","12,674","6,906","33,166","22,744","10,423","6,114","35,337","20,638","14,699","6,529","34,624","19,200","15,424","6,379","28,993","16,877","12,116","5,337","26,180","14,125","12,055","4,819","24,192","13,633","10,558","4,446","26,228","15,087","11,141","4,817","35,823","21,814","14,009","6,577","48,485","23,100","25,386","8,865","36,797","19,349","17,448","6,724","38,261","17,613","20,648","6,999","42,853","23,818","19,035","7,839",27138.24,16441.82,10696.42,4965.21239
Library - Kippax ,"65,683","40,570","25,113","12,149","64,341","38,694","25,647","11,907","31,447","14,729","16,718","5,805","70,012","47,884","22,128","12,906","61,638","36,647","24,991","11,388","80,215","52,226","27,989","14,783","42,035","18,721","23,314","7,738","63,329","37,561","25,768","11,658","61,440","36,505","24,935","11,291","60,722","35,066","25,656","11,152","63,122","36,230","26,892","11,587","47,972","24,749","23,223","8,772","44,637","21,064","23,573","8,157","48,866","23,943","24,923","8,938","57,010","32,397","24,613","10,429",47643.43,23772.92,23870.51,8716.841953
Library - Moor Allerton,"217,566","117,946","99,620","40,243","176,568","100,151","76,417","32,678","176,420","92,422","83,998","32,577","194,247","117,180","77,067","35,821","154,149","86,819","67,330","28,478","159,068","92,522","66,545","29,310","142,463","80,032","62,431","26,223","151,112","75,972","75,139","27,814","188,517","119,647","68,870","34,649","158,425","94,787","63,639","29,096","175,904","115,254","60,649","32,300","148,984","95,735","53,249","27,255","163,338","94,350","68,988","29,843","159,854","105,422","54,432","29,240","132,752","80,868","51,884","24,283",124002.36,74348.24,49654.12,22687.47179
Library - Morley,"220,288","121,783","98,505","40,747","147,947","71,263","76,684","27,384","228,518","132,644","95,874","42,212","226,378","140,375","86,003","41,743","186,592","86,396","100,196","34,462","185,560","106,166","79,393","34,191","203,370","113,134","90,236","37,434","200,453","82,968","117,485","36,892","163,702","75,332","88,369","30,075","188,231","102,774","85,457","34,573","222,414","140,622","81,792","40,837","178,902","99,160",79742.29,32718.33802,"162,246","92,524","69,722","29,643","164,045","84,939","79,106","30,006","184,354","104,226","80,128","33,723",146786.3,69715.44,77070.86,26856.02145
Library - Oakwood,"43,726","26,541","17,185","8,088","44,002","28,421","15,581","8,143","53,564","33,306","20,258","9,897","60,160","40,214","19,946","11,090","48,741","25,903","22,837","9,004","46,157","28,272","17,885","8,506","46,816","27,092","19,724","8,617","43,115","21,266","21,849","7,936","52,907","33,362","19,545","9,724","54,255","31,519","22,736","9,965","48,868","27,483","21,385","8,970","47,066","27,303","19,763","8,608","85,579","65,357","20,222","15,630","45,959","26,276","19,684","8,407","46,900","25,705","21,195","8,579",66329.83,27981.73,38348.1,12135.7057
Library - Otley Library and Tourist Information,"121,177","67,535","53,642","22,414","146,797","74,985","71,812","27,170","184,505","112,813","71,692","34,088","133,941","60,173","73,768","24,719","161,724","87,212","74,512","29,876","175,922","102,131","73,792","32,415","147,004","87,986","59,018","27,058","125,755","50,819","74,936","23,144","171,528","102,223","69,305","31,523","72,470","41,181","31,289","13,310","143,098","65,187","77,911","26,256","83,305","45,301","38,004","15,235","67,772","39,925","27,847","12,382","77,033","47,849","29,184","14,091","66,434","31,822","34,612","12,153",41402.16,14215.89,27186.27,7574.939194
Library - Wetherby,84735,51903,32832,15673.43295,74606.6,43055,31551.6,13807.55519,84090.84,46784.92,37305.92,15530.81655,76238.87,43901.11,32337.76,14061.17286,65791.15,33241.77,32549.38,12152.56316,46891.67,23076.54,23815.13,8638.375948,"56,233","30,137","26,096","10,351","44,745","18,717","26,028","8,235","66,807","34,218","32,589","12,275","61,552","33,690","27,862","11,305","58,392","14,442","43,949","10,705","72,368","41,149","31,219","13,236","69,971","39,775","30,196","12,784","63,826","38,157","25,669","11,675","60,118","33,975","26,143","10,997",55943.53,31068.81,24874.72,10235.42825
Library - Yeadon Branch,"103,634","51,652","51,982","19,169","99,488","49,017","50,471","18,414","127,271","67,840","59,431","23,502","113,418","64,221","49,197","20,919","106,095","48,503","57,592","19,595","92,990","38,194","54,796","17,127","136,326","75,152","61,174","25,094","121,134","54,566","66,568","22,295","122,007","66,391","55,616","22,419","95,333","50,503","44,830","17,511","118,173","59,487","58,686","21,687","133,772","77,748","56,024","24,467","108,758","60,292","48,466","19,872","108,615","59,869","48,746","19,867","102,880","58,150","44,730","18,819",92141.15,48562.31,43578.84,16858.1448
Little Owls Nursery - Bramley Childrens Centre,42871,22209,20662,7929.84887,39843.92,19417,20426.92,7374.832343,"45,629","24,033","21,596","8,426","47,205","25,926","21,279","8,708","44,781","24,813","19,969","8,273","38,497","23,704","14,793","7,094","35,759","22,681","13,078","6,582","35,439","17,504","17,935","6,523","30,728","18,746","11,982","5,647","28,955","16,663","12,292","5,318","32,152","27,474","4,677","5,908","4,028","3,845",183,738,"17,540","9,360","8,179","3,205","19,054","10,083","8,972","3,485","21,322","10,395","10,927","3,900",3830.3,1848.26,1982.04,700.791688
Little Owls Nursery - Burley Park Childrens Centre,130655,69230,61425,24167.25535,102072.46,54042,48030.46,18891.87024,128302.21,75275.72,53026.49,23700.81132,121792.56,78074.35,43718.21,22455.49196,95453.36,52310.2,43143.16,17633.73064,"96,523","52,769","43,754","17,784","102,679","60,765","41,914","18,900","91,305","45,960","45,344","16,806","105,027","61,793","43,234","19,301","110,396","62,819","47,577","20,276","97,665","52,054","45,611","17,925","99,731","60,573",39157.44,18242.38458,"81,395","49,200","32,196","14,870","79,696","48,217","31,478","14,578","78,714","44,615","34,099","14,399",61195.26,33116.47,28078.79,11196.28477
Little Owls Nursery - Chapeltown Childrens Centre,"275,254","153,425","121,829","50,914","238,365","156,585","81,780","44,110","370,810","174,054","196,756","68,448","310,276","196,080","114,196","57,210","315,522","190,212","125,310","58,298","309,036","189,450","119,586","56,947","307,078","194,751","112,327","56,520","277,833","149,056","128,778","51,141","292,505","178,030","114,476","53,758","303,258","194,801","108,457","55,690","282,007","159,990","122,017","51,766","294,366","183,791","110,575","53,847","277,494","168,021","109,473","50,696","231,131","144,574","86,557","42,278","198,407","109,790","88,616","36,294",176883.45,91590.41,85293.04,32362.59601
Little Owls Nursery - City and Holbeck Childrens Centre,0,0,0,0,0,0,0,0,0,0,0,0,0,0,0,0,0,0,0,0,0,0,0,0,"43,385","19,618","23,767","7,987","57,299","32,702","24,597","10,547","65,950","43,182","22,767","12,122","68,234","45,994","22,239","12,530","68,536","41,289","27,248","12,582","62,259","41,573","20,687","11,391","66,423","44,651","21,771","12,133","72,789","47,685",25104.78,"13,315","52,736","37,633","15,104","9,646",48355.19,29135.29,19219.9,8847.065562
Little Owls Nursery - Harehills Childrens Centre,"147,233","89,378","57,855","27,234","112,515","69,769","42,746","20,822","113,175","71,213","41,963","20,912","94,893","66,948","27,945","17,490","100,735","66,712","34,024","18,615","106,518","63,810","42,707","19,628","86,197","55,243","30,954","15,865","77,285","40,664","36,621","14,226","123,376","50,505","72,871","22,663","110,596","75,164","35,432","20,308","89,234","55,856","33,378","16,384","68,468","37,030","31,438","12,521","62,708","35,665","27,043","11,457","68,422","41,589","26,833","12,516","80,769","44,989","35,779","14,775",73520.09,47675.29,25844.8,13451.23567
Little Owls Nursery - Hawksworth Wood Childrens Centre,0,0,0,0,0,0,0,0,"523,878","339,791","184,087","96,812","421,840","260,531","161,309","77,786","438,251","268,066","170,185","80,976","486,810","298,901","187,909","89,707","504,190","336,078","168,112","92,797","445,392","248,907","196,485","81,985","523,970","325,293","198,677","96,300","498,948","298,880","200,068","91,634","553,724","359,279","194,445","101,675","397,082","260,243","136,840","72,645","218,075","128,578","89,497","39,842","153,946","91,582","62,364","28,159","120,769","50,742","70,027","22,093",161587.08,81834.6,79752.48,29563.97216
Little Owls Nursery - Hunslet Family Service,0,0,0,0,0,0,0,0,0,0,0,0,0,0,0,0,0,0,0,0,"18,345","7,745","10,600","3,379","28,056","16,353","11,703","5,164","23,694","11,696","11,998","4,361","23,554","14,161","9,393","4,329","21,719","13,078","8,641","3,989","24,496","12,934","11,563","4,496","4,646","4,577",69,851,"8,973","3,261","5,712","1,640","11,482","6,567","4,916","2,100","4,063","4,063",0,743,0,0,0,0
Little Owls Nursery - Hunslet Rylestone ,"76,446","42,172","34,274","14,140","74,762","42,644","32,118","13,836","95,790","51,419","44,371","17,689","93,392","58,602","34,790","17,220","87,618","50,346","37,272","16,187","79,224","47,242","31,981","14,598","65,762","40,592","25,170","12,104","81,709","39,480","42,229","15,039","92,973","55,095","37,878","17,086","71,309","46,144","25,165","13,095","63,932","39,603","24,329","11,738","70,656","45,362","25,294","12,926","66,318","41,441","24,877","12,115","68,240","42,621","25,619","12,482","72,554","49,329","23,225","13,271",43903.59,23447.05,20456.54,8032.600826
Little Owls Nursery - Little London Childrens Centre,"12,254",0,"12,254","2,267","85,795","53,446","32,349","15,877","90,558","52,262","38,296","16,727","85,883","60,368","25,516","15,830","63,294","35,908","27,385","11,693","64,195","39,162","25,032","11,829","54,663","29,621","25,042","10,062","53,588","28,811","24,778","9,864","62,601","36,616","25,985","11,504","76,376","48,160","28,216","14,026","81,592","49,328","32,263","14,979","104,958","61,930","43,029","19,198","86,983","49,136","37,847","15,893","39,160","39,160",0,"7,164","55,505","17,298","38,207","10,154",72067.52,45804.41,26263.11,13185.47346
Little Owls Nursery - Little Owls at Rothwell,"201,254","121,254","80,000","37,226","260,216","168,534","91,682","48,154","319,288","221,089","98,198","59,020","281,688","194,003","87,685","51,924","150,508","85,972","64,536","27,806","191,030","128,301","62,729","35,207","189,024","129,053","59,971","34,790","165,276","102,827","62,449","30,425","178,600","123,706","54,894","32,831","177,241","116,651","60,590","32,547","185,842","112,410","73,432","34,119","140,965","89,129","51,837","25,787","164,240","105,120","59,120","30,003","169,038","112,605","56,433","30,920","174,038","116,520","57,518","31,835",152552.94,99061.87,53491.07,27911.0859
Little Owls Nursery - Little Owls at Shepherds Lane,117329,66478,50851,21702.34513,"120,537",73883,"46,654","22,307","137,051","89,673","47,379","25,328","130,820","86,915","43,905","24,117","120,248","74,526","45,722","22,219","114,431","72,135","42,296","21,088","121,604","76,159","45,445","22,382","111,431","59,711","51,719","20,511","130,230","77,921","52,309","23,933","124,276","76,404","47,872","22,823","126,838","74,614","52,224","23,285","136,467","85,696","50,771","24,964","108,161","66,293","41,867","19,760","104,537","67,645","36,892","19,122","94,977","58,483","36,494","17,374",60954.57,49552.86,11401.71,11152.24813
Little Owls Nursery - Meanwood Childrens Centre,185746,117222,68524,34357.43762,"137,261",87986,"49,275","25,401","111,993","65,886","46,107","20,688","115,045","74,927","40,118","21,210","118,506","76,108","42,398","21,898","117,742","73,198","44,544","21,697","104,668","70,725","33,943","19,264","85,482","44,119","41,362","15,734","78,461","49,286","29,175","14,421","88,109","56,320","31,788","16,180","83,746","51,022","32,724","15,375","99,121","64,219","34,902","18,133","89,226","54,885","34,341","16,301","102,440","58,631","43,810","18,738","92,151","59,326","32,825","16,856",89952.52,55406.32,34546.2,16457.71306
Little Owls Nursery - Middleton Childrens Centre and Laurel Bank Complex ,"165,273","94,574","70,699","30,571","168,611","108,749","59,862","31,202","200,293","130,736","69,557","37,015","198,618","127,824","70,794","36,620","182,167","101,632","80,535","33,654","191,633","114,978","76,656","35,312","197,470","124,996","72,474","36,346","183,361","99,529","83,832","33,751","207,473","132,386","75,087","38,133","207,444","131,954","75,490","38,095","208,625","132,955","75,670","38,306","184,732","116,135","68,597","33,793","175,964","110,697","65,267","32,146","169,565","104,562","65,003","31,017","181,913","121,557","60,356","33,276",181520.05,108432.34,73087.71,33210.90835
Little Owls Nursery - North Gipton Childrens Centre,"-62,887","31,319","-94,206","-11,632","58,175","35,829","22,346","10,766","78,666","43,454","35,212","14,529","90,561","60,047","30,514","16,695","74,157","44,921","29,236","13,702","72,096","48,075","24,020","13,287","75,217","45,058","30,159","13,845","66,427","34,112","32,315","12,227","35,866","29,366","6,499","6,595","64,655","40,584","24,071","11,874","56,413","32,036","24,377","10,355","63,865","44,055","19,810","11,685","47,458","30,524","16,933","8,670","49,425","31,985","17,440","9,041","29,651","25,261","4,390","5,423",0,0,0,0
Little Owls Nursery - Osmondthorpe Childrens Centre,"241,469","142,478","98,991","44,665","258,743","169,422","89,321","47,881","259,417","167,318","92,099","47,939","222,080","140,593","81,487","40,948","229,842","148,534","81,308","42,472","228,137","148,244","79,893","42,044","225,929","149,617","76,312","41,583","206,963","123,277","83,686","38,098","217,518","140,401","77,117","39,980","228,776","149,653","79,123","42,011","237,067","143,381","93,685","43,523","193,973","120,889","73,085","35,483","180,363","117,383","62,980","32,948","154,833","96,580","58,253","28,322","156,843","97,330","59,513","28,690",165224.67,108746.6,56478.07,30229.50562
Little Owls Nursery - Quarry Mount Childrens Centre,0,0,0,0,"33,211",0,"33,211","6,151","84,980","66,166","18,814","15,717","-10,641","-28,420","17,779","-1,942","43,384","25,083","18,301","8,015","46,752","26,325","20,428","8,614","42,492","25,265","17,227","7,821","40,068","18,791","21,277","7,375","45,647","27,122","18,525","8,389","46,538","26,983","19,555","8,547","38,286","20,224","18,061","7,027","46,013","26,828","19,185","8,416","49,837","31,753","18,084","9,104","44,104","22,918","21,186","8,067","51,300","33,153","18,147","9,384",44203.75,25378.35,18825.4,8087.5181
Little Owls Nursery - Seacroft Childrens Centre,0,0,0,0,"51,120",0,"51,120","9,468","158,030","101,339","56,691","29,202","143,312","94,675","48,637","26,420","139,876","87,290","52,586","25,846","133,836","82,978","50,859","24,663","127,741","79,731","48,010","23,512","130,301","66,438","63,863","23,984","138,569","87,093","51,477","25,468","137,253","84,578","52,675","25,206","141,615","81,809","59,806","25,996","142,057","88,945","53,112","25,986","122,218","73,573",48644.23,"22,329",123892.21,75628.59,48263.62,22662.07285,130170.11,80937.33,49232.78,23811.06709,120375.66,72386.62,47989.04,22023.93075
Little Owls Nursery - Swarcliffe Childrens Centre,"268,542","176,068","92,474","49,672","230,001","129,019","100,982","42,568","118,840","71,615","47,224","21,955","275,325","185,568","89,758","50,755","223,715","130,757","92,959","41,333","203,993","117,217","86,776","37,587","205,375","122,522","82,853","37,802","170,662","89,343","81,319","31,413","201,822","121,985","79,836","37,091","152,514","97,785","54,729","28,007","157,292","101,116","56,176","28,881","171,250","110,702","60,549","31,329","159,095","98,718",60376.84,"29,065",149244.62,90612.13,58632.49,27299.46206,179858.29,117949.64,61908.65,32899.79576,143141.65,96327.07,46814.58,26189.19628
Little Owls Nursery - Two Willows Childrens Centre,"238,456","114,478","123,978","44,107","249,860","117,333","132,527","46,248","298,209","202,272","95,937","55,119","265,421","167,063","98,358","48,940","287,110","184,386","102,724","53,054","232,329","153,423","78,906","42,817","167,756","104,069","63,687","30,877","155,538","87,892","67,646","28,631","187,283","122,682","64,600","34,423","177,469","118,808","58,661","32,588","181,959","112,492","69,467","33,407","169,090","115,829","53,261","30,937","172,549","107,747","64,802","31,522","172,390","112,108","60,281","31,533","169,137","106,297","62,841","30,939",164445.63,92161.41,72284.22,30086.97246
Museum - Abbey House,"236,454","144,337","92,117","43,737","221,666","127,832","93,834","41,024","270,089","160,624","109,466","49,895","230,499","149,916","80,583","42,496","190,428","113,785","76,643","35,184","197,781","114,345","83,436","36,443","207,720","129,390","78,330","38,233","182,403","92,657","89,746","33,574","204,357","128,438","75,919","37,559","200,037","124,854","75,183","36,736","188,189","100,904","87,286","34,540","193,243","116,161","77,082","35,347","143,426","82,372","61,053","26,205","164,777","95,392","69,386","30,141","172,774","101,550","71,224","31,605",159366.33,88118.48,71247.85,29157.66374
Museum - Armley Mills,"675,099","373,108","301,991","124,873","566,268","297,916","268,352","104,807","965,774","559,943","405,831","178,396","326,025","159,376","166,648","60,157","522,290","279,253","243,036","96,482","422,754","305,678","117,076","77,924","510,487","287,999","222,488","93,965","426,864","230,673","196,191","78,573","544,982","317,753","227,229","100,153","588,035","355,067","232,968","107,994","447,855","186,766","261,089","82,162","471,974","274,904",197069.83,"86,325",410140.13,206457.37,203682.76,74946.19689,406043.7,220833.8,185209.9,74271.78061,596133.2,287029.51,309103.69,109051.3085,108037.51,108037.51,0,19766.54283
Museum - City Art Gallery and Central Library,"1,937,383","1,041,914","895,469","358,358","1,035,471","466,621","568,850","191,668","1,514,149","885,985","628,164","279,701","1,408,686","795,687","613,000","259,827","1,358,995","735,245","623,750","251,051","1,345,900","751,524","594,376","247,982","1,283,447","736,496","546,951","236,242","979,127","425,084",554043.7,180206.9816,980496.2,527474.65,453021.55,180168.2213,1052430.18,618716.53,433713.65,193287.5992,706972.81,273825.73,433147.08,129683.5561,1173932.82,609514.23,564418.59,214667.5958,212698.56,212698.56,0,38825.99514,0,0,0,0,0,0,0,0,0,0,0,0
Museum - Leeds City,606730,368710,238020,112226.8481,446037.96,257996,188041.96,82548.77153,590403.94,346972.1,243431.84,109063.8985,491136.03,310911.35,180224.68,90556.82513,"541,888","320,097",221791.44,100118.6623,528847.78,331797,197050.78,97456.67319,"453,616","270,241","183,375","83,495","418,375","178,965","239,410","77,001","553,046","333,851","219,195","101,640","582,953","349,206","233,747","107,062","746,834","435,240","311,593","137,099","794,017","462,795","331,222","145,227","60,422","60,422",0,"11,029",0,0,0,0,0,0,0,0,0,0,0,0
Museum - Leeds Discovery Centre,"251,146","148,168","102,978","46,454","171,308","106,372","64,936","31,702","235,732","146,718","89,015","43,556","225,868","163,902","61,966","41,627","180,280","101,780","78,500","33,306","237,651","153,204","84,447","43,797","195,816","132,208","63,608","36,040","132,137","67,176","64,961","24,322","159,441","85,619","73,821","29,298","150,805","84,388","66,417","27,698","171,321","92,024","79,297","31,444","147,214","78,296","68,919","26,921","178,656","111,630","67,026","32,638","175,504","92,993","82,510","32,102","253,435","201,580","51,855","46,356",334699,235941.08,98757.92,61236.52904
Museum - Temple Newsam House,698209,365115,333094,129147.7187,573952.26,288107,285845.26,106232.5524,"722,256","406,703","315,553",133399.8538,531707.8,308288.34,223419.46,98063.95454,516417.15,273870.1,242547.05,95396.3782,537062.59,320434.9,216627.69,98963.02299,514324.98,310381.18,203943.8,94668.2533,360314.35,277886.35,82428,66340.11361,543758.82,357064.84,186693.98,99945.86024,421638.2,217263.32,204374.88,77448.40104,534598.46,299683.47,234914.99,98129.8292,"530,902","316,975","213,927","97,107","529,420","309,888",219532.38,"96,726",466077.46,278725.36,187352.1,85253.62989,482205.17,297382.93,184822.24,88206.41493,391398.88,177670.65,213728.23,71610.33908
One Stop Centre - Osmondthorpe,"359,828","251,527","108,301","66,557","353,207","239,003","114,204","65,360","319,430","178,672","140,758","58,997","282,430","169,195","113,235","52,084","267,647","135,424","132,223","49,438","278,100","141,015","137,085","51,233","369,163","223,013","146,150","67,949","302,107","138,037","164,070","55,604","327,587","185,619","141,968","60,199","360,410","214,402","146,008","66,191","297,768","210,063","87,705","54,688","61,167","61,167",0,"11,203",0,0,0,0,0,0,0,0,0,0,0,0,0,0,0,0
One Stop Centre - Rothwell,"175,706","78,747","96,959",32500.33882,"113,240",70418,"42,822",20956.25971,"123,283","75,193",48090.79,22777.04118,115160.64,71413.28,43747.36,21234.9806,101028.83,41874.23,59154.6,18656.66804,"117,335",64737.94,"52,597",21618.60104,"129,121","73,919","55,202",23767.05931,"1,774","1,774",0,327,0,0,0,0,0,0,0,0,0,0,0,0,0,0,0,0,0,0,0,0,0,0,0,0,0,0,0,0,0,0,0,0
Other - Housing Leeds - Churchfield Lane Meeting Room,0,0,0,0,0,0,0,0,0,0,0,0,0,0,0,0,"2,859","2,859",0,529,483,193,290,89,"101,514","47,619","53,894","18,687","118,604","60,883","57,721","21,831","126,690","75,764",50925.85,23283.0144,129270.14,77863.23,51406.91,23740.86988,"132,262",78347.1,"53,915","24,281","129,767","79,584","50,183","23,737","86,323","34,736","51,587","15,778","126,940","76,710","50,230","23,220",0,0,0,0,0,0,0,0
Other - Inner East Cluster - Lincoln Fields,"160,911","104,215","56,696","29,764","123,283","70,790","52,493","22,816","-7,583","-39,457","31,875","-1,442","93,983","64,315","29,668","17,324","85,552","59,780","25,772","15,811",66843.2,38864.57,27978.63,12316.54883,"83,409","57,801","25,608",15351.27889,"77,414","49,772","27,642",14251.18816,"84,502","59,033","25,468","15,533","84,136","59,743","24,393","15,449","65,840","46,344",19496.03,"12,092",70502.43,48582.68,21919.75,12899.63483,"64,200","40,601",23599.21,11728.31754,"78,954","58,639",20314.47,14442.36818,"53,516","51,432","2,084",9788.122764,0,0,0,0
Other - Jubilee Kitchen - Transmission House,0,0,0,0,0,0,0,0,-5222.91,8923.55,-14146.46,-950.7838029,-13.34,-13.34,0,-2.4550936,0,0,0,0,0,0,0,0,0,0,0,0,0,0,0,0,0,0,0,0,0,0,0,0,0,0,0,0,20709.51,8276.73,12432.78,3785.445528,15399.75,15399.75,0,2811.070365,0,0,0,0,0,0,0,0,0,0,0,0
Other - Leeds Urban Bike Park and Cafe,44870,29329,15541,8299.6039,41724.23,23105,18619.23,7722.199438,54851.4,31991.99,22859.41,10132.28228,55613.25,35563.99,20049.26,10253.76855,51202.67,30278.92,20923.75,9460.168447,46458.84,30447.35,16011.49,8562.076922,56613.4,31731.48,24881.92,10420.845,44767.24,22114.12,22653.12,8239.892509,"44,945",26893.55,"18,051","8,260","15,937","12,016","3,921","2,926","32,745","18,280","14,465","6,010","32,736","19,419","13,317","5,988","30,139","16,473","13,665","5,507","31,028","17,736","13,292","5,675",0,0,0,0,1585.49,1129.5,455.99,290.0812504
Parks and Countryside - Abbey House Lodge - Staff Facilities and Kirkstall Valley Rangers Office,"-4,247","-6,081","1,834",-785.56759,"2,305",897,"1,408",426.601165,"-2,282","-2,282",0,-423,858,823.79,34,157.8808964,814,746,67,150.5179344,"3,197",23,3173.99,588.1947649,5425.7,2770.78,2654.92,998.7553618,7527.2,3000.95,4526.25,1385.315873,4053.46,2685.03,1368.43,745.0587081,3916.26,581.83,3334.43,719.8732674,"5,706","2,918","2,788","1,047","5,171","3,175","1,996",946,"3,425","1,507",1917.82,626,5447.26,1941.25,3506.01,996.3600069,"7,159","3,053","4,106","1,310",3783.37,1973.82,1809.55,692.2053752
Parks and Countryside - Golden Acre Park Cafe and Display Greenhouse,73789,51392,22397,13648.75133,69830.54,44208,25622.54,12922.70439,75911.76,46816.52,29095.24,14025.57564,64912.06,37485.37,27426.69,11972.00471,73335.49,46642.92,26692.57,13551.12552,72681.53,41878.08,30803.45,13392.14865,158278.73,31386.82,126891.91,29143.99534,99023.79,93398.02,5625.77,18235.46858,4851.92,4648.27,203.65,892.4675607,158.32,158.32,0,29.0533032,36326.13,11.37,36314.76,6653.502044,31566.09,30127.24,1438.85,5780.752957,42921.38,28091.64,14829.74,7840.636379,33594.05,23247.97,10346.08,6145.02422,34973.83,24829.68,10144.15,6397.322156,35858.18,24982.71,10875.47,6560.612613
Parks and Countryside - Gotts Park Mess Room,"10,613","5,592","5,021","1,963","8,062","3,551","4,511","1,492","9,448","5,907","3,541","1,746","19,844","13,259","6,585","3,658","10,413","7,583","2,830","1,925",708,418,290,130,"2,494","1,439","1,055",459,"2,365","1,119","1,246",435,"17,691","14,204","3,487","3,253","11,085","6,897","4,187","2,036","6,774","6,323",451,"1,245",387,354,32,71,"3,777","3,070",708,690,"2,101","1,614",486,384,"3,949","3,368",581,722,1908.1,1875.85,32.25,349.105976
Parks and Countryside - Horsforth Hall Park - outbuildings,0,0,0,0,0,0,0,0,0,0,0,0,0,0,0,0,0,0,0,0,0,0,0,0,0,0,0,0,0,0,0,0,0,0,0,0,0,0,0,0,0,0,0,0,0,0,0,0,0,0,0,0,0,0,0,0,0,0,0,0,0,0,0,0
Parks and Countryside - Leeds Arium,0,0,0,0,0,0,0,0,0,0,0,0,0,0,0,0,0,0,0,0,0,0,0,0,0,0,0,0,0,0,0,0,"3,846,993",0,"3,846,993","705,962","2,769,241","2,033,815","735,426","508,448","2,484,314","1,201,131","1,283,183","455,880","2,983,678",1527681.04,"1,455,996","545,588",2256781.91,1352205.65,904576.26,412304.7832,"2,516,671",1447188.16,"1,069,483","460,341","1,906,712","1,300,108","606,605","348,774",1745552.03,998038.38,747513.65,319366.1994
Parks and Countryside - Meanwood Valley Visitor Centre,"2,534","1,283","1,251",469,"2,810","1,589","1,221",520,"11,458","8,200","3,258","2,118","3,030",985,"2,044",559,"-1,327","-3,162","1,835",-247,"1,000","1,000",0,185,0,0,0,0,45,11,34,8,45,11,34,8,57,23,34,10,"16,770","3,272","13,497","3,074","29,640","17,213","12,426","5,421","15,424","15,389",34,"2,815",69,34,34,13,"26,088","12,739","13,349","4,772",29051.7,15258.06,13793.64,5315.299032
Parks and Countryside - Nunroyd Park,0,0,0,0,0,0,0,0,0,0,0,0,0,0,0,0,0,0,0,0,0,0,0,0,0,0,0,0,0,0,0,0,0,0,0,0,0,0,0,0,0,0,0,0,0,0,0,0,0,0,0,0,0,0,0,0,0,0,0,0,0,0,0,0
Parks and Countryside - Pudsey Park Glasshouse,"282,677","163,063",119614,"52,287","159,557","43,541",116015.67,"29,541",375847.58,227697.89,148149.69,69437.39515,308910.9,203490.75,105420.15,56950.31935,299079.91,178931.84,120148.07,55258.87129,319106.42,192327.59,126778.83,58801.72531,331132.68,214918.64,116214.04,60946.78712,347250.51,215849.28,131401.23,63924.23472,254239.78,126071.72,128168.06,46712.2743,436560.34,290278.22,146282.12,80165.84956,259306.03,159114.67,100191.36,47607.46387,378323.41,233718.42,144604.99,69204.06068,431933.18,307470.87,124462.31,78893.48933,391616.05,278570.5,113045.55,71634.63352,150856.4,150856.4,0,27591.63556,35837.7,11.45,35826.25,6556.865592
Parks and Countryside - Red Hall Central Nursery,"593,183","197,317","395,866","109,721","1,599,244","995,878","603,366","295,957","1,559,423","892,828","666,595","288,041","1,282,122","667,038","615,084","236,536","1,289,773","669,741","620,032","238,249","1,208,369","708,614","499,754","222,657","1,577,469","964,379","613,090","290,352","356,219","356,219",0,"65,603",0,0,0,0,0,0,0,0,0,0,0,0,0,0,0,0,0,0,0,0,0,0,0,0,0,0,0,0,0,0,0,0
Parks and Countryside - Roundhay Park - Canal Gardens - Tropical World,"3,764,774","2,066,976","1,697,798","696,370","3,437,352","2,156,100","1,281,252","636,114","4,156,530","1,877,677","2,278,852",767164.6398,"3,352,814","2,339,499","1,013,315","617,997","2,820,003","2,014,773","805,231","521,203","1,939,834","1,102,494","837,340","357,423","2,499,000","1,531,946","967,053","459,970","2,395,054","1,455,261","939,793","440,891","2,461,277","1,646,968","814,309","452,410","2,527,052","1,718,082","808,970","464,030","2,725,437","1,939,419","786,018","500,568","13,023",352,"12,671","2,377",0,0,0,0,"709,259",227,"709,032","129,723","2,047,488","1,113,511","933,977","374,542",1817376.65,1427040.21,390336.44,332507.2319
Parks and Countryside - Roundhay Park - Explorers Cafe,"77,382","39,537","37,845","14,313","64,894","41,094","23,800","12,009","78,562","51,188","27,374","14,518","69,536","47,392","22,143","12,818","66,039","41,666","24,373","12,203","51,632","43,988","7,644","9,520","34,970","24,984","9,985","6,436","24,027","12,966","11,061","4,423","62,533","44,481","18,051","11,495","52,243","33,959","18,284","9,594","49,061","28,166","20,895","9,006","55,623","33,874","21,749","10,174","55,963","39,558","16,405","10,222","46,014","28,254","17,760","8,417","49,959","31,866","18,093","9,139",35471.79,22469.68,13002.11,6489.918698
Parks and Countryside - Roundhay Park - Mansion House,"209,597","118,312","91,285","38,769","180,279","79,395","100,884","33,370","201,439","122,564","78,875","37,216","204,252","151,561","52,691","37,640","149,363","72,353","77,010","27,588","112,769","54,990","57,779","20,774","143,789","86,115","57,674","26,466","126,926","65,162","61,764","23,363","96,858","47,688","49,170","17,796","124,815","75,180","49,635","22,923","129,641","77,643","51,998","23,800","125,159","76,754","48,405","22,894","129,176","70,525","58,651","23,603","140,240","91,782","48,458","25,653","125,136","73,370","51,766","22,890",271300.44,195617.78,75682.66,49637.1285
Parks and Countryside - Roundhay Park - Specialist Gardens ,"6,331","6,511",-180,"1,171","-6,384","-5,662",-722,"-1,181",0,0,0,0,0,0,0,0,0,0,0,0,0,0,0,0,0,0,0,0,0,0,0,0,0,0,0,0,0,0,0,0,0,0,0,0,0,0,0,0,0,0,0,0,0,0,0,0,0,0,0,0,0,0,0,0
Parks and Countryside - Stanningley Park Depot - Half Mile Lane,"33,627","19,211","14,416","6,220","23,638","12,357","11,281","4,375","22,877","13,058","9,819","4,226","40,956","31,499","9,457","7,546","31,678","16,922","14,756","5,852","54,256","35,559","18,697","9,999","49,679","30,815","18,864","9,144","46,263","20,363","25,901","8,515","47,351","27,660","19,690","8,702","26,860","17,847","9,013","4,932","40,683","24,682","16,001","7,469","18,696","15,421","3,275","3,422","24,238","13,455","10,782","4,429","27,729","16,672","11,057","5,072","24,987","14,879","10,108","4,571",27944.33,16944.09,11000.24,5112.694617
Parks and Countryside - Temple Newsam Farm Study Support Centre,"30,397","14,896",15501,5622.53309,"87,938","14,171","73,767","16,284","2,736","9,565",-6828.92,515,43728.52,26087.83,17640.69,8064.255637,"38,452","14,945","23,507","7,100","29,312","13,479",15833.3,5399.406436,22602.52,7782.56,14819.96,4161.269229,26845.87,13177.25,13668.62,4941.25426,43682.37,26656.67,17025.7,8028.14722,38401.71,22193.37,16208.34,7052.932805,38082.84,20192.47,17890.37,6989.589628,35572.24,18857.1,16715.14,6505.048092,31786.4,13861.63,17924.77,5809.260868,45260.56,20819.53,24441.03,8278.758653,37887.36,24388.75,13498.61,6930.408061,29557.83,14840.06,14717.77,5407.900577
Parks and Countryside - Temple Newsam Golf Course Pro Shop,"25,261","12,553","12,708","4,673","17,009","6,965","10,044","3,149","22,296","9,398","12,898","4,114","20,902","11,151","9,751","3,856","27,684","8,145","19,538","5,110","34,704","17,634","17,071","6,393","35,294","19,538","15,756","6,497","31,098","15,350","15,748","5,724","35,733","17,137","18,596","6,565","40,701","22,889","17,812","7,476","37,512","18,813","18,698","6,884","39,083","22,538","16,545","7,148","33,650","17,548","16,102","6,149","34,770","18,110","16,660","6,360","39,697","22,492","17,205","7,262",27263.13,17106.67,10156.46,4988.062265
Parks and Countryside - Temple Newsam Park Walled Garden,"378,440","168,203","210,237","70,000","399,708","202,723","196,985","73,981","671,189","368,781","302,407","123,957","540,406","321,354","219,053","99,661","312,815","146,791","166,024","57,775","282,096","155,877","126,219","51,975","320,881","185,889","134,992","59,064","211,110","50,908","160,202","38,846","274,449","158,487","115,962","50,435","419,499","256,547","162,952","77,041","369,890","199,543","170,347","67,891","375,901","219,797","156,104","68,753","319,947","158,782","161,165","58,466","345,610","193,040","152,570","63,218","324,763","177,257","147,507","59,408",170600.48,102648.36,67952.12,31213.06382
Parks and Countryside - Temple Newsam Stable Courtyard Boiler House,"403,536","213,265","190,271","74,642","355,270","186,745","168,525","65,755","461,114","266,333","194,781","85,175","419,879","258,937","160,942","77,425","332,730","158,214","174,516","61,455","371,485","207,250","164,235","68,446","361,840","194,566","167,273","66,605","320,566","154,383","166,183","59,003","375,602","205,217","170,385","69,019","369,311","201,042","168,269","67,833","368,940","210,071","158,869","67,724","382,001","216,132","165,869","69,864","314,479","177,324","137,155","57,458","279,734","154,676","125,058","51,168","342,299","189,215","153,084","62,616",327337.69,183930.55,143407.14,59889.70376
Parks and Countryside - Temple Newsam VSA Messroom,"27,935","11,751","16,184","5,167","26,057","11,472","14,585","4,823","39,047","17,451","21,595","7,207","38,471","22,712","15,758","7,095","30,364","16,102","14,261","5,609","30,486","16,049","14,437","5,617","30,809","18,303","12,505","5,671","28,426","14,046","14,380","5,232","24,456","16,500","7,955","4,495","31,047","17,809","13,238","5,702","32,395","17,714","14,682","5,946","24,091","14,277","9,814","4,406","21,041","10,956","10,085","3,845","24,573","12,770","11,803","4,495","25,121","13,110","12,011","4,595",28579.27,14147.22,14432.05,5228.863239
Parks and Countryside - White House Cafe,"1,621",1450,171,300,"25,828","2,283","23,545","4,783","-22,849","-23,232",383,"-4,232",926,542,384,171,"5,694","4,087","1,607","1,052","-1,567","-1,510",-57,-289,719,584,136,132,463,271,192,85,630,472,158,116,316,316,0,58,0,0,0,0,508.86,508.86,0,93.2027976,0,0,0,0,22.82,11.37,11.45,4.174106891,67.87,45,22.87,12.4147952,57.05,22.87,34.18,10.437868
Primary School - Aberford Church of England,"64,224","32,870","31,354","11,880","47,361","22,988","24,373","8,766","49,793","29,310","20,483","9,198","64,170","36,786","27,384","11,835","56,295","23,663","32,632","10,396","86,004","41,561","44,443","15,843","82,655","46,416","36,239","15,214","66,792","25,600","41,192","12,292","74,577","38,860","35,717","13,703","75,597","38,037","37,560","13,886","60,830","30,125","30,705","11,163","74,097","38,206","35,891","13,549","53,032","24,818","28,214","9,691","62,234","32,097",30137,"11,383",57741.24,28930.36,28810.88,10562.60145,10367.27,10367.27,0,1896.795719
Primary School - Adel St John The Baptist Church of England,"269,639","164,240","105,399","49,875","238,042","138,718","99,324","44,054","252,469","156,419","96,050","46,647","243,016","149,567","93,449","44,812","232,945","138,705","94,240","43,039","217,287","128,078","89,209","40,038","225,180","134,603","90,577","41,448","190,177","92,280","97,897","35,004","187,179","115,419",71760.01,"34,401",178514.48,101884.32,76630.16,32786.77908,171179.44,105403.26,65776.18,31428.06255,230547.39,150325.48,80221.91,42177.32237,177305.34,103958.22,73347.12,32393.84338,165228.9,93221.84,72007.06,30223.06236,188084.54,110294.72,77789.82,34405.32976,154747.01,76914.46,77832.55,28312.51295
Primary School - All Saints Church of England Primary and Nursery,"282,140","151,553","130,587","52,187","192,171","107,098","85,073","35,566","269,501","151,233","118,268","49,776","218,282","128,462","89,820","40,256","195,384","98,298","97,086","36,090","206,063","116,357","89,706","37,968","211,709","125,311","86,398","38,968","228,528","111,278","117,251","42,063","205,940","114,033","91,907","37,843","185,496","111,589","73,907","34,067","142,056","77,628","64,428","26,074","201,493","124,800","76,693","36,858","145,877","72,792","73,086","26,657","131,424","71,686","59,739","24,040","120,245","61,157","59,088","21,996",107005.76,47761.03,59244.73,19577.77385
Primary School - Allerton Church of England,383090,212221,170869,70860.1573,231654.75,112391,119263.75,42877.80241,278020.69,159817.66,118203.03,51353.91445,252690.05,146498.58,106191.47,46604.15376,262796.92,136509.18,126287.74,48544.2866,250510.88,128620.19,121890.69,46151.49317,"329,289","194,037","135,252","60,611","282,010","128,308","153,701","51,905","328,236","198,020",130216.26,"60,324","352,490",186956.25,"165,534","64,745","440,324","236,021","204,303","80,817","408,593","212,098","196,495","74,716","417,204","227,597","189,608","76,230","424,820","237,535","187,285","77,706","404,286","242,356","161,930","73,954",318652.66,151387.31,167265.35,58300.69067
Primary School - Armley,"131,721",0,"131,721","24,364","128,870","57,950","70,920","23,854","149,183","83,131","66,052","27,553","142,031","75,842","66,189","26,201","119,133","58,763","60,370","22,005","128,075","59,241","68,833","23,592","172,830","95,150","77,680","31,813","141,616","67,914","73,702","26,066","174,825","93,396","81,429","32,124","86,513","86,513",0,"15,876",0,0,0,0,0,0,0,0,0,0,0,0,0,0,0,0,0,0,0,0,0,0,0,0
Primary School - Ashfield ,141669,81194,60475,26204.51493,129360.88,73800,55560.88,23941.21658,154094.83,91805.08,62289.75,28467.02446,155451.57,93840.28,61611.29,28666.79046,"137,405","74,340","63,066","25,383","131,171","72,647","58,524","24,168","120,539","72,186","48,352","22,187","106,148","51,852","54,296","19,538","128,070","73,820","54,250","23,535","144,885","87,494","57,391","26,608","139,628","79,722","59,906","25,631","128,087","81,447","46,640","23,432","104,815","59,493","45,323","19,151","37,062","37,062",0,"6,780",0,0,0,0,0,0,0,0
Primary School - Austhorpe,"211,270","123,864","87,406","39,079","152,104","73,605","78,499","28,154","203,866","103,747","100,119","37,641","173,670","110,098","63,571","32,022","152,754","79,196","73,558","28,217","194,571","102,390","92,181","35,847","224,911","142,918","81,993","41,397","259,676","146,790","112,886","47,800","83,896","83,896",0,"15,434",0,0,0,0,0,0,0,0,0,0,0,0,0,0,0,0,0,0,0,0,0,0,0,0,0,0,0,0
Primary School - Bankside,"302,095","69,387","232,708","55,879","290,614","171,510","119,104","53,783","331,673","221,332","110,341","61,300","331,512","207,330","124,182","61,127","375,225","223,390","151,835","69,327","390,877","246,050","144,827","72,032","360,887","220,807","140,080","66,426","309,259","188,998","120,262","56,930","302,458","190,634","111,824","55,590","362,275","234,322","127,953","66,527","425,014","260,076","164,938","78,030","314,703","200,783","113,921","57,570","328,850","211,924","116,926","60,074","279,389","166,397","112,993","51,105","400,904","241,717","159,187","73,335",347839.28,234999.34,112839.94,63640.67467
Primary School - Bankside (AIP),0,0,0,0,0,0,0,0,0,0,0,0,0,0,0,0,0,0,0,0,0,0,0,0,"27,595","10,561","17,034","5,080","37,246","18,396","18,849","6,855","6,576","6,542",34,"1,210","13,228",45,"13,183","2,432","32,000","17,946","14,054","5,874","21,399","11,073",10325.94,"3,913",33329.96,17517.75,15812.21,6090.200681,34541.77,20664.35,13877.42,6318.287474,12131.27,4645.39,7485.88,2219.258436,8368.08,7080.89,1287.19,1531.023917
Primary School - Barwick in Elmet Church of England,"246,597","131,556","115,041","45,613","198,803","109,719","89,084","36,794","208,201","128,720","79,481","38,468","187,440","101,311","86,128","34,577","168,307","88,588","79,719","31,091","136,301","72,797","63,504","25,112","124,465","70,477","53,988","22,910","110,003","47,703","62,300","20,246","116,716","64,775","51,941","21,448","112,243","61,970","50,273","20,616","89,500","39,523","49,976","16,421","98,856","50,976","47,880","18,077","81,500","37,701","43,798","14,894","86,949","37,455","49,493","15,904","25,291","25,291",0,"4,626",0,0,0,0
Primary School - Beecroft,0,0,0,0,0,0,0,0,0,0,0,0,0,0,0,0,"113,592","62,033","51,559","20,984","129,756","70,604","59,152","23,907","144,138","135,658","8,480","26,522","142,419","68,421","73,998","26,213","185,661","114,309",71352.07,"34,122",169880.84,99793.08,70087.76,31200.06454,194091.02,109618.58,84472.44,35627.54042,216486.02,126844.85,89641.17,39596.0019,178333.46,98720.68,79612.78,32583.95328,179267.67,103938.55,75329.12,32791.06339,168919.68,96424.35,72495.33,30899.75919,161365.72,84244.28,77121.44,29523.47213
Primary School - Beeston,"407,900","214,532","193,368","75,449","330,289","169,487","160,802","61,132","393,402","233,676","159,726","72,675","305,485","169,868","135,617","56,348","322,030","155,938","166,092","59,480","317,185","171,431","145,754","58,439","274,653","162,399","112,254","50,554","220,243","87,867","132,377","40,534","211,130","128,319","82,811","38,802","232,001","116,417","115,584","42,616","186,672","89,951","96,721","34,255","179,084","88,824","90,260","32,745","179,789","93,970","85,818","32,852","198,390","97,758","100,632","36,288","220,011","116,224","103,787","40,246",180180.52,89162.77,91017.75,32965.82794
Primary School - Beeston Hill St Lukes Church of England,"218,541","104,755","113,786","40,424","168,510","82,782","85,728","31,190","230,641","109,512","121,129","42,575","206,793","124,884","81,909","38,135","200,225","104,386","95,839","36,986","229,507","119,321","110,186","42,283","269,089","156,780","112,310","49,530","229,231","102,802","126,429","42,190","303,639","168,540","135,099","55,797","342,542","198,604","143,938","62,912","391,054","202,618","188,437","71,769","386,540","227,395","159,145","70,700","303,522","160,415","143,108","55,461","303,886","140,928","162,959","55,585","263,076","136,047","127,029","48,124",215612.09,111068.24,104543.85,39448.38799
Primary School - Beeston St Francis of Assisi Roman Catholic,"202,308","108,873","93,435","37,421","171,391","99,360","72,031","31,719","193,186","115,120","78,066","35,689","195,767","115,568","80,199","36,104","190,444","105,262","85,181","35,182","172,171","94,190","77,981","31,722","156,106","102,656","53,450","28,732","123,200","57,517","65,682","22,676","144,415","80,990","63,425","26,538","134,273","79,270","55,002","24,660","152,666","70,392","82,274","28,012","26,812","26,812",0,"4,911",0,0,0,0,0,0,0,0,0,0,0,0,0,0,0,0
Primary School - Birchfield,"336,889","204,337","132,552","62,314","326,257","218,671","107,586","60,374","256,302","166,782","89,521","47,365","212,903","126,697","86,206","39,263","216,110","125,999","90,111","39,927","166,278","99,659","66,619","30,640","165,472","99,334","66,139","30,457","147,297","71,459","75,838","27,111","164,653","103,012",61641.41,"30,262",169821.87,106602.16,63219.71,31186.77046,145725.46,83309.04,62416.42,26750.22467,166942.24,102830.04,64112.2,30537.39111,128650.55,63759.7,64890.85,23509.10915,116412.09,71263.34,45148.75,21293.83264,107702.89,55266.71,52436.18,19702.00475,107168.82,56714.73,50454.09,19607.60731
Primary School - Blackgates,"454,913","248,043","206,870","84,145","455,618","253,075","202,543","84,324","636,088","355,883","280,205","117,482","534,167","323,658","210,508","98,504","499,921","288,209","211,712","92,361","525,655","293,502","232,153","96,852","550,902","338,122","212,781","101,400","445,424","210,043","235,381","81,983","169,401","169,401",0,"31,163",0,0,0,0,0,0,0,0,0,0,0,0,0,0,0,0,0,0,0,0,0,0,0,0,0,0,0,0
Primary School - Blenheim,"230,393","110,170","120,223","42,616","236,046","162,246","73,800","43,679","201,826","102,522","99,304","37,264","227,637","142,542","85,095","41,974","228,893","129,990","98,903","42,287","216,626","125,598","91,028","39,915","244,144","146,327","97,817","44,938","207,781","100,010","107,771","38,244","250,678","145,445","105,232","46,067","250,766","153,055","97,711","46,053","272,709","151,575","121,134","50,057","288,481","175,339","113,142","52,768","210,279","131,521","78,758","38,415","182,028","103,341","78,688","33,296","175,206","90,056","85,150","32,050",164244.94,80604.42,83640.52,30050.25422
Primary School - Bracken Edge,"189,078","103,465","85,613","34,974","201,128","112,375","88,753","37,224","259,235","139,542","119,693","47,873","260,669","164,002","96,667","48,064","236,332","135,580","100,752","43,662","214,132","116,834","97,298","39,452","243,078","140,750","102,328","44,743","208,990","99,158","109,831","38,466","241,397","135,772","105,625","44,360","256,621","149,263","107,357","47,131","243,141","135,321","107,820","44,630","311,069","183,772",127297.15,"56,896","276,439","156,561","119,878","50,508","276,370","154,215","122,155","50,553","261,419","143,960","117,459","47,821",190252.76,110376.09,79876.67,34808.64497
Primary School - Bramham,"140,967","70,081","70,886","26,075","157,463","101,677","55,786","29,139","150,253","86,956","63,297","27,754","161,932","105,380","56,552","29,855","116,071","66,158","49,913","21,444","114,944","62,223","52,721","21,178","135,472","73,496","61,976","24,937","110,157","49,880","60,277","20,275","147,122","85,131","61,991","27,037","141,284","78,832","62,451","25,949","118,056","57,542","60,514","21,664","148,643","93,542","55,101","27,191","132,001","71,871","60,130","24,119","112,437","67,456","44,982","20,567","110,507","59,355","51,152","20,215",116518.74,60048.2,56470.54,21318.26867
Primary School - Bramley,256754,120198,136556,47491.78738,202681.13,108966,93715.13,37512.42025,250150.92,136691.1,113459.82,46197.7039,210401.08,134937.97,75463.11,38792.62207,195417.81,104298.61,91119.2,36099.36354,202273.77,112029.4,90244.37,37268.49977,201798.44,115530.89,86267.55,37144.6923,176393.54,80844.21,95549.33,32465.84695,125641.24,125641.24,0,23112.96251,0,0,0,0,0,0,0,0,0,0,0,0,0,0,0,0,0,0,0,0,0,0,0,0,0,0,0,0
Primary School - Bramley St Peters Church of England,386716,173101,213615,71530.85852,254532.58,131171,123361.58,47110.4981,327970.78,179361.46,148609.32,60569.59526,321300.77,189340.64,131960.13,59255.31291,397698.33,197457.65,200240.68,73458.72791,469621.8,275851.65,193770.15,86533.9279,"427,238","303,504",123734.17,"78,631",241797.24,110684.61,131112.63,44503.59872,"247,743",146589.25,"101,154",45529.34549,"255,483","152,477","103,006","46,921","272,802","160,095","112,707","50,080","263,331","162,656","100,674","48,169","241,348","128,080","113,267","44,100","229,368","139,613","89,755","41,955","205,368","120,868","84,500","37,567",151621.37,90823.5,60797.87,27740.64586
Primary School - Broadgate,"343,903","212,438","131,465","63,612","297,418","157,964","139,454","55,047","394,500","225,520","168,980","72,868","343,224","212,324","130,901","63,289","327,132","179,056","148,076","60,433","346,623","196,532","150,091","63,867","404,150","248,160","155,989","74,388","359,446","183,338","176,109","66,161","416,960","253,970","162,990","76,631","478,879","301,908","176,971","87,943","438,780","248,520","190,260","80,543","424,596","256,686","167,910","77,665","348,777","201,790","146,987","63,723","369,069","225,540","143,528","67,509","367,576","222,779","144,798","67,238",329950.86,188296.13,141654.73,60367.80935
Primary School - Brodetsky,"762,278","438,983","323,295","140,999","716,825","423,606","293,219","132,662","785,857","465,798","320,060","145,174","547,485","295,673","251,813","100,994","678,933","379,490","299,443","125,428","674,417","388,120","286,297","124,266","682,172","397,995","284,177","125,565","777,340","412,516","364,824","143,084","802,973","487,996","314,977","147,573","775,299","481,721","293,578","142,381","739,428","443,532","295,896","135,748","481,018","481,018",0,"88,103","856,867","713,442","143,425","156,468","516,014","342,414","173,601","94,389","410,464","232,846","177,618","75,085",452807.62,280440.75,172366.87,82845.68216
Primary School - Brudenell - Build 1,"285,811","140,180","145,631","52,866","215,362","107,186","108,176","39,861","250,587","136,554","114,033","46,278","320,975","207,958","113,017","59,178","268,598","148,754","119,844","49,621","271,564","138,293","133,271","50,030","311,196","176,959","134,237","57,282","270,512","118,985","151,526","49,788","309,357","174,054","135,304","56,848","330,399","190,870","139,528","60,682","343,689","182,845","160,844","63,080","337,235","191,785","145,450","61,678","288,375","142,422","145,952","52,697","281,673","145,226","136,447","51,522","302,003","142,375","159,628","55,246",260933.72,120256.84,140676.88,47740.43341
Primary School - Brudenell - Build 2,0,0,0,0,0,0,0,0,0,0,0,0,0,0,0,0,0,0,0,0,0,0,0,0,0,0,0,0,0,0,0,0,0,0,0,0,0,0,0,0,0,0,0,0,0,0,0,0,"35,784","11,735","24,049","6,541","50,819","27,054","23,765","9,296","47,840","24,765","23,074","8,751",39512.66,14343.94,25168.72,7229.236274
Primary School - Brudenell - Build 3,0,0,0,0,0,0,0,0,0,0,0,0,0,0,0,0,0,0,0,0,0,0,0,0,"8,618","8,618",0,"1,586",0,0,0,0,"1,198",0,"1,198",220,"50,300","28,890","21,410","9,238","105,677","51,639","54,038","19,392","98,456","67,064","31,392","18,014","79,736","47,067","32,668","14,568","80,358","48,549","31,809","14,699","37,836","32,277","5,559","6,921",79262.52,45166,34096.52,14501.87066
Primary School - Burley St Matthias Church of England,198916,99150,99766,36793.49252,"179,238",99535,"79,703","33,173","208,862","111,202","97,661","38,569","183,586","110,758","72,827","33,855","185,898","104,431","81,467","34,344","178,486","107,265","71,220","32,889","166,656","97,447","69,209","30,676","147,985","70,577","77,408","27,238","175,160","105,946","69,214","32,191","181,260","102,045","79,216","33,292","176,143","86,311","89,832","32,324","165,496","91,686","73,809","30,266","140,441","78,092","62,349","25,660","127,488","72,019","55,469","23,320","130,777","75,941","54,836","23,922",102878.32,60524.3,42354.02,18822.61743
Primary School - Calverley Church of England,"338,931","187,054","151,877","62,692","248,177","119,624","128,553","45,936","359,926","166,105","193,820","66,435","322,901","202,812","120,089","59,539","307,105","151,807","155,299","56,725","286,278","145,199","141,079","52,740","330,137","191,763","138,374","60,767","326,516","135,816","190,700","60,093","393,132","224,433",168698.63,"72,245",365471.21,215728.71,149742.5,67121.52905,374635.32,150549.7,224085.62,68725.0955,485646.58,245650.99,239995.59,88802.23033,489799.64,250690.03,239109.61,89501.02227,410116.29,235667.32,174448.97,75017.0864,349908.04,194827.2,155080.84,64007.48537,195475.38,70662.46,124812.92,35764.17552
Primary School - Carlton,"251,550","131,914","119,636","46,529","246,422","117,747","128,675","45,612","313,555","170,160","143,394","57,906","406,073","245,385","160,688","74,884","322,826","153,786","169,040","59,626","292,551","164,161","128,390","53,903","303,932","168,878","135,054","55,945","225,644","95,094","130,550","41,529","223,924","135,297","88,627","41,153","211,150","115,301","95,849","38,783","209,406","116,838","92,569","38,438","269,439","145,794","123,645","49,274","169,578","80,691","88,887","30,989","182,775","95,826","86,949","33,432","217,601","106,476","111,124","39,806",251199.34,131191.36,120007.98,45959.43125
Primary School - Carr Manor Community School Primary Phase,"662,678","436,263","226,415","122,576","219,102","219,102",0,"40,527","107,447","49,759","57,688","19,833","137,805","81,781","56,025","25,414","127,676","69,785","57,891","23,586","126,591","73,069","53,522","23,325","134,632","87,126","47,506","24,780","107,403","56,823","50,579","19,769","125,605","74,140","51,466","23,083","147,531","90,826","56,706","27,094","153,191","92,445","60,747","28,124","146,654","83,207","63,447","26,822","129,229","77,369","51,860","23,610","149,460","81,433","68,027","27,339","170,666","108,029","62,636","31,219",153575.07,94270.79,59304.28,28098.09481
Primary School - Castleton,"105,431","56,123","49,308","19,502","129,709","47,309","82,400","24,012","211,824","115,076","96,748","39,119","184,427","112,998","71,430","34,009","205,603","115,531","90,073","37,984","217,473","127,165","90,309","40,072","202,410","105,925","96,485","37,259","183,254","85,436","97,818","33,729","198,026","110,463",87563.69,"36,390",223706,127161.18,96544.82,41087.0442,227863.11,128326.92,99536.19,41826.51934,214343.6,123372.18,90971.42,39202.7715,202553.67,105577.73,96975.94,37011.8634,202589.51,115027.01,87562.5,37056.94867,245518.55,131663.03,113855.52,44912.17413,166155.48,85050.36,81105.12,30399.80662
Primary School - Chapel Allerton,0,0,0,0,"266,286",0,"266,286","49,319","662,171","396,821","265,350","122,330","515,895","267,077","248,819","95,178","556,184","262,995","293,189","102,726","526,326","252,293","274,032","96,957","587,928","320,776","267,152","108,222","406,564","164,137","242,428","74,825","515,100","290,454","224,646","94,657","431,802","226,524","205,277","79,314","494,403","259,036","235,367","90,739","461,962","251,674","210,288","84,483","414,461","216,661","197,800","75,733","427,851","236,865","190,986","78,261","476,962","255,652","221,310","87,250",411905.42,211267.59,200637.83,75362.21564
Primary School - Christ Church Upper Armley Church of England,"162,267","79,142","83,125","30,015","132,334","63,324","69,010","24,494","190,929","105,275","85,655","35,262","155,650","103,187","52,463","28,695","144,796","71,606","73,190","26,745","139,761","74,702","65,058","25,749","135,532","65,998","69,534","24,949","116,230","52,509","63,721","21,392","62,177","62,177",0,"11,438",0,0,0,0,0,0,0,0,0,0,0,0,0,0,0,0,0,0,0,0,0,0,0,0,0,0,0,0
Primary School - Cobden,"176,561","98,878","77,683","32,658","144,116","84,718","59,398","26,671","147,030","89,922","57,108","27,165","151,080","92,135","58,945","27,860","151,456","86,060","65,396","27,981","157,778","87,287","70,491","29,070","154,326","95,535","58,791","28,405","131,885","66,630","65,255","24,275","149,465","89,679","59,787","27,469","109,177","70,855","38,322","20,049","96,147","58,434","37,713","17,652","104,279","65,207","39,071","19,075","87,557","50,506","37,052","15,997","82,033","42,736","39,298","15,005","86,675","49,053","37,622","15,855",111320.87,66460.08,44860.79,20367.26638
Primary School - Collingham Lady Elizabeth Hastings Church of England,"203,238","116,819","86,419","37,593","204,858","115,069","89,789","37,914","332,502","225,133","107,370","61,457","298,054","200,390","97,664","54,945","273,747","181,291","92,456","50,587","210,958","125,609","85,349","38,873","180,323","106,601","73,723","33,191","176,460","92,828","83,631","32,480","202,482","124,379","78,103","37,213","206,268","114,744","91,524","37,885","235,198","134,787","100,411","43,175","227,530","147,137","80,393","41,625","213,236","127,435","85,801","38,957","175,828","101,127","74,701","32,162","152,141","76,141","76,000","27,831",138027.96,66893.79,71134.17,25253.59556
Primary School - Colton,"150,161","75,100","75,061","27,775","106,350","49,219","57,131","19,685","121,976","53,464","68,512","22,511","161,778","87,039","74,739","29,843","167,279","87,327","79,952","30,900","159,660","80,128","79,532","29,413","178,508","116,867","61,641","32,855","134,334","59,653","74,682","24,724","70,659","70,659",0,"12,998",0,0,0,0,0,0,0,0,0,0,0,0,0,0,0,0,0,0,0,0,0,0,0,0,0,0,0,0
Primary School - Corpus Christi Roman Catholic,"164,185","82,452","81,733","30,369","138,516","65,521","72,995","25,639","167,016","93,285","73,731","30,847","168,158","97,954","70,204","31,013","133,946","72,121","61,826","24,744","193,204","118,331","74,873","35,603","134,393","82,324","52,068","24,737","102,622","41,081","61,541","18,887","110,922","54,840","56,082","20,380","112,003","56,571","55,432","20,574","141,282","65,717","75,566","25,924","160,350","83,361","76,989","29,322","129,531","74,887","54,644","23,666","90,712","49,697","41,015","16,593","85,606","47,865","37,742","15,660",78118.9,40241.02,37877.88,14292.63394
Primary School - Cross Gates,"326,010","189,478","136,532","60,302","270,298","140,015","130,283","50,028","364,410","207,372","157,038","67,309","336,843","202,300","134,542","62,118","302,220","157,388","144,832","55,827","311,057","167,988","143,070","57,310","335,563","188,766","146,797","61,767","313,768","149,793","163,975","57,751","327,401","184,734","142,668","60,165","333,311","180,554","152,757","61,221","328,692","170,725","157,967","60,324","294,984","167,137","127,847","53,950","272,987","129,529","143,458","49,887","279,799","142,918","136,880","51,179","294,272","148,750","145,522","53,831",268569.36,119989.06,148580.3,49137.45011
Primary School - Crossley Street ,"290,368","160,278","130,090","53,709","236,343","120,438","115,905","43,744","277,632","141,050","136,582","51,260","200,353","108,898","91,456","36,958","191,763","85,452","106,311","35,415","219,734","107,767","111,968","40,479","244,208","146,211","97,997","44,950","177,692","77,559","100,133","32,704","221,533","112,491","109,042","40,704","194,318","114,997","79,320","35,688","164,395","90,704","73,691","30,175","143,355","73,753","69,602","26,214","120,842","62,471","58,370","22,081","101,261","51,040","50,222","18,522","143,192","81,921","61,272","26,194",126126.41,64570.6,61555.81,23076.08797
Primary School - Deighton Gates,"518,839","253,928","264,911","95,970","276,225","172,750","103,475","51,118","429,498","224,950","204,548","79,308","262,255","137,822","124,433","48,382","200,503","86,548","113,955","37,028","323,559","196,078","127,481","59,623","316,147","183,409","132,737","58,192","248,577","117,419","131,158","45,752","285,344","177,387","107,957","52,443","283,518","165,553","117,965","52,071","213,422","149,852","63,571","39,197","273,146","170,303","102,844","49,966","245,496","151,421","94,075","44,849","250,240","142,241","108,000","45,773","230,908","124,495","106,413","42,239",241837.56,138255.8,103581.76,44246.59998
Primary School - Drighlington ,"288,312","148,510","139,802","53,329","245,169","126,377","118,792","45,377","311,405","169,639","141,767","57,509","277,674","162,720","114,955","51,210","284,527","151,203","133,324","52,560","242,154","134,477","107,678","44,617","231,413","134,467","96,946","42,595","201,651","82,919","118,732","37,113","231,140","132,121","99,018","42,476","241,868","141,015","100,853","44,422","243,448","124,971","118,478","44,679","238,875","130,082","108,793","43,685","215,856","126,122","89,734","39,437","222,379","131,671","90,708","40,677","258,986","153,805","105,181","47,375",194957.61,134840.2,60117.41,35669.44433
Primary School - Farsley Springbank Junior,"369,556","194,042","175,514","68,357","260,841","132,241","128,600","48,279","363,584","165,204","198,380","67,107","330,032","190,753","139,280","60,869","294,023","143,524","150,499","54,308","273,952","174,408","99,544","50,485","384,534","222,851","161,683","70,780","358,741","190,920","167,821","66,033","385,142","230,011","155,131","70,781","357,808","212,541","145,268","65,714","310,298","170,494","139,804","56,955","292,049","180,458","111,591","53,423","264,940","151,466","113,474","48,406","236,669","140,561","96,108","43,291","212,368","127,759","84,609","38,847",174672.2,95549.51,79122.69,31958.02571
Primary School - Farsley Westroyd Primary and Nursery,"281,689","154,275","127,414","52,104","230,454","106,492","123,962","42,657","213,299","112,175","101,125","39,387","205,198","116,226","88,972","37,848","177,330","96,757","80,572","32,759","223,699","116,135","107,564","41,212","339,143","208,351","130,792","62,423","281,832","142,477","139,355","51,875","270,692","156,534","114,158","49,745","250,422","139,748","110,675","45,995","286,255","147,572","138,683","52,535","193,555","110,632","82,923","35,400","168,454","88,743","79,711","30,781","162,249","85,807","76,442","29,678","142,756","74,416","68,340","26,114",52031.5,36922.64,15108.86,9519.68324
Primary School - Fieldhead Carr,"370,435","217,791","152,644","68,519","335,716","189,844","145,872","62,132","359,043","227,659","131,384","66,345","282,766","168,199","114,567","52,147","242,282","130,759","111,523","44,757","247,892","137,685","110,207","45,674","273,072","172,415","100,657","50,261","249,573","137,264","112,308","45,939","363,497","214,056","149,441","66,802","386,345","245,143","141,202","70,949","352,050","216,022","136,028","64,635","309,841","183,142","126,699","56,672","275,955","158,757","117,198","50,418","294,565","184,547","110,018","53,881","329,058","205,202","123,855","60,192",309475.97,169637.73,139838.24,56621.72347
Primary School - Fountain,"510,446","267,721","242,725","94,417","469,698","246,348","223,350","86,934","365,604","246,373","119,231","67,574","339,555","211,812","127,742","62,611","288,707","157,409","131,298","53,334","267,073","147,669","119,404","49,208","248,380","161,200","87,180","45,716","193,827","90,677","103,149","35,675","206,417","117,167","89,251","37,932","212,245","123,248","88,997","38,981","218,814","127,055","91,759","40,168","240,652","150,113","90,539","44,022","208,479","115,526","92,954","38,092","224,100","125,378","98,721","40,991","260,618","155,183","105,435","47,673",67881.7,67881.7,0,12419.63583
Primary School - Gildersome,"136,311","74,169","62,142","25,213","69,622","64,184","5,438","12,879","16,158","9,521","6,636","2,985","20,260","13,291","6,969","3,735","9,037","2,571","6,466","1,668","13,098","6,982","6,116","2,413","12,931","7,633","5,298","2,380","11,610","5,740","5,869","2,137","404,989","293,018","111,970","74,451","457,444","343,271","114,173","83,987","458,003","345,277","112,726","84,133","476,292","344,043","132,249","87,156","330,382","183,840","146,541","60,365","399,152","228,625","170,527","73,011","331,880","196,711","135,169","60,709",309202.07,179232.53,129969.54,56571.61073
Primary School - Grange Farm,"242,584","128,523","114,061","44,871","225,610","111,665","113,945","41,758","287,208","156,953","130,255","53,041","206,039","123,376","82,662","37,996","168,039","88,359","79,680","31,041","152,182","72,728","79,454","28,034","172,396","94,687","77,709","31,733","147,245","62,044","85,202","27,100","190,662","97,312","93,350","35,032","195,969","100,138","95,831","35,997","222,738","105,264","117,474","40,871","256,919","129,066","127,853","46,978","244,081","118,213","125,868","44,603","216,021","118,353","97,669","39,514","218,639","107,739","110,900","39,996",195552.77,92060.75,103492.02,35778.3348
Primary School - Great Preston Church of England,"278,271","168,273","109,998","51,472","196,161","106,295","89,866","36,306","273,403","123,395","150,008","50,461","244,269","152,797","91,472","45,041","253,345","140,859","112,486","46,803","224,334","121,489","102,845","41,332","244,001","138,298","105,703","44,913","234,483","109,542","124,941","43,158","240,585","144,010","96,575","44,215","214,555","122,566","91,989","39,406","259,157","137,967","121,189","47,565","228,273","142,704","85,569","41,757","236,963","123,553","113,410","43,299","209,062","112,271","96,791","38,241","225,536","139,266","86,269","41,256",225257.13,105768.2,119488.93,41213.0445
Primary School - Greenmount,"246,383","130,536","115,847","45,573","233,534","130,624","102,910","43,222","282,087","165,523","116,564","52,109","264,759","163,914","100,845","48,820","230,376","118,931","111,445","42,555","228,977","124,337","104,640","42,187","224,988","131,811","93,176","41,413","205,801","93,519","112,282","37,878","232,945","129,754","103,191","42,806","239,265","137,156","102,109","43,944","235,475","125,620","109,855","43,219","234,543","133,940","100,603","42,897","227,281","122,489","104,792","41,529","208,077","112,642","95,434","38,060","214,978","115,830","99,148","39,325",196425.99,102382.77,94043.22,35938.09913
Primary School - Greenside ,"225,292","117,672","107,620","41,672","175,848","105,123","70,725","32,544","225,713","98,470","127,243","41,655","255,517","156,100","99,417","47,118","207,722","109,035","98,687","38,371","198,700","103,455","95,245","36,607","223,432","110,161",113271.91,"41,130","194,998","73,739","121,259","35,887","223,314","116,418","106,896","41,033","200,101","106,449","93,652","36,754","208,005","101,900","106,105","38,171","213,622","118,911","94,712","39,068","176,387","95,640","80,747","32,229","160,262","75,042","85,220","29,314","190,541","103,845","86,696","34,855",171234.34,92464.97,78769.37,31329.03485
Primary School - Grimes Dyke,"404,055","213,381","190,674","74,738","342,411","188,278","154,133","63,373","451,246","249,601","201,644","83,339","429,900","265,108","164,791","79,272","386,685","204,429","182,256","71,431","406,165","228,496","177,670","74,837","377,282","223,079","154,203","69,444","363,782","176,209","187,573","66,957","387,646","220,268","167,378","71,236","414,645","242,733","171,912","76,153","406,234","205,728","200,506","74,552","377,399","205,044","172,354","69,018","359,130","200,824","158,306","65,617","293,436","155,076","138,360","53,674","211,729","120,361","91,368","38,731",197748.83,89237.83,108511,36180.12594
Primary School - Guiseley,19028,11933,7095,3519.60916,"181,743",21667,"160,076","33,655","477,631","293,933","183,698","88,247","427,880","264,184","163,697","78,900","392,851","194,131","198,720","72,563","404,458","189,794","214,664","74,505","476,781","289,984","186,797","87,757","366,690","152,610","214,079","67,487","452,620","282,609","170,012","83,188","413,155","248,529","164,626","75,877","433,225","243,728","189,497","79,523","439,858","269,611","170,247","80,459",396583.13,234976.05,161607.08,72455.13777,378766.98,215718.23,163048.75,69282.72055,"367,582","206,266",161315.37,"67,240",404137.99,228039.47,176098.52,73941.08665
Primary School - Harehills ,"468,562","400,915","67,647","86,670","849,062","570,550","278,512","157,118","662,755","382,800","279,954","122,421","350,850","219,728","131,122","64,693","358,249","198,788","159,461","66,183","383,454","227,086","156,368","70,657","338,928","187,781","151,146","62,387","268,271","127,228","141,044","49,377","439,522","261,434","178,088","80,774","301,952","187,963","113,989","55,452","222,361","141,275","81,086","40,828","262,894","165,080","97,814","48,091","263,910","144,885","119,025","48,220","248,521","146,852","101,670","45,459","313,567","178,738","134,829","57,360",221015.91,125632.48,95383.43,40437.07089
Primary School - Harewood Church of England,"68,073","38,002","30,071","12,591","65,216","29,494","35,722","12,072","102,635","67,033","35,602","18,967","124,639","85,149","39,489","22,975","76,641","41,794","34,847","14,158","152,495","96,491","56,004","28,102","139,674","86,547","53,127","25,708","106,012","49,122","56,890","19,512","124,840","74,650","50,190","22,943","127,309","76,675","50,634","23,381","123,186","70,076",53109.48,"22,612",71558.4,65810.29,5748.11,13103.07272,76030.23,43214.78,32815.45,13891.32097,79867.61,47797.31,32070.3,14609.16846,67840.05,37430.48,30409.57,12409.76972,65487.86,35884.08,29603.78,11981.65887
Primary School - Hawksworth Church of England,"95,997","57,697","38,300","17,757","79,734","48,188","31,546","14,756","96,673","56,091","40,582","17,857","95,430","56,528","38,901","17,599","89,042","50,538","38,504","16,450","79,329","47,041","32,287","14,618","25,136","25,136",0,"4,625","69,912","33,227","36,685","12,868","79,250","49,467","29,783","14,565","93,330","53,980","39,350","17,141","105,680","62,467","43,213","19,401","100,253","55,877","44,376","18,335","91,552","54,124","37,428","16,726","92,646","53,561","39,085","16,946","87,117","49,629","37,488","15,936",72930.67,35495.61,37435.06,13343.39538
Primary School - Hawksworth Wood,"783,951","446,504","337,447","145,007","678,352","391,049","287,303","125,544","325,822","166,781","159,041","60,159","324,973","180,664","144,308","59,943","300,877","155,181","145,695","55,578","275,179","151,201","123,978","50,701","335,900","200,838","135,062","61,827","301,539","142,237","159,302","55,500","361,451","208,459","152,992","66,424","401,248","240,126","161,121","73,691","448,372","276,948","171,424","82,320","522,885","311,861","211,024","95,641","335,510","202,264","133,246","61,296","369,879","223,680","146,199","67,657","356,303","131,901","224,403","65,181",407425.26,232013.69,175411.57,74542.52557
Primary School - Hollybush - Block 3,0,0,0,0,"77,723",0,"77,723","14,395","137,269","71,920","65,349","25,347","54,864","27,216","27,648","10,123","48,901","27,176","21,725","9,034","54,601","30,364","24,237","10,060","62,189","38,500","23,689","11,447","53,933","25,470","28,463","9,927","60,945","35,163","25,782","11,200","66,013","37,858","28,155","12,124","43,494","19,961","23,533","7,981","10,094","6,668","3,426","1,847",0,0,0,0,0,0,0,0,0,0,0,0,0,0,0,0
Primary School - Holy Family Catholic Primary and Nursery,"235,053","120,965","114,088","43,478","241,241","139,302","101,939","44,647","253,783","154,433","99,350","46,887","287,001","185,845","101,156","52,914","213,094","118,912","94,182","39,367","206,076","106,344","99,732","37,966","219,981","131,740","88,241","40,491","197,486","89,454","108,032","36,348","199,963","123,098","76,866","36,751","194,708","78,668","116,040","35,773","155,847","83,930","71,917","28,604","115,192","64,216","50,977","21,067","188,942","102,630","86,313","34,523","199,126","111,641","87,485","36,423","184,087","102,427","81,660","33,674",169934.81,86551.76,83383.05,31091.27284
Primary School - Holy Rosary and St Annes Roman Catholic Primary and Nursery,"208,261","77,453","130,808","38,522","207,681","132,864","74,817","38,433","234,481","149,807","84,673","43,329","242,349","124,895","117,454","44,711","253,869","95,038","158,831","46,876","268,498","118,525","149,973","49,456","307,955","170,522","137,433","56,686","235,229","98,809","136,421","43,293","258,190","146,556","111,635","47,446","245,870","138,153","107,717","45,158","79,184","79,184",0,"14,560",0,0,0,0,0,0,0,0,0,0,0,0,0,0,0,0,0,0,0,0
Primary School - Horsforth Featherbank,"252,193","142,246","109,947","46,648","203,263","104,955","98,308","37,621","250,767","126,090","124,677","46,299","228,998","131,181","97,816","42,236","233,787","116,736","117,051","43,183","226,410","132,170","94,240","41,719","225,026","131,356","93,670","41,420","185,443","77,475","107,968","34,130","218,326","123,428","94,898","40,121","212,721","115,302","97,419","39,072","237,129","123,188","113,942","43,520","268,962","143,001","125,961","49,185","209,067","102,966","106,100","38,204","217,284","110,628","106,656","39,744","226,287","126,172","100,115","41,394",182068.79,91312.08,90756.71,33311.30582
Primary School - Horsforth Newlaithes,"212,653","114,004","98,649","39,334","217,138","113,924","103,214","40,189","284,973","160,932","124,042","52,635","261,409","152,803","108,607","48,211","247,336","127,481","119,854","45,688","242,900","131,444","111,457","44,752","248,546","143,068","105,478","45,749","219,019","87,064","131,955","40,309","241,894","135,415","106,479","44,451","192,506","111,604","80,902","35,356","192,166","103,435",88731.53,"35,271",184822.6,106055.31,78767.29,33803.2717,146222.26,83028.01,63194.25,26715.98924,148647.8,76566.96,72080.84,27189.89741,158590.34,89561.3,69029.04,29010.31493,146180.87,76101.07,70079.8,26745.25198
Primary School - Hovingham,"385,044","162,370","222,674","71,222","343,976","162,448","181,528","63,669","427,915","260,676","167,239","79,059","319,310","219,130","100,180","58,859","248,954","136,671","112,283","45,991","202,392","99,783","102,609","37,285","212,840","116,749","96,090","39,178","223,913","83,236","140,677","41,208","278,189","160,101","118,089","51,123","266,892","154,244","112,649","49,018","243,815","122,433","121,382","44,744","264,221","147,520","116,701","48,322","199,696","115,961","83,735","36,485","228,608","109,366","119,242","41,816","270,548","136,723","133,825","49,491",134403.96,134403.96,0,24590.54852
Primary School - Hugh Gaitskell ,"549,308","323,873","225,435","101,606","407,546","229,164","178,382","75,427","500,241","259,173","241,069","92,368","362,953","207,993","154,960","66,942","387,223","193,723","193,501","71,525","400,360","215,381","184,979","73,763","369,096","203,608","165,489","67,940","328,219","154,954","173,265","60,411","334,699","198,250","136,449","61,510","203,504","125,041","78,463","37,373","305,731","229,394","76,338","56,161","243,639","193,031","50,609","44,594","205,127","154,660","50,467","37,464","273,593","175,142","98,451","50,045","247,955","182,473","65,481","45,355",157982.13,119627.4,38354.73,28904.4105
Primary School - Hunslet Carr,"305,651","184,739","120,912","56,536","313,204","198,249","114,955","57,961","363,915","203,845","160,071","67,213","304,930","189,335","115,596","56,227","245,847","121,503","124,344","45,410","267,009","132,163","134,846","49,189","298,822","164,509",134312.64,"55,005",286016.67,134821.94,151194.73,52643.12882,303543.94,172244.61,131299.33,55780.8585,322285.53,196104.38,126181.15,59188.04282,344666.36,180264.81,164401.55,63257.07851,326430.5,172039.32,154391.18,59693.28785,330422.24,161690.19,168732.05,60380.9,325748.11,157003.02,168745.09,59583.87082,326195.15,181983.1,144212.05,59669.74566,299912.06,136750.55,163161.51,54871.9105
Primary School - Hunslet Moor,"330,266","140,316","189,950","61,089","387,131","223,180","163,951","71,647","440,467","250,800","189,667","81,357","365,935","216,833","149,102","67,486","257,311","148,564","108,747","47,539","204,799","91,254","113,544","37,724","157,310","89,722","67,588","28,956","175,910","66,939","108,972","32,374","277,550","153,586","123,965","51,002","267,408","180,474","86,934","49,103","232,099","140,253","91,846","42,611","288,270","170,669","117,601","52,727","232,733","121,872","110,861","42,526","237,416","122,012","115,404","43,427","220,292","109,765","110,526","40,298",228907.2,116647.83,112259.37,41880.86131
Primary School - Immaculate Heart of Mary Roman Catholic,"385,554","247,679","137,875","71,316","311,476","174,416","137,060","57,647","349,725","188,193","161,532","64,584","303,341","177,751","125,591","55,944","285,746","151,403","134,343","52,785","299,224","167,098","132,126","55,132","300,228","177,090","123,137","55,262","254,898","119,010","135,888","46,915","314,034","197,542","116,492","57,717","327,646","199,755","127,891","60,172","90,550","90,550",0,"16,649",0,0,0,0,0,0,0,0,0,0,0,0,0,0,0,0,0,0,0,0
Primary School - Ingram Road,"159,120","64,212","94,908","29,432","98,500","39,215","59,285","18,234","111,506","54,202","57,304","20,585","115,161","59,547","55,614","21,246","114,626","52,538","62,087","21,170","112,124","47,595","64,530","20,652","107,297","60,279","47,018","19,750","109,100","41,208","67,892","20,078","133,962","70,056","63,906","24,615","145,856","74,550","71,307","26,792","155,724","79,438","76,286","28,579","176,027","103,867","72,161","32,196","122,491","67,750","54,742","22,381","114,802","54,369","60,433","20,999","101,042","50,454","50,588","18,484",24501.8,24501.8,0,4482.849328
Primary School - Ireland Wood,308736,127225,181511,57106.89792,"408,695",216007,"192,688","75,643","497,075","276,077","220,998","91,805","453,149","268,520","184,629","83,570","434,920","235,520","199,400","80,344","403,296","204,575","198,721","74,298","455,714","264,386","191,328","83,882","386,113","181,217","204,896","71,066","454,739","280,219","174,520","83,575","467,861","261,123","206,738","85,932","451,281","240,236","211,046","82,827","497,428","282,906","214,522","90,976","449,464","250,576","198,887","82,122","483,078","274,285","208,793","88,363","465,363","262,956","202,407","85,127",450947.1,245621.06,205326.04,82505.28142
Primary School - Kippax North Junior and Infant,201486,104709,96777,37268.86542,141299.46,70113,71186.46,26153.24587,158006.24,78492.8,79513.44,29171.30499,165181.96,98405.25,66776.71,30462.39079,95523.9,55610.18,39913.72,17648.46765,"97,122","46,373","50,749","17,891","25,065","25,065",0,"4,612",0,0,0,0,0,0,0,0,0,0,0,0,0,0,0,0,0,0,0,0,0,0,0,0,0,0,0,0,0,0,0,0,0,0,0,0
Primary School - Kirkstall St Stephens Church of England,"382,535","228,408","154,127","70,757","254,781","155,604","99,177","47,151","169,764","73,425","96,340","31,329","241,079","153,014","88,065","44,450","236,939","124,926","112,014","43,769","251,621","155,451","96,170","46,368","299,721","180,855","118,866","55,168","276,411","140,813","135,598","50,877","204,153","120,542","83,610","37,518","188,027","107,570","80,457","34,534","201,802","101,189","100,613","37,034","209,522","114,154","95,368","38,317","161,065","80,354","80,711","29,432","155,254","84,798","70,456","28,398","174,620","91,430","83,190","31,943",147038.68,71473.6,75565.08,26902.19689
Primary School - Kirkstall Valley,"132,341","79,345","52,996","24,479","133,101","77,950","55,151","24,633","128,805","74,844","53,961","23,793","190,198","125,675","64,524","35,064","141,980","74,684","67,296","26,227","122,083","63,125","58,959","22,492","143,412","80,598","62,814","26,398","107,026","47,237","59,789","19,698","134,870","74,172","60,699","24,783","162,787","89,525","73,262","29,899","175,605","107,364","68,241","32,240","130,034","71,029","59,005","23,780","99,487","53,578","45,909","18,178","97,004","52,473","44,531","17,744","101,167","52,915",48252.09,"18,506",96566.37,51704.04,44862.33,17667.78306
Primary School - Lady Elizabeth Hastings - Thorp Arch ,"245,265","142,929","102,336","45,367","184,977","110,750","74,227","34,233","162,370","92,352","70,018","29,991","185,053","127,889","57,164","34,110","135,886","79,989","55,897","25,106","153,160","99,663","53,497","28,226","129,828","74,410","55,418","23,897","110,484","44,917","65,567","20,334","139,710","85,714","53,996","25,677","129,272","81,092","48,180","23,740","120,990","63,725","57,265","22,206","157,473","108,985","48,487","28,813","116,131","74,506","41,625","21,215","96,778","50,815","45,963","17,702","124,138","75,739","48,399","22,708",103165.43,55693.86,47471.57,18875.14707
Primary School - Lady Elizabeth Hastings Church of England - Ledston,0,0,0,0,"37,034",0,"37,034","6,859","85,873","49,890","35,983","15,862","79,336","44,754","34,582","14,633","68,031","36,347","31,683","12,567","79,808","45,967","33,842","14,705","85,401","50,287","35,114","15,719","67,297","33,435","33,862","12,387","110,322","68,495","41,827","20,276","98,689","55,208","43,480","18,126","107,229","70,911","36,318","19,690","116,907","62,239","54,668","21,379","125,213","71,007","54,206","22,877","112,033","60,274",51758.22,"20,493",130003.49,75169.08,54834.41,23780.92839,113982.7,62169.86,51812.84,20854.27479
Primary School - Lane End,0,0,0,0,0,0,0,0,0,0,0,0,0,0,0,0,0,0,0,0,"150,482","87,823","62,659","27,728","228,374","186,518","41,855","42,027","288,501","152,096","136,405","53,104","185,946","69,878",116068.32,"34,154",204129.53,113247.62,90881.91,37492.52754,225419.99,126541.87,98878.12,41377.7701,228873.54,143751.33,85122.21,41867.70182,202471.77,117374.14,85097.63,36992.29359,199747.56,130774.55,68973.01,36537.61153,171277.4,95153.12,76124.28,31331.20392,157847,91033.19,66813.81,28879.68712
Primary School - Lawns Park,"211,387","117,399","93,988","39,100","166,148","92,475","73,673","30,750","183,525","115,253","68,272","33,911","220,332","136,989","83,343","40,628","212,896","130,590","82,306","39,337","188,777","109,891","78,886","34,784","179,330","109,859","69,470","33,008","112,598","68,594","44,005","20,728","149,708","89,414","60,294","27,513","157,025","91,209","65,816","28,839","174,577","97,988","76,589","32,045","129,194","81,009","48,185","23,633","124,320","73,662","50,658","22,713","132,841","84,070","48,771","24,299","140,343","80,186","60,157","25,672",129071.95,74722.92,54349.03,23615.00397
Primary School - Little London Community ,"364,134","132,248","231,886","67,354","270,412","141,496","128,916","50,049","473,845","313,400","160,445","87,573","380,252","196,117","184,135","70,153","337,906","202,341","135,565","62,433","335,521","197,241","138,280","61,824","578,611","368,932","209,679","106,498","382,347","197,097","185,250","70,377","429,574","244,786","184,788","78,941","418,913","256,020","162,893","76,933","401,299","210,969","190,330","73,652","387,876","227,349","160,527","70,944",340745.09,184605,156140.09,62260.3357,325441.37,173308.05,152133.32,59528.23971,75146.73,75146.73,0,13744.33692,0,0,0,0
Primary School - Low Road,"316,408","157,980","158,428","58,526","292,178","169,187","122,991","54,074","358,494","219,270","139,224","66,234","221,682","137,423","84,259","40,877","224,656","121,868","102,788","41,502","221,276","135,791","85,485","40,776","292,119","169,358","122,761","53,770","223,220","102,762","120,458","41,084","316,444","175,152",141292.56,"58,150",410239.59,257898.6,152340.99,75337.90992,426789.16,271450.14,155339.02,78363.43215,329627.73,219975.71,109652.02,60306.63077,273677.79,159630.82,114046.97,50001.49964,220507.76,135015.96,85491.8,40334.7748,253883.28,146803.45,107079.83,46441.6767,238791.51,110831.91,127959.6,43689.29467
Primary School - Manor Wood,0,0,0,0,"188,009",0,"188,009","34,821","541,491","325,226","216,265","100,037","514,091","290,782","223,309","94,822","441,842","238,686","203,156","81,623","473,051","278,270","194,782","87,166","453,676","307,455","146,220","83,499","446,441","259,958","186,484","82,180","463,891","287,907","175,984","85,258","427,877","268,771","159,106","78,577","397,974","216,474","181,500","73,047","399,600","239,373","160,227","73,091","287,090","140,310","146,780","52,462","90,774","90,774",0,"16,605",0,0,0,0,0,0,0,0
Primary School - Meadowfield ,"410,529","217,602","192,927","75,936","392,841","240,679","152,162","72,700","440,350","261,319","179,031","81,348","377,956","236,524","141,432","69,691","362,222","202,280","159,942","66,918","390,435","236,278","154,157","71,946","347,003","229,361","117,642","63,867","360,024","172,778","187,246","66,265","175,222","175,222",0,"32,234",0,0,0,0,0,0,0,0,0,0,0,0,0,0,0,0,0,0,0,0,0,0,0,0,0,0,0,0
Primary School - Meanwood Church of England,"241,443","129,513","111,930","44,660","203,816","108,115","95,701","37,723","239,538","138,318","101,220","44,246","252,807","155,062","97,744","46,618","227,954","129,791","98,163","42,114","232,452","145,864","86,588","42,837","202,135","132,654","69,481","37,204","194,503","108,377","86,126","35,803","192,451","115,246","77,204","35,369","194,985","119,643","75,342","35,809","172,679","95,880","76,799","31,696","167,717","97,921","69,796","30,676","142,642","75,417","67,225","26,064","142,499","77,795","64,704","26,065","134,347","72,599","61,748","24,576",136231.66,65774.46,70457.2,24924.94451
Primary School - Micklefield Church of England,"101,439","46,912","54,527","18,763","45,150","18,052","27,098","8,358","85,505","45,845","39,660","15,790","74,063","40,719","33,344","13,662","71,895","32,063","39,831","13,278","67,618","31,213","36,405","12,456","79,225","41,251","37,973","14,583","87,158","29,724","57,434","16,040","109,609","67,530","42,079","20,145","103,192","51,054","52,138","18,955","118,380","69,899","48,481","21,732","89,798","55,195","34,603","16,426",0,0,0,0,0,0,0,0,0,0,0,0,0,0,0,0
Primary School - Middleton,"563,620","313,178","250,442","104,253","534,542","279,900","254,642","98,935","677,093","381,077","296,016","125,058","511,977","288,302","223,675","94,433","509,463","264,761","244,701","94,109","513,752","282,206","231,546","94,657","554,915","331,325","223,591","102,140","548,142","217,522","330,620","100,880","200,974","200,974",0,"36,971",0,0,0,0,0,0,0,0,0,0,0,0,0,0,0,0,0,0,0,0,0,0,0,0,0,0,0,0
Primary School - Middleton St Marys Church of England,"238,089","141,972","96,117","44,039","206,303","129,304","76,999","38,178","210,174","130,313","79,861","38,833","194,377","122,645","71,733","35,840","179,898","106,411","73,487","33,238","196,992","103,552","93,441","36,293","172,588","111,976","60,612","31,766","144,301","76,353","67,948","26,561","161,533","99,481","62,052","29,688","157,779","94,588","63,191","28,977","169,737","99,490","70,246","31,160","158,453","98,084","60,368","28,985","143,259","81,338","61,921","26,175","136,178","81,251","54,927","24,909","146,388","90,323","56,065","26,778",139218.94,76878.89,62340.05,25471.49726
Primary School - Mill Field,"327,722","144,533","183,189","60,619","367,406","220,948","146,458","67,994","338,815","182,097","156,718","62,569","514,793","317,532","197,261","94,927","492,425","272,613","219,812","90,970","348,565","179,013","169,552","64,216","171,135","140,528","30,607","31,493","291,399","290,381","1,019","53,665","571,039","405,655","165,384","104,974","395,255","217,135","178,119","72,597","345,211","182,843","162,368","63,359",0,0,0,0,0,0,0,0,0,0,0,0,0,0,0,0,0,0,0,0
Primary School - Moor Allerton Hall,"519,149","308,471","210,678","96,027","487,170","284,470","202,700","90,161","550,558","333,166","217,392","101,714","530,836","332,521","198,315","97,880","461,921","264,242","197,679","85,339","462,968","263,534","199,434","85,304","432,027","246,894","185,132","79,522","388,214","196,606","191,608","71,456","417,330","241,357","175,973","76,693","462,236","225,173","237,064","84,910","519,541","301,781","217,760","95,373","488,705","294,427","194,278","89,391","405,525","227,191","178,334","74,094","357,225","203,964","153,261","65,342","339,728","185,083","154,645","62,146",349911.72,187108.04,162803.68,64019.84829
Primary School - Moortown,"130,644","74,883","55,761","24,165","125,545","63,170","62,375","23,237","173,980","84,284","89,696","32,118","123,138","72,358","50,780","22,710","125,355","60,755","64,599","23,153","132,455","70,580","61,875","24,403","124,256","63,538","60,719","22,873","115,033","52,062","62,971","21,172","95,099","56,762","38,337","17,477","91,982","53,793","38,189","16,893","109,518","58,134","51,384","20,101","121,961","63,721","58,239","22,302","112,785","58,972","53,813","20,609","111,848","60,398","51,450","20,459","117,680","60,429","57,251","21,527",120775.54,63264.16,57511.38,22097.0928
Primary School - Morley Victoria,"513,080","307,337","205,743","94,904","414,950","225,888","189,062","76,799","522,503","288,279","234,224","96,499","490,668","290,780","199,888","90,489","405,456","209,633","195,823","74,896","386,252","214,318","171,935","71,166","447,714","265,455","182,259","82,408","346,546","161,646","184,900","63,784","368,550","213,572","154,978","67,729","368,849","203,256","165,593","67,747","372,819","192,983","179,836","68,423","426,335","241,778","184,557","77,973","336,030","185,146","150,884","61,398","390,013","210,920","179,093","71,339","148,124","148,124",0,"27,092",0,0,0,0
Primary School - Ninelands,485971,265440,220531,89890.05587,411146.06,222002,189144.06,76095.08129,492308.52,256304.68,236003.84,90904.3365,"397,090","234,927","162,163","73,232","357,917","204,876","153,041","66,125","374,406","222,380","152,026","68,990","343,391","215,227","128,164","63,204","298,044","166,800","131,244","54,862","329,216","210,022","119,195","60,509","314,997","208,239","106,758","57,843","309,526","182,253","127,272","56,822","378,238","222,230","156,009","69,181","334,444","219,615","114,829","61,094","264,805","162,765","102,039","48,437","268,656","165,352","103,304","49,143",238857.73,135710.87,103146.86,43701.41028
Primary School - Oulton,"451,194","214,486","236,708","83,457","314,066","183,876","130,190","58,124","592,337","388,720","203,617","109,468","445,072","326,651","118,421","82,022","336,989","192,740","144,249","62,258","301,636","164,577","137,059","55,575","294,718","166,554","128,164","54,249","282,639","128,228","154,411","52,020","296,298","163,225","133,074","54,447","247,379","146,470","100,909","45,433","255,199","123,227","131,973","46,830","243,518","139,978","103,540","44,539","225,805","115,521","110,284","41,261","228,010","118,095","109,915","41,706","223,180","114,933","108,247","40,826",180902.29,80878.52,100023.77,33097.88298
Primary School - Our Lady of Good Counsel Roman Catholic,"318,468","180,198","138,270","58,907","169,808","92,894","76,914","31,428","196,185","110,043","86,141","36,235","171,253","98,871","72,382","31,585","161,443","90,465","70,979","29,826","160,337","83,024","77,313","29,539","164,591","102,445","62,145","30,295","130,403","57,967","72,435","24,001","150,851","88,682","62,170","27,723","142,997","77,051","65,947","26,265","124,885","56,384","68,500","22,914","138,331","75,706","62,624","25,298","124,769","69,379","55,389","22,797","117,957","63,258","54,699","21,576","138,348","76,836","61,512","25,308",99139.77,51096.89,48042.88,18138.61232
Primary School - Park Spring,"294,461","172,340","122,121","54,466","217,733","109,981","107,752","40,300","278,458","146,573","131,885","51,419","227,506","138,840","88,666","41,953","185,114","96,762","88,352","34,195","189,744","105,203","84,541","34,960","193,053","109,821","83,231","35,535","154,325","76,693","77,632","28,405",168177.91,93214.59,74963.32,30904.27483,186832.87,110166.68,76666.19,34313.2998,200442.89,106601.88,93841.01,36788.80707,202800.57,117679.71,85120.86,37092.17747,160998.92,90736.91,70262.01,29416.06959,162269,91553.72,70715.28,29681.6484,165629.95,89135.82,76494.13,30298.3075,155086.6,80074.64,75011.96,28374.64434
Primary School - Parklands,1482058,846311,635747,274136.2683,"1,141,387",661121,"480,266","211,238","1,016,339","468,675","547,664","187,595","949,589","594,088","355,501","175,094","724,029","385,301","338,728","133,749","878,617","489,490","389,128","161,885","893,166","525,110","368,055","164,401","770,692","360,316","410,377","141,850","771,099","467,073","304,026","141,715","780,069","483,426","296,643","143,257","200,485","38,390","162,095","36,748","935,095","475,472","459,623","170,987","890,746","501,145","389,601","162,748","739,823","438,108","301,715","135,326","231,700","231,700",0,"42,378",0,0,0,0
Primary School - Pool-in-Wharfedale Church of England,0,0,0,0,0,0,0,0,0,0,0,0,"131,775","73,459","58,316","24,306","165,059","83,336","81,723","30,489","163,294","83,555","79,739","30,083","181,526","99,733","81,793","33,414","145,037","70,113","74,924","26,695","227,629","124,101","103,528","41,828","224,293","139,077","85,216","41,191","176,211","136,926","39,286","32,372","200,617","117,745","82,871","36,694","182,753","92,515","90,238","33,395","195,679","109,796","85,883","35,793","193,462","104,160","89,302","35,390",170589.21,84102.68,86486.53,31211.00186
Primary School - Primrose Lane,"195,674","107,275","88,399","36,194","150,194","76,577","73,617","27,799","187,130","87,926","99,204","34,542","171,476","94,299","77,177","31,631","171,828","103,195","68,633","31,748","195,390","115,340","80,050","36,003","190,031","109,669","80,362","34,979","181,506","96,817","84,689","33,410","206,557","125,339","81,218","37,962","204,990","107,878","97,112","37,653","250,201","117,914","132,288","45,911","217,859","128,633","89,226","39,848","207,967","108,053","99,914","38,001","176,164","105,014","71,150","32,223","178,062","103,671","74,391","32,572",171320.4,98796.04,72524.36,31344.78038
Primary School - Pudsey Lowtown,"207,197","110,687","96,510","38,325","170,794","102,455","68,339","31,608","205,642","124,327","81,316","37,992","208,010","139,468","68,542","38,346","169,978","95,087","74,891","31,402","173,105","103,325","69,780","31,898","174,085","110,248","63,837","32,042","127,798","66,282","61,516","23,523","172,553","104,699","67,854","31,712","152,132","93,663",58468.69,"27,939",166600.52,95590.89,71009.63,30582.42078,177404.96,110824.06,66580.9,32452.21232,139822.75,85218.59,54604.16,25544.48177,125077.17,73496.32,51580.85,22878.74036,134422.46,78290.95,56131.51,24589.23582,119203.25,64394.48,54808.77,21809.42662
Primary School - Pudsey Primrose Hill ,337829,170285,167544,62488.23013,"208,193",78120,"130,073","38,541","244,495","142,361","102,134","45,163","210,509","118,672","91,836","38,828","213,763","104,414","109,349","39,483","295,457","157,995","137,462","54,435","309,902","183,782","126,120","57,042","339,039","144,509","194,530","62,399",0,0,0,0,0,0,0,0,0,0,0,0,0,0,0,0,0,0,0,0,0,0,0,0,0,0,0,0,0,0,0,0
Primary School - Quarry Mount,0,0,0,0,"201,042",0,"201,042","37,235","439,345","237,481","201,864","81,135","346,253","233,606","112,647","63,829","203,678","126,439","77,239","37,635","126,663","79,741","46,921","23,342","238,225","118,648","119,577","43,853","254,653","119,123","135,530","46,870","291,655","175,278","116,376","53,600","299,117","180,235",118882.24,"54,934",268263.69,141915.94,126347.75,49235.93778,636082,508697.6,127384.4,116425.8008,272537.63,154660.1,117877.53,49794.86464,223643.89,134648.26,88995.63,40908.36234,252572.96,160962.07,91610.89,46201.09104,220437.38,115605.13,104832.25,40331.22304
Primary School - Queensway,"308,459",192114,"116,345","57,056","262,834","158,646","104,188","48,641","289,410","170,187","119,222","53,462","285,224","173,890","111,334","52,597","206,702","120,821","85,881","38,189","182,646","107,106","75,540","33,655","166,854","99,214","67,641","30,712","145,136","69,268","75,868","26,713","173,353","105,991","67,362","31,860","168,554","98,404","70,150","30,957","185,202","107,292","77,910","33,998","177,212","106,990","70,222","32,415","166,248","94,631","71,617","30,375","162,107","95,921","66,187","29,652","145,754","79,414","66,340","26,662",137891.92,75902.13,61989.79,25228.70568
Primary School - Rawdon St Peters Church of England,"287,858","158,929","128,929","53,245","275,252","154,374","120,878","50,942","327,724","185,070","142,654","60,531","294,033","171,939","122,094","54,228","284,426","153,647","130,779","52,543","244,001","127,237","116,764","44,953","240,568","141,939","98,629","44,280","223,294","104,486","118,808","41,098","186,896","136,876","50,021","34,359","141,939","86,422","55,516","26,067","451,314","330,001","121,314","82,897","341,785","240,449","101,337","62,539","294,367","196,915","97,452","53,772","235,079","137,739","97,340","43,000","196,517","108,709","87,808","35,948",174234.15,84571.11,89663.04,31877.88008
Primary School - Raynville,"478,606","263,129","215,477","88,528","403,709","215,922","187,787","74,719","391,755","238,937","152,818","72,378","342,641","203,101","139,540","63,190","372,236","213,893","158,343","68,771","335,272","196,614","138,658","61,778","355,141","215,494","139,647","65,368","309,793","150,427","159,366","57,020","358,074","216,332","141,742","65,808","53,081","53,081",0,"9,741",0,0,0,0,0,0,0,0,0,0,0,0,0,0,0,0,0,0,0,0,0,0,0,0
Primary School - Robin Hood,0,0,0,0,"70,949",0,"70,949","13,140","151,543","73,865","77,679","27,976","170,448","103,031","67,417","31,432","148,499","82,850","65,650","27,434","158,593","85,365","73,228","29,219","177,347","111,019","66,329","32,642","153,825","83,582","70,243","28,315","178,786","109,075","69,711","32,858","195,429","119,957","75,472","35,890","196,803","122,596",74206.97,"36,133",159287.47,100419.6,58867.87,29138.59493,154509.61,85229.58,69280.03,28231.12903,172342.26,101752.02,70590.24,31524.34265,104383.24,67407.02,36976.22,19093.91317,134593.26,77298.21,57295.05,24625.18285
Primary School - Rothwell Haigh Road Infant,176528,88061,88467,32652.38416,"153,989",79621,"74,368","28,501","192,269","97,949","94,320","35,500","164,292","91,440","72,852","30,304","169,331","83,423","85,907","31,277","175,918","94,130","81,787","32,411","167,842","97,547","70,296","30,894","141,602","62,352","79,250","26,062","131,330","81,830","49,500","24,137","34,577","34,577",0,"6,345",0,0,0,0,0,0,0,0,0,0,0,0,0,0,0,0,0,0,0,0,0,0,0,0
Primary School - Rothwell St Marys Catholic,"63,973",0,"63,973","11,833","113,314","57,246","56,068","20,973","139,111","74,195","64,916","25,689","106,553","61,227","45,326","19,652","119,911","63,547","56,364","22,151","99,282","51,593","47,689","18,291","108,608","57,769","50,838","19,992","99,088","39,829","59,259","18,236","121,199","64,324","56,874","22,270","145,185","74,184","71,001","26,668","164,497","86,394","78,103","30,191","160,375","95,124","65,251","29,334","116,975","59,503","57,472","21,375","115,577","62,317","53,260","21,141","108,562","56,535","52,027","19,859",100908.75,44066.76,56841.99,18462.2649
Primary School - Rothwell Victoria Junior,"253,698","132,646","121,052","46,927","195,178","92,919","102,259","36,127","239,615","131,612","108,003","44,253","203,460","121,474","81,986","37,521","163,919","91,040","72,879","30,282","129,929","78,081","51,847","23,942","130,531","81,431","49,100","24,026","127,166","68,290","58,876","23,407","134,782","80,945","53,838","24,770","148,306","90,905","57,401","27,236","136,903","81,051","55,852","25,133","148,333","88,126","60,207","27,131","105,639","53,307","52,331","19,304","116,325","63,112","53,214","21,278","117,972","60,688","57,285","21,581",106303.95,48382.9,57921.05,19449.37069
Primary School - Roundhay St Johns Church of England Primary and Nursery,"198,567","117,180","81,387","36,729","162,569","94,391","68,178","30,087","216,432","112,965","103,467","39,964","183,002","107,572","75,430","33,750","207,350","123,982","83,369","38,311","229,131","137,846","91,285","42,222","214,391","136,348","78,042","39,460","164,785","78,267","86,517","30,330","189,653","115,396","74,257","34,855","227,295","138,342","88,954","41,743","245,531","141,806","103,725","45,072","211,777","145,616","66,161","38,748","161,556","104,761","56,795","29,512","114,045","74,372","39,674","20,861",0,0,0,0,0,0,0,0
Primary School - Sacred Heart Catholic,"41,759","26,293","15,466","7,724","39,390","21,196","18,194","7,290","51,636","32,276","19,360","9,541","45,226","24,716","20,510","8,343","32,265","21,732","10,533","5,963","16,622","14,280","2,342","3,065","141,767","75,959","65,808","26,096","146,871","65,957","80,914","27,032","169,314","102,100","67,214","31,117","186,966","110,529","76,437","34,338","78,160","78,160",0,"14,371",0,0,0,0,0,0,0,0,0,0,0,0,0,0,0,0,0,0,0,0
Primary School - Shadwell,0,0,0,0,"36,447",0,"36,447","6,750","331,042","222,460","108,582","61,185","219,500","132,321","87,178","40,478","191,239","103,198","88,041","35,328","191,201","103,722","87,479","35,227","188,315","103,502","84,813","34,664","187,834","88,389","99,444","34,572","162,424","95,411","67,013","29,849","146,127","73,720","72,407","26,842","130,950","70,289","60,661","24,035","133,295","72,018","61,277","24,376","115,728","64,321","51,407","21,145","145,288","95,084","50,203","26,576","111,797","62,430","49,367","20,451",112682.45,58552.76,54129.69,20616.38105
Primary School - Shire Oak Church of England,"275,402",164873,"110,529","50,941","259,124","157,972","101,152","47,954","233,660","162,739","70,921","43,193","166,163","95,205","70,958","30,647","168,911","95,583","73,328","31,206","165,223","97,082","68,142","30,445","186,140","106,639","79,501","34,263","189,549","89,873","99,676","34,888","223,044","137,625","85,419","40,993","203,932","118,483","85,448","37,454","204,658","114,097","90,561","37,566","220,491","131,134","89,357","40,330","188,069","110,733","77,337","34,360","189,182","109,884","79,298","34,605","191,962","114,364","77,599","35,115",167729.86,92277.44,75452.42,30687.85519
Primary School - Southroyd,"447,517","213,073","234,444","82,777","406,848","229,914","176,934","75,297","348,854","200,777","148,077","64,438","299,764","178,747","121,017","55,281","290,308","161,767","128,542","53,632","307,185","180,147","127,038","56,603","316,407","178,998","137,409","58,241","282,797","136,954","145,843","52,051","317,448","179,021","138,427","58,335","312,735","187,137","125,598","57,435","298,086","146,661","151,424","54,701","288,066","165,569","122,497","52,686","232,871","122,229","110,642","42,551","237,060","124,582","112,478","43,362","239,123","136,803","102,320","43,742",242207.36,125669.64,116537.72,44314.25859
Primary School - St Anthonys Roman Catholic,"227,114","139,135","87,979","42,009","239,971","145,227","94,744","44,410","238,095","189,178","48,917","44,040","146,264","86,664","59,601","26,974","148,458","76,875","71,584","27,423","152,608","82,593","70,015","28,117","136,641","79,459","57,182","25,151","129,460","55,707","73,753","23,827","140,718","81,956","58,762","25,860","145,980","84,699","61,281","26,811","136,436","60,617","75,819","25,033","150,565","85,577","64,988","27,537","143,597","77,124","66,473","26,238","152,344","83,797","68,547","27,866","151,837","82,942","68,895","27,775",136642.73,71787.26,64855.47,25000.15388
Primary School - St Augustines Roman Catholic Primary and Nursery,"425,792","236,818","188,974","78,759","358,899","214,118","144,781","66,420","521,427","331,545","189,881","96,351","336,902","207,891","129,011","62,124","344,859","199,925","144,934","63,714","342,276","200,720","141,557","63,069","358,641","223,159","135,482","66,011","329,251","179,633","149,618","60,606","376,362","220,877","155,485","69,166","426,658","271,180","155,478","78,352","112,840","112,840",0,"20,748",0,0,0,0,0,0,0,0,0,0,0,0,0,0,0,0,0,0,0,0
Primary School - St Bartholomews Church of England,"395,575","229,809","165,766","73,170","285,140","142,690","142,450","52,777","369,592","211,672","157,920","68,267","306,290","170,967","135,323","56,496","330,472","162,946","167,526","61,041","286,568","145,926","140,642","52,794","277,079","152,241","124,838","51,003","309,366","125,669","183,697","56,937","337,736","184,619","153,117","62,061","433,005","219,359","213,647","79,538","406,826","212,345","194,481","74,665","495,318","284,377","210,941","90,592","333,433","189,864","143,568","60,921","330,623","191,079","139,544","60,476","325,324","154,502","170,823","59,512",253846.9,153651.22,100195.68,46443.82882
Primary School - St Edwards Catholic,"93,726",0,"93,726","17,336","150,328","90,983","59,345","27,820","185,982","118,661","67,321","34,367","174,620","110,561","64,059","32,197","178,996","101,595","77,401","33,069","188,798","119,916","68,881","34,793","158,982","96,807","62,175","29,263","152,464","75,448","77,017","28,063","174,138","96,791","77,347","32,000","187,849","110,672","77,177","34,500","202,563","106,528","96,035","37,177","173,638","101,668","71,970","31,759","143,893","80,800","63,093","26,291","194,187","191,722","2,465","35,522","146,024","75,121",70903.53,"26,712",158212.09,95558.91,62653.18,28946.48399
Primary School - St Francis Roman Catholic - Morley,"197,621","111,459","86,162","36,554","175,542","74,909","100,633","32,494","251,022","144,316","106,706","46,367","229,259","138,013","91,246","42,278","221,650","115,843","105,807","40,944","230,073","130,204","99,870","42,392","195,177","107,702","87,475","35,927","153,421","68,394","85,027","28,237","163,375","83,299","80,075","30,018","137,770","74,633","63,137","25,305","136,989","67,433","69,556","25,139","111,868","63,621","48,247","20,460","76,461","38,826","37,635","13,972","81,377","41,900","39,477","14,885","85,859","34,830","51,028","15,707",82369.66,45457.95,36911.71,15070.35299
Primary School - St Josephs Catholic - Hunslet,"172,259","79,014","93,245","31,863","139,424","58,505","80,919","25,809","210,311","101,276","109,035","38,824","188,248","106,256","81,992","34,722","198,333","98,718","99,615","36,634","151,838","77,554","74,283","27,973","199,093","98,919","100,174","36,649","173,805","72,679","101,126","31,988","207,953","108,426","99,527","38,210","189,619","116,365","73,254","34,823","192,315","100,919","91,396","35,296","167,236","83,406","83,830","30,579","146,975","69,584","77,390","26,859","146,431","74,055","72,376","26,784","152,645","74,251","78,394","27,924",129431.55,55625.97,73805.58,23680.79639
Primary School - St Josephs Catholic - Wetherby,"149,276","71,679","77,597","27,612","120,656","54,541","66,115","22,334","116,433","58,177","58,256","21,496","118,999","64,373","54,626","21,952","117,219","55,775","61,444","21,650","125,730","63,664","62,067","23,163","129,415","69,214","60,202","23,822","116,356","44,803","71,553","21,414","147,714","77,884","69,830","27,142","145,291","78,698","66,593","26,686","140,082","68,679","71,403","25,706","123,958","65,981","57,977","22,668","97,562","49,489","48,073","17,828","112,318","62,089","50,229","20,545","120,878","66,656","54,223","22,112",89437.35,36966.71,52470.64,16363.45756
Primary School - St Mary's Church of England,"141,513","71,925","69,588","26,176","100,257","58,881","41,376","18,555","151,377","99,825","51,553","27,976","130,596","76,645","53,951","24,085","118,515","55,442","63,074","21,889","103,706","56,329","47,378","19,107","104,422","57,618","46,804","19,221","97,833","47,180","50,653","18,007","100,146","67,153","32,993","18,408","94,194","56,249","37,945","17,299","87,901","42,742",45159.71,"16,130",103191.31,59178.43,44012.88,18873.23235,94981.17,53279.64,41701.53,17354.08159,91028.49,53997.2,37031.29,16650.67275,92201.41,50372.74,41828.67,16866.14761,82942.05,45439.36,37502.69,15175.07747
Primary School - St Matthews Church of England,"269,598","150,384","119,214","49,868","395,629","259,336","136,293","73,212","364,290","249,587","114,703","67,336","332,366","206,358","126,009","61,286","269,502","162,266","107,235","49,794","317,358","198,772","118,586","58,483","341,299","211,899","129,400","62,820","322,958","180,083","142,876","59,448","336,105","217,092","119,014","61,776","345,043","216,135","128,908","63,365","347,584","230,441","117,143","63,827","356,811","228,326","128,485","65,274","339,005","212,475","126,529","61,931","318,575","196,401","122,174","58,273","83,944","83,944",0,"15,353",0,0,0,0
Primary School - St Nicholas Roman Catholic,"238,911","132,716","106,195","44,191","185,146","98,610","86,536","34,267","221,831","119,377","102,454","40,966","256,649","171,023","85,626","47,314","168,842","91,179","77,663","31,191","181,983","101,619","80,364","33,530","191,127","110,914","80,212","35,180","199,347","104,113","95,234","36,693","209,361","126,237","83,124","38,477","204,482","120,175","84,307","37,555","224,813","122,938","101,875","41,264","216,493","130,473","86,020","39,600","178,460","97,594","80,866","32,608","192,559","105,479","87,081","35,222","160,017","94,723","65,294","29,271",147698.21,77069.14,70629.07,27022.8645
Primary School - St Oswalds Church of England Junior,"300,367","179,226","121,141","55,559","228,434","119,443","108,991","42,280","283,225","139,529","143,696","52,288","247,952","131,208","116,744","45,742","295,598","157,996","137,602","54,606","189,884","154,970","34,914","35,008","185,841","92,829","93,012","34,210","220,358","100,422","119,936","40,558","215,259","127,297","87,961","39,559","209,908","120,511","89,397","38,552","184,057","90,941","93,116","33,776","245,443","143,449","101,994","44,892","207,224","115,627","91,597","37,862","228,809","130,564","98,246","41,853","222,246","122,582","99,664","40,655",212184.47,105090.79,107093.68,38821.27063
Primary School - St Patricks Roman Catholic,"235,568","116,325","119,243","43,573","195,002","107,756","87,246","36,090","250,971","127,758","123,213","46,338","210,670","128,553","82,117","38,848","185,007","102,346","82,661","34,178","206,740","114,877","91,864","38,092","212,037","119,770","92,267","39,030","196,830","101,055","95,775","36,230","218,130","132,434","85,696","40,089","225,032","135,520","89,512","41,328","218,934","122,891",96043.34,"40,187",216528.7,130662.09,85866.61,39606.15939,191949.17,117225.97,74723.2,35067.4633,183764.38,108112.51,75651.87,33613.63238,203829.24,114307.31,89521.93,37285.73931,211612.21,122405.15,89207.06,38716.56994
Primary School - St Pauls Catholic,"225,800","139,314","86,486","41,766","208,990","125,329","83,661","38,677","166,763","101,847","64,917","30,810","153,484","93,019","60,466","28,304","162,007","97,178","64,830","29,933","162,383","96,385","65,999","29,922","167,098","104,620","62,478","30,756","150,064","77,820","72,243","27,622","255,760","161,088","94,672","47,007","243,852","152,079","91,773","44,782","85,961","85,961",0,"15,806",0,0,0,0,0,0,0,0,0,0,0,0,0,0,0,0,0,0,0,0
Primary School - St Peters Church of England,"277,323","147,076","130,247","51,296","254,303","152,388","101,915","47,063","281,555","155,190","126,365","51,999","261,000","158,779","102,221","48,130","238,451","126,456","111,995","44,048","262,685","151,088","111,597","48,402","204,762","122,257","82,505","37,689","192,702","92,289","100,412","35,468","207,963","124,879","83,085","38,220","197,379","114,678","82,701","36,251","177,759","91,816","85,943","32,624","260,490","127,693","132,797","47,629","147,853","52,262","95,591","27,026","108,237","80,258","27,979","19,799","79,193","79,193",0,"14,484",0,0,0,0
Primary School - St Philips Catholic Primary and Nursery,"247,009","122,351","124,658","45,689","182,923","101,263","81,660","33,855","226,364","122,253","104,111","41,803","215,949","134,150","81,798","39,820","208,453","114,926","93,527","38,509","272,866","155,057","117,809","50,277","244,349","157,418","86,931","44,974","207,955","96,698","111,258","38,275","241,491","138,172","103,319","44,378","274,651","163,772","110,879","50,441","279,802","165,208","114,594","51,366","298,493","177,228","121,266","54,597","255,395","156,563","98,832","46,658","162,165","98,546","63,619","29,663","138,315","78,379","59,936","25,301",98998.57,46681.54,52317.03,18112.77837
Primary School - St Theresas Roman Catholic,"646,435","385,292","261,143","119,571","561,062","299,614","261,448","103,842","769,813","466,345","303,468","142,222","658,382","404,349","254,033","121,406","614,907","365,975","248,932","113,611","683,400","395,636","287,764","125,923","655,706","392,745","262,960","120,692","551,850","300,826","251,024","101,580","554,755","339,197","215,559","101,956","292,012","247,167","44,845","53,603","238,869","143,073","95,796","43,853","190,910","128,740","62,169","34,928","194,748","107,648","87,101","35,583","202,040","116,999","85,041","36,956","191,151","105,909","85,243","34,967",165576.39,90318.12,75258.27,30293.85631
Primary School - St Urbans Roman Catholic,80661,46039,34622,14919.86517,"70,054",38248,"31,806","12,966","83,540","47,999","35,541","15,431","106,009","60,428","45,581","19,552","81,911","47,964","33,946","15,134","81,316","46,856","34,460","14,983","89,643","50,629","39,014","16,501","88,995","37,639","51,356","16,379","108,025","64,484",43541.9,"19,853",80804.95,44905.47,35899.48,14841.44019,26474.07,26474.07,0,4867.787251,0,0,0,0,0,0,0,0,0,0,0,0,0,0,0,0,0,0,0,0
Primary School - Stanningley,"152,124","94,937","57,187","28,138","96,734","60,095","36,639","17,902","114,444","60,576","53,868","21,133","127,884","75,104","52,780","23,585","129,210","72,753","56,457","23,871","122,939","68,791","54,148","22,652","119,502","67,911","51,592","21,997","107,398","53,867","53,530","19,768","120,520","72,790","47,730","22,149","127,016","75,735","51,281","23,327","130,551","74,788","55,763","23,965","138,095","78,679","59,416","25,257","135,733","78,393","57,340","24,799","132,776","77,912","54,865","24,287","141,375","85,747","55,628","25,861",126009.09,71012.36,54996.73,23054.62311
Primary School - Strawberry Fields,"254,010","139,308","114,702","46,984","207,806","121,110","86,696","38,459","275,476","163,959","111,517","50,890","252,342","161,096","91,246","46,526","246,008","137,762","108,246","45,448","224,337","132,183","92,154","41,337","215,992","131,762","84,231","39,756","215,370","105,216","110,155","39,641","213,208","124,701",88507.1,"39,182",218246.16,125384.13,92862.03,40083.78315,252423.88,139503.11,112920.77,46333.00507,233359.87,133485.01,99874.86,42680.27138,259018.08,149115.98,109902.1,47323.90413,234800.35,128983.49,105816.86,42948.71501,60059.08,60059.08,0,10984.80573,0,0,0,0
Primary School - Summerfield,"328,675","203,512","125,163","60,795","285,621","160,206","125,415","52,861","380,500","221,544","158,956","70,286","347,005","235,058","111,947","63,967","343,842","199,022","144,820","63,526","281,981","162,479","119,502","51,957","312,947","192,518","120,428","57,601","291,575","157,131","134,444","53,670","319,411","203,149","116,262","58,706","343,306","211,749","131,558","63,048","270,733","159,101","111,632","49,700","239,940","149,388","90,553","43,891","208,246","122,774","85,472","38,047","203,996","117,348","86,648","37,314","204,449","110,403","94,047","37,399",157047.41,78705.25,78342.16,28733.39413
Primary School - Swinnow,"454,105","261,527","192,578","83,996","368,041","215,016","153,025","68,113","436,714","264,072","172,642","80,682","345,934","208,059","137,875","63,794","324,530","176,290","148,240","59,952","344,896","204,960","139,936","63,553","305,194","180,188","125,006","56,176","245,981","115,305","130,677","45,274","282,971","160,307","122,665","52,000","298,020","174,656","123,364","54,734","347,619","191,811","155,808","63,806","367,934","222,313","145,621","67,301","288,677","147,688","140,988","52,750","316,418","175,325","141,094","57,878","313,350","176,310","137,040","57,320",265228.97,122911.73,142317.24,48526.29235
Primary School - Templenewsam Halton,0,0,0,0,"186,888",0,"186,888","34,614","507,998","284,037","223,961","93,824","486,945","287,291","199,654","89,804","437,626","228,095","209,531","80,839","401,458","208,269","193,189","73,961","391,505","222,916","168,588","72,064","305,141","141,071",164070.28,"56,163",128346.54,128346.54,0,23610.6295,0,0,0,0,0,0,0,0,0,0,0,0,0,0,0,0,0,0,0,0,0,0,0,0,0,0,0,0
Primary School - The Whartons,"107,926","46,558","61,368","19,963","132,709","78,946","53,763","24,560","112,950","67,407","45,543","20,866","91,894","47,813","44,081","16,953","103,786","52,502","51,284","19,171","100,271","56,046","44,225","18,475","104,241","61,821","42,420","19,187","87,169","39,540","47,629","16,044",99242.08,58039.6,41202.48,18238.03192,109317.38,57891.35,51426.03,20079.34577,112525.33,64374.74,48150.59,20655.84551,124916.97,80125.41,44791.56,22852.02146,112221.5,57720.71,54500.79,20506.10939,125439.39,65546.71,59892.68,22944.76045,155292.36,101160.35,54132.01,28406.22056,117649.1,78074.7,39574.4,21525.07934
Primary School - Thorner Church of England,"123,191","58,438","64,753","22,787","79,401","33,710","45,691","14,698","112,104","57,211","54,893","20,699","170,918","120,304","50,614","31,503","101,551","53,249","48,303","18,759","77,510","41,038","36,472","14,280","83,052","50,638","32,414","15,287","107,021","48,248","58,773","19,697","38,820","38,820",0,"7,141",0,0,0,0,0,0,0,0,0,0,0,0,0,0,0,0,0,0,0,0,0,0,0,0,0,0,0,0
Primary School - Thorpe,"159,239","69,746","89,493","29,454","196,561","126,867","69,694","36,375","184,804","97,638","87,166","34,126","163,277","115,907","47,370","30,094","230,781","138,191","92,590","42,640","153,222","78,351","74,872","28,228","165,195","99,811","65,384","30,406","118,199","47,060","71,138","21,753","150,656","84,363","66,293","27,685","134,647","75,816","58,832","24,730","162,836","82,635","80,201","29,884","137,766","74,993","62,773","25,194","126,738","65,357","61,381","23,159","118,857","65,534","53,323","21,741","136,845","73,358","63,487","25,033",119282.13,52921.75,66360.38,21823.8585
Primary School - Tranmere Park,"277,566","162,631","114,935","51,341","261,084","123,272","137,812","48,326","323,679","173,359","150,320","59,773","278,797","152,615","126,181","51,427","226,654","103,381","123,273","41,860","241,102","131,404","109,698","44,422","176,992","99,370","77,622","32,579","160,823","73,876","86,948","29,600","192,356","98,411","93,944","35,344","216,480","124,581","91,899","39,759","255,570","130,890","124,680","46,903","261,012","140,764","120,248","47,732","137,818","76,413","61,405","25,181","164,297","72,298","91,999","30,052","219,044","123,127","95,917","40,069",212708.72,116151.49,96557.23,38917.18741
Primary School - Tyersal,"201,055","118,073","82,982","37,189","172,727","94,811","77,916","31,968","196,245","122,509","73,736","36,260","192,694","119,331","73,363","35,532","169,132","94,276","74,856","31,246","176,186","103,380","72,806","32,465","190,726","111,382","79,344","35,106","72,724","72,724",0,"13,393",0,0,0,0,0,0,0,0,0,0,0,0,0,0,0,0,0,0,0,0,0,0,0,0,0,0,0,0,0,0,0,0
Primary School - Waterloo ,"447,640","300,986","146,654","82,800","325,300","175,863","149,437","60,207","395,579","235,878","159,701","73,078","352,346","211,470","140,876","64,977","376,483","219,765","156,718","69,557","345,681","201,219","144,463","63,695","332,267","202,357","129,910","61,158","343,995","176,801","167,194","63,317",0,0,0,0,0,0,0,0,0,0,0,0,0,0,0,0,0,0,0,0,0,0,0,0,0,0,0,0,0,0,0,0
Primary School - West End,"360,834","207,551","153,283","66,743","244,850","126,566","118,284","45,318","342,821","180,214","162,606","63,304","305,307","172,427","132,881","56,313","262,256","121,449","140,808","48,437","272,203","133,729","138,474","50,145","293,959","170,056","123,903","54,108","250,362","102,515","147,848","46,078","310,250","203,279","106,971","57,025","242,330","137,252","105,078","44,508","268,446","155,261","113,185","49,279","255,159","140,142","115,017","46,664","229,089","138,598","90,491","41,853","232,097","139,458","92,638","42,455","258,210","152,865","105,345","47,233",226642,123444.16,103197.84,41466.42032
Primary School - Westbrook Lane,"219,991","144,341","75,650","40,692","195,634","125,923","69,711","36,203","239,784","148,895","90,889","44,304","209,370","130,840","78,530","38,606","212,006","131,484","80,522","39,173","218,068","135,029","83,039","40,185","227,435","151,163","76,273","41,860","174,023","95,791","78,232","32,033","184,406","120,754","63,652","33,895","188,371","113,993","74,378","34,595","202,705","132,930","69,776","37,222","164,707","109,243","55,464","30,133","134,494","88,960","45,534","24,568","134,935","87,495","47,440","24,682","189,589","116,690","72,899","34,680",207515.56,126108.91,81406.65,37967.04686
Primary School - Westgate,"184,229","94,181","90,048","34,077","145,144","61,299","83,845","26,867","197,276","103,420","93,856","36,428","181,527","104,626","76,901","33,480","169,629","84,618","85,010","31,332","169,253","88,102","81,151","31,182","148,661","43,453","105,208","27,371","136,770","54,541","82,229","25,171","99,234","71,066","28,168","18,242","181,609","105,295","76,314","33,355","140,643","61,662","78,981","25,804","135,311","70,402","64,908","24,743","116,042","48,853","67,189","21,208","112,935","51,187","61,748","20,657","129,569","58,131","71,438","23,703",105715.92,42297.79,63418.13,19341.78472
Primary School - Westwood,"195,569","101,461","94,108","36,174","168,503","85,544","82,959","31,188","202,405","109,448","92,958","37,379","227,576","149,298","78,278","41,956","199,009","112,784","86,225","36,766","199,100","110,942","88,158","36,684","212,163","131,448","80,715","39,051","193,456","87,081","106,375","35,606","202,019","119,524",82494.21,"37,126",208559.75,118723.74,89836.01,38305.14069,207482.44,104964.2,102518.24,38077.00829,191510.28,121199.41,70310.87,35033.43015,208038.85,90082.97,117955.88,38021.28781,236674.9,131349.29,105325.61,43291.63864,254263.84,139275.33,114988.51,46511.75565,232363.26,118124.41,114238.85,42513.18205
Primary School - Whingate,"347,286","206,032","141,254","64,237","282,939","153,675","129,264","52,366","302,082","160,818","141,264","55,783","284,937","157,089","127,849","52,559","235,189","110,156","125,034","43,438","217,046","107,104","109,943","39,984","217,912","113,861","104,051","40,113","207,732","74,832","132,901","38,230","236,714","131,326","105,388","43,498","284,000","146,733","137,268","52,166","316,637","151,857","164,780","58,103","335,041","200,927","134,114","61,283","274,658","151,972","122,687","50,184","254,166","121,121","133,044","46,490","226,402","118,827","107,575","41,415",198207.61,84375.4,113832.21,36264.06433
Primary School - Whinmoor St Pauls Church of England,"228,328",124811,"103,517","42,234","163,141","86,802","76,339","30,194","241,486","134,355","107,131","44,600","242,805","139,331","103,474","44,782","234,135","126,134","108,001","43,252","216,429","120,303","96,127","39,877","218,657","137,334","81,323","40,246","182,273","93,507","88,766","33,550","178,310","111,788","66,522","32,772","215,772","132,862","82,910","39,626","182,883","113,498","69,386","33,577","184,994","110,870","74,124","33,838","168,601","99,543","69,057","30,803","173,093","103,699","69,394","31,662","181,226","104,360","76,866","33,151",159846.55,88855.28,70991.27,29245.52479
Primary School - White Laithe,"205,457","121,631","83,826","38,003","188,425","114,429","73,996","34,871","226,965","130,131","96,834","41,923","202,720","127,634","75,086","37,379","190,778","108,764","82,013","35,246","206,939","123,565","83,373","38,132","197,186","121,769","75,417","36,294","197,247","101,067","96,180","36,306","223,662","140,845","82,817","41,108","215,129","131,285","83,844","39,509","260,201","146,384","113,817","47,762","254,865","154,908","99,957","46,619","228,960","133,088","95,872","41,832","224,304","134,059","90,245","41,029","162,996","121,540","41,456","29,815",263183.69,177044.8,86138.89,48152.08792
Primary School - Whitecote,"309,396","175,680","133,716","57,229","261,913","151,815","110,098","48,472","312,224","185,121","127,103","57,678","278,825","168,923","109,902","51,417","256,535","136,559","119,975","47,389","271,580","155,708","115,872","50,040","284,357","159,394","124,963","52,342","240,835","114,072","126,764","44,327","253,541","150,750","102,791","46,595","260,410","156,738","103,672","47,825","256,149","129,969","126,181","47,009","246,809","135,063","111,746","45,136","203,903","112,985","90,918","37,256","234,022","127,914","106,108","42,806","223,884","119,046","104,838","40,955",194665.45,100434.56,94230.89,35615.99073
Primary School - Whitkirk,"304,462","178,955","125,507","56,316","256,388","139,801","116,587","47,452","354,374","224,456","129,918","65,482","285,243","185,769","99,474","52,589","262,175","155,312","106,863","48,439","229,480","122,363","107,116","42,279","240,462","132,690","107,771","44,262","218,806","92,140","126,666","40,270","132,318","132,318",0,"24,341",0,0,0,0,0,0,0,0,0,0,0,0,0,0,0,0,0,0,0,0,0,0,0,0,0,0,0,0
Primary School - Wigton Moor,"402,362","226,755","175,607","74,425","338,959","205,871","133,088","62,729","348,642","217,723","130,920","64,419","369,004","227,821","141,183","68,043","377,363","210,540","166,824","69,715","322,930","185,721","137,209","59,502","330,092","183,712",146380.34,"60,760",283149.67,125423.18,157726.49,52113.79825,287468.1,165748.22,121719.88,52827.85773,"289,412","163,479","125,933","53,155","314,912","150,725","164,187","57,786","320,880","183,995","136,885","58,688","253,274","125,166","128,108","46,283",267495.74,132698.9,134796.84,48928.80932,"263,151","134,424","128,726","48,138",251380.2,115881.02,135499.18,45992.52139
Primary School - Windmill,"232,006",0,"232,006","42,914","739,015","420,440","318,575","136,772","950,330","561,375","388,956","175,556","754,668","494,261","260,407","139,132","728,457","419,358","309,099","134,583","872,550","520,028","352,522","160,782","792,195","475,077","317,118","145,814","648,645","208,824","439,822","119,367","802,912","441,296","361,616","147,541","694,145","317,215","376,930","127,518","672,815","436,798","236,016","123,543","438,116","242,934","195,182","80,124","395,116","218,756","176,360","72,193","369,569","196,851","172,718","67,600","409,628","237,181","172,447","74,931",364663.79,184966.24,179697.55,66718.88702
Primary School - Woodlesford,"281,339","162,809","118,530","52,039","240,029","126,195","113,834","44,426","300,249","176,675","123,574","55,465","287,321","171,135","116,186","52,987","257,437","138,191","119,246","47,556","250,774","135,480","115,294","46,203","288,164","162,280","125,884","53,042","231,755","115,576","116,179","42,657","281,725","174,289","107,437","51,778","265,296","159,698","105,599","48,723","319,674","179,928","139,746","58,679","292,099","166,143","125,956","53,423","226,853","117,499","109,354","41,452","233,335","125,604","107,731","42,681","216,721","105,236","111,485","39,645",191554.72,85049.69,106505.03,35046.85157
Primary School - Wykebeck,"593,808","343,705","250,103","109,837","233,757","215,255","18,502","43,242","312,178","171,006","141,172","57,653","298,846","181,695","117,151","55,109","325,308","194,565","130,743","60,105","395,446","247,140","148,306","72,873","315,191","203,627","111,564","58,013","270,877","122,709","148,168","49,856","263,028","150,055","112,973","48,336","245,520","141,916","103,605","45,093","282,968","138,288","144,681","51,927","281,740","152,424","129,316","51,523","270,995","148,852","122,142","49,515","259,454","146,028","113,425","47,458","282,400","161,215","121,185","51,658",235425.81,127040.74,108385.07,43073.5062
Primary School - Yeadon Westfield Infants,176059,88173,87886,32565.63323,126574.99,62317,64257.99,23427.99782,187724.36,90155.95,97568.41,34654.27368,153509.73,83306.15,70203.58,28317.43086,147509.31,66184.96,81324.35,27242.70716,"147,268","69,171","78,097","27,128","166,090","82,006","84,084","30,574","168,547","68,011","100,536","31,020","171,024","79,100","91,924","31,420","241,412","144,819","96,593","44,336","152,106","60,242","91,864","27,902","132,345","56,589","75,757","24,193","120,923","50,221","70,702","22,101","146,463","73,866","72,597","26,790","138,979","82,318","56,661","25,423",47670.13,47670.13,0,8721.726985
Pupil Referral Unit - Burley Park Centre,13951,9237,4714,2580.51647,12743.75,5830,6913.75,2358.870738,20981.41,13113.12,7868.29,3876.761047,123493.64,70286.07,53207.57,22777.41233,119974.71,62909.58,57065.13,22162.23716,194328.01,126394.59,67933.42,35813.01525,43498.3,43498.3,0,8003.548796,0,0,0,0,0,0,0,0,"10,564","4,974","5,589","1,941","14,260","7,785","6,476","2,617","12,772","7,020","5,752","2,336","11,712","6,045","5,667","2,140",446,400,46,82,"2,025",863,"1,163",371,25945.6,12151.96,13793.64,4747.006976
Recovery Hub - Recovery Hub at East Leeds,555372,338113,217259,102727.1588,587736.6,357728,230008.6,108768.841,748719.49,511174.01,237545.48,138392.4085,664254.47,455971.07,208283.4,122443.7217,669129.21,448779.27,220349.94,123655.5957,636368.92,414987.84,221381.08,117277.9214,622775.17,411220.13,211555.04,114624.0156,575764.78,305975.58,269789.2,105980.1046,"711,943",510733.45,"201,209","130,878","591,106","385,679","205,426","108,548","595,197","406,105","189,091","109,305","567,594","361,780","205,813","103,833","583,693","363,465","220,228","106,633","561,304","347,833","213,471","102,673","601,135","372,508","228,627","109,961",580755.08,399480.74,181274.34,106254.9494
Recovery Hub - Recovery Hub at South Leeds,17831,16269,1562,3298.20007,13745.28,8785,4960.28,2543.654909,8302.88,1133.23,7169.65,1529.387914,527788.15,351598.68,176189.47,97298.51643,429590.18,270811.63,158778.55,79379.544,"435,188","271,898","163,290","80,196","441,592","284,798","156,794","81,278","403,548","230,714","172,833","74,284","436,215","280,621","155,594","80,176","507,834","322,661","185,173","93,259","416,956","257,714","159,241","76,553","407,183","258,057","149,126","74,487","269,695","147,145","122,550","49,278","167,875","87,832","80,044","30,707","206,196","156,425","49,771","37,716",259605.99,94229.58,165376.41,47497.51193
Recovery Hub - Recovery Hub at West Leeds,632059,402037,230022,116911.9532,601978.54,386912,215066.54,111399.5865,718941.05,475745.68,243195.37,132870.5333,655816.56,438373.84,217442.72,120899.3544,598198.75,396535.54,201663.21,110545.1487,"575,504","391,174","184,330","106,068","596,409","407,480","188,929","109,769","529,692","312,827","216,865","97,506","535,785","356,112","179,673","98,482","557,407","355,392","202,015","102,362","589,305","395,420","193,885","108,218","541,581","352,634","188,947","99,079","447,223","268,049","179,174","81,706","161,238","92,886","68,352","29,493","147,709","86,192","61,517","27,020",158678.87,72207.6,86471.27,29031.88606
Schools - Academy PFI Primary - Methley,0,0,0,0,0,0,0,0,0,0,0,0,0,0,0,0,0,0,0,0,"114,063","40,776","73,286","21,006","207,066","127,513","79,553","38,113","187,285","102,089","85,196","34,474","161,538","94,351","67,187","29,686","170,471","102,682","67,789","31,308","165,409","94,383","71,026","30,363","172,912","104,034","68,879","31,628","178,373","115,245","63,128","32,585","125,608","64,885","60,724","22,976","181,121","105,823","75,298","33,132",152318.29,80159.93,72158.36,27868.15434
Schools - Academy PFI Secondary - Rodillian ,0,0,0,0,0,0,0,0,0,0,0,0,0,0,0,0,0,0,0,0,0,0,0,0,0,0,0,0,0,0,0,0,"419,929","89,002","330,926","77,101","868,619","508,587","360,032","159,530","986,582","533,250","453,332","181,081","1,227,738","884,973","342,766","224,660","756,554","415,014","341,539","138,234","864,379","434,315","430,064","158,107","859,502","448,590","410,912","157,228",773537.3,405829.28,367708.02,141526.3844
Schools - Academy PFI Secondary - Swallow Hill Community College,0,0,0,0,0,0,0,0,0,0,0,0,0,0,0,0,0,0,0,0,0,0,0,0,0,0,0,0,0,0,0,0,"322,153",0,"322,153","59,118","632,197","328,560","303,637","116,124","736,312","280,245","456,067","135,062","898,613","668,943","229,670","164,448","542,843","269,475","273,367","99,197","520,686","261,095","259,591","95,241","804,663","335,902","468,761","147,201",698813.34,334467.56,364345.78,127854.8887
Schools - PFI Primary - Cookridge,0,0,0,0,0,0,0,0,0,0,0,0,0,0,0,0,0,0,0,0,"138,968","62,399","76,569","25,598","211,203","117,998",93204.96,"38,876","193,798","115,945","77,853","35,675","164,662","95,855","68,807","30,260","149,700","79,790","69,910","27,497","222,950","124,572","98,378","40,924","223,948","136,094","87,855","40,964","178,589","109,037","69,552","32,627","189,928","118,436","71,491","34,741","209,932","134,862","75,070","38,401",168607.89,93214.72,75393.17,30848.49955
Schools - PFI Primary - East Ardsley,0,0,0,0,0,0,0,0,0,0,0,0,0,0,0,0,0,0,0,0,"168,078","74,969","93,109","30,960","240,011","142,510","97,502","44,178","186,167","92,483","93,684","34,266","204,879","119,630","85,250","37,651","219,454","132,192","87,263","40,303","212,963","121,508","91,455","39,093","220,079","134,977","85,102","40,257","191,149","114,616","76,533","34,922","228,360","143,815","84,546","41,771","190,471","106,669","83,802","34,842",183082.37,94256.26,88826.11,33496.75042
Schools - PFI Primary - Kippax Ash Tree,0,0,0,0,0,0,0,0,0,0,0,0,0,0,0,0,0,0,0,0,"133,557","55,891","77,666","24,599","184,842","103,775","81,067","34,024","174,135","88,679","85,455","32,052","196,271","118,526","77,745","36,071","209,721","131,256","78,465","38,514","200,253","118,039","82,214","36,762","197,915","121,394","76,521","36,203","324,293","223,387","100,906","59,236","179,347","94,186","85,161","32,805","220,077","134,192","85,884","40,257",180981.12,97582.93,83398.19,33112.30572
Schools - PFI Primary - Lower Wortley,0,0,0,0,0,0,0,0,0,0,0,0,0,0,0,0,0,0,0,0,"175,787","60,776","115,011","32,372","234,862","136,585","98,277","43,230","215,583","109,913","105,669","39,681","230,539","133,337","97,202","42,366","234,077","132,722","101,355","42,992","269,268","157,951","111,317","49,431","259,361","163,782","95,579","47,445","233,523","136,075","97,448","42,665","201,465","116,787","84,678","36,851","243,711","137,362","106,348","44,581",208553.51,107918.99,100634.52,38156.95019
Schools - PFI Primary - Pudsey Bolton Royd,0,0,0,0,0,0,0,0,0,0,0,0,0,0,0,0,0,0,0,0,197697.32,84520.86,113176.46,36413.98116,279564.42,172602.81,106961.61,51456.84462,264478.75,136035.27,128443.48,48681.26056,"315,907","193,594","122,313","58,059","305,199","179,850","125,349","56,052","356,212","222,176","134,037","65,402","348,374","227,204","121,169","63,733","277,606","167,855","109,751","50,717","245,078","130,971","114,107","44,829","286,119","172,135","113,984","52,338",266612.68,150290.82,116321.86,48779.45593
Schools - PFI Primary - Rawdon Littlemoor,0,0,0,0,0,0,0,0,0,0,0,0,0,0,0,0,0,0,0,0,154246.01,62721.97,91524.04,28409.19951,88231.85,88231.85,0,16234.37966,316445.84,222953.98,93491.86,58258.8569,"249,839",158214.45,"91,624","45,919","220,397","132,759","87,638","40,477","213,862","122,032","91,830","39,258","237,769","135,580","102,189","43,486","187,489","126,718","60,771","34,248","211,795","117,864","93,931","38,741","196,747","28,148","168,599","35,995",159611.34,81157.63,78453.71,29202.49077
Schools - PFI Primary - Rothwell Primary and Nursery,0,0,0,0,0,0,0,0,0,0,0,0,0,0,0,0,0,0,0,0,137400,55728.26,81671.74,25306.41785,192829.64,118732.57,74097.07,35492.42708,170964.74,90514.85,80449.89,31469.13761,"149,437","84,074","65,363","27,461","152,455","85,447","67,008","28,001","200,368","104,150","96,218","36,773","178,599","107,978","70,622","32,668","143,412","77,118","66,294","26,204","136,857","84,133","52,724","25,034","122,286","72,767","49,519","22,369",107922.69,55115.65,52807.04,19745.53536
Schools - PFI Primary - Rufford Park,0,0,0,0,0,0,0,0,0,0,0,0,0,0,0,0,0,0,0,0,"146,607","70,278","76,329","27,007","258,327","161,379","96,948","47,548","197,969","94,149","103,820","36,437","217,991","128,875","89,116","40,062","226,200","136,240","89,960","41,542","219,498","125,255","94,243","40,292","176,962","139,118","37,844","32,389","196,970","113,558","83,411","35,987","179,674","107,075","72,599","32,865","195,636","110,586","85,050","35,787",169779.47,92674.35,77105.12,31062.85183
Schools - PFI Primary - St Margarets Church of England,0,0,0,0,0,0,0,0,0,0,0,0,0,0,0,0,0,0,0,0,"215,935","88,971","126,964","39,772","326,515","195,036","131,478","60,100","294,782","151,086","143,696","54,259","309,706","184,661","125,045","56,917","380,506","243,951","136,555","69,876","344,927","208,385","136,542","63,325","333,782","193,194","140,588","61,048","316,718","185,869","130,848","57,865","308,173","166,758","141,415","56,370","318,247","192,624","125,623","58,215",283962.74,176830.03,107132.71,51953.82291
Schools - PFI Secondary - Allerton,0,0,0,0,0,0,0,0,0,0,0,0,0,0,0,0,0,0,0,0,0,0,0,0,0,0,0,0,0,0,0,0,"443,866","118,095","325,771","81,507","747,623","429,270","318,353","137,311","953,204","430,773","522,431","174,895","970,213","630,725","339,488","177,494","669,811","373,852","295,958","122,382",825468.94,386312.57,439156.37,150989.4437,861075.89,446632.41,414443.48,157515.6469,772265.98,387355.03,384910.95,141293.7837
Schools - PFI Secondary - Allerton Grange,0,0,0,0,0,0,0,0,0,0,0,0,0,0,0,0,0,0,0,0,0,0,0,0,0,0,0,0,0,0,0,0,"335,201",0,"335,201","61,513","828,220","455,992","372,228","152,121","944,618","472,007","472,611","173,351","1,279,688","799,287","480,401","234,090","837,276","417,370","419,906","153,000","745,398","364,815","380,583","136,344","963,369","560,918","402,451","176,224",877979.6,470485.22,407494.38,160635.1476
Schools - PFI Secondary - Pudsey Grangefield,0,0,0,0,0,0,0,0,0,0,0,0,0,0,0,0,0,0,0,0,0,0,0,0,0,0,0,0,0,0,0,0,"351,061","74,100","276,961","64,457","729,022","405,181","323,842","133,899","913,357","432,885","480,472","167,598","1,118,623","708,618","410,005","204,633","583,117","320,203","262,914","106,544","671,441","334,508","336,933","122,816","786,610","418,465","368,145","143,893",812412.16,375245.94,437166.22,148638.9288
Schools - Solar for Schools Primary - Adel,"224,564","140,969","83,595","41,538","171,516","98,951","72,565","31,743","213,225","123,756","89,468","39,387","183,207","110,999","72,208","33,785","177,724","91,480","86,244","32,829","216,273","124,260","92,013","39,850","206,422","124,798","81,624","37,995","167,526","87,287","80,239","30,836","179,886","105,962","73,924","33,059","197,418","121,179","76,239","36,256","170,241","88,066","82,175","31,244","188,531","115,081","73,450","34,486","84,320","49,787","34,533","15,405","43,777","26,368","17,409","8,008","55,669","23,170","32,499","10,184",65710.08,26609.41,39100.67,12022.31624
Schools - Solar for Schools Primary - Alwoodley,"808,194","483,073","325,121","149,492","619,591","309,558","310,033","114,680","727,219","421,420","305,799","134,331","621,120","366,356","254,763","114,549","657,012","353,702","303,309","121,371","661,473","353,996","307,477","121,869","706,798","381,236","325,562","130,103","494,851","243,821","251,030","91,083","559,587","340,258","219,329","102,843","614,850","351,609","263,241","112,926","605,700","375,468","230,232","111,207","616,460","379,713","236,746","112,764","506,302","225,517","280,786","92,530","189,116","119,015","70,101","34,593","322,758","163,330","159,428","59,042",303062.7,138710.2,164352.5,55448.35159
Schools - Solar for Schools Primary - Bardsey,"486,726","291,942","194,784","90,030","378,813","217,934","160,879","70,108","478,277","285,161","193,115","88,356","470,997","306,504","164,493","86,836","429,540","267,412","162,128","79,369","410,629","248,823","161,805","75,667","536,388","337,490","198,898","98,727","450,302","208,043","242,259","82,880","430,410","268,902","161,508","79,106","412,330","249,149","163,180","75,725","377,598","215,047","162,551","69,313","446,501","298,165","148,336","81,689","265,766","189,050","76,716","48,543",0,0,0,0,0,0,0,0,0,0,0,0
Schools - Solar for Schools Primary - Beechwood,"502,676","272,416","230,260","92,980","442,540","226,427","216,113","81,909","582,901","346,354","236,547","107,682","567,491","332,142","235,349","104,661","439,569","239,585","199,984","81,204","437,500","221,020","216,480","80,599","577,020","365,077","211,943","106,205","480,996","224,778","256,218","88,530","498,663","305,100","193,563","91,647","742,023","404,048","337,975","136,290","593,598","321,233","272,365","108,951","547,476","350,377","197,098","100,153","408,082","234,771","173,311","74,559","431,065","224,349","206,716","78,848","181,097","170,284","10,813","33,123",31476.01,19161.34,12314.67,5758.85079
Schools - Solar for Schools Primary - Churwell,"465,523","259,394","206,129","86,108","462,436","210,085","252,351","85,597","645,571","357,160","288,410","119,229","401,880","228,429","173,450","74,124","465,198","223,554","241,644","85,923","424,917","228,750","196,167","78,287","435,898","239,393","196,504","80,237","349,286","139,636","209,651","64,283","385,722","237,241","148,481","70,891","331,835","192,553","139,282","60,945","275,939","135,521","140,418","50,637","301,467","171,391","130,076","55,136","222,594","140,793","81,801","40,664","81,772","54,243","27,530","14,958","82,922","25,065","57,857","15,170",0,0,0,0
Schools - Solar for Schools Primary - Clapgate,"353,142","166,526","186,616","65,321","367,146","214,680","152,466","67,948","405,040","237,206","167,834","74,821","422,651","261,548","161,103","77,935","411,680","222,346","189,334","76,051","425,325","242,281","183,044","78,368","411,994","264,836","147,158","75,830","391,002","190,459","200,543","71,968","363,366","238,217","125,150","66,789","330,481","170,327","160,154","60,704","472,631","248,998","223,633","86,744","541,617","388,304","153,312","99,107","439,977","268,416","171,561","80,380","456,883","260,285","196,597","83,571","159,924","159,827",97,"29,250",935.48,64.5,870.98,171.1554208
Schools - Solar for Schools Primary - Cookridge Holy Trinity Church of England,"308,978","174,670","134,308","57,152","269,649","135,476","134,173","49,909","321,669","197,507","124,162","59,431","288,072","178,084","109,989","53,119","267,603","159,207","108,396","49,443","286,116","167,564","118,551","52,720","286,983","174,208","112,776","52,823","245,619","124,907","120,712","45,209","264,958","158,468","106,490","48,694","270,400","162,851","107,549","49,660","276,703","163,946","112,757","50,797","271,362","166,412","104,951","49,638","173,252","122,309","50,943","31,645","443,736","331,636","112,099","81,169","77,234","46,780","30,454","14,128",238646,205771.93,32874.07,43662.67216
Schools - Solar for Schools Primary - Farsley Farfield,"508,623","294,793","213,830","94,080","369,702","179,847","189,855","68,429","565,490","296,984","268,505","104,420","561,929","228,847","333,082","103,728","550,980","302,582","248,398","101,786","575,474","320,099","255,375","106,031","579,889","346,205","233,683","106,737","431,451","214,017","217,434","79,413","377,618","242,480","135,138","69,406","458,453","242,595","215,859","84,208","651,585","389,707","261,878","119,621","445,695","259,773","185,922","81,518","245,999","154,824","91,174","44,940","239,846","110,960","128,885","43,871","240,182","161,800","78,382","43,934",184331.29,105043.99,79287.3,33725.25282
Schools - Solar for Schools Primary - Gledhow,"333,635","193,958","139,677","61,712","269,799","147,752","122,047","49,934","346,743","209,925","136,818","64,060","313,553","186,079","127,474","57,825","304,418","166,428","137,990","56,237","291,053","159,532","131,521","53,625","477,627","259,563","218,065","87,918","444,230","185,402","258,828","81,758","510,514","292,221","218,293","93,816","452,247","238,984","213,263","83,069","509,202","256,945","252,257","93,448","569,597","307,925","261,672","104,165","467,854","264,814","203,040","85,481","290,411","166,531","123,880","53,121","332,868","168,910","163,958","60,891",290659.2,151320.55,139338.65,53179.00723
Schools - Solar for Schools Primary - Greenhill,"292,251","172,581","119,670","54,058","306,820","148,430","158,390","56,791","340,110","212,325","127,786","62,842","330,175","210,557","119,618","60,877","339,989","200,660","139,329","62,816","336,287","226,245","110,042","61,978","348,632","215,224","133,408","64,169","301,466","172,560","128,907","55,493","320,716","197,823","122,893","58,944","323,200","210,116","113,085","59,351","300,599","185,283","115,316","55,189","341,088","215,873","125,215","62,396","274,114","174,029","100,085","50,076","287,918","181,987","105,931","52,665","245,737","156,076","89,660","44,951",231617.25,142030.95,89586.3,42376.69206
Schools - Solar for Schools Primary - Highfield,"307,796","190,377","117,419","56,933","218,087","112,743","105,344","40,365","329,590","176,210","153,380","60,864","451,304","290,329","160,976","83,208","301,838","176,241","125,597","55,766","308,115","173,539","134,576","56,771","345,768","202,479","143,290","63,644","318,113","173,561","144,553","58,556","352,754","215,154","137,601","64,831","351,854","211,869","139,986","64,619","337,741","193,655","144,086","61,998","340,867","207,430","133,437","62,351","277,465","165,558","111,907","50,692","113,011","110,903","2,108","20,673","6,303","4,527","1,776","1,153",7581.93,5550.82,2031.11,1387.189913
Schools - Solar for Schools Primary - Hollybush,"325,160","188,092","137,068","60,145","375,537","218,321","157,216","69,501","386,527","245,840","140,687","71,424","344,537","222,262","122,275","63,523","315,526","183,184","132,341","58,295","309,050","173,477","135,573","56,943","324,661","204,272","120,389","59,757","315,381","141,359","174,022","58,046","383,911","229,032","154,879","70,555","374,061","237,399","136,663","68,693","406,764","222,510","184,254","74,661","438,755","270,694","168,061","80,258","240,509","167,199","73,310","43,931","230,666","157,772","72,894","42,193","208,607","140,537","68,070","38,158",202272.44,135869.42,66403.02,37007.76562
Schools - Solar for Schools Primary - Iveson,"556,418","349,384","207,034","102,921","457,026","259,894","197,132","84,583","560,754","316,770","243,983","103,572","519,064","317,303","201,762","95,717","496,739","263,851","232,888","91,762","462,120","225,212","236,908","85,131","429,559","256,087","173,473","79,067","375,979","180,803","195,176","69,202","448,058","259,549","188,509","82,340","465,268","258,521","206,747","85,456","366,530","191,324","175,206","67,270","398,497","214,689","183,808","72,875","369,111","208,031","161,080","67,440","164,106","68,632","95,474","30,017","201,584","95,796","105,789","36,876",251717.29,118384.34,133332.95,46054.19538
Schools - Solar for Schools Primary - Kerr Mackie,322443,196145,126298,59642.28171,275527.07,146675,128852.07,50995.16663,"332,687","216,707","115,980","61,481","375,782","242,983","132,799","69,283","337,351","202,370","134,981","62,330","325,116","196,377","128,739","59,909","321,124","219,139","101,985","59,103","293,969","168,612","125,357","54,113","295,343","184,862","110,481","54,281","268,113","164,282","103,831","49,239","229,776","129,004","100,772","42,177","272,786","172,031","100,754","49,901","161,870","103,007","58,863","29,571","96,023","58,633","37,390","17,564","101,635","62,434","39,200","18,591",170666.24,72189.14,98477.1,31225.09527
Schools - Solar for Schools Primary - Manston,"143,568","82,745","60,823","26,556","106,631","53,731","52,900","19,736","131,493","69,511","61,982","24,281","130,845","79,090","51,755","24,129","133,043","72,712","60,331","24,578","130,781","70,561","60,220","24,095","138,590","81,968","56,622","25,510","121,143","55,072","66,071","22,297","137,601","83,390","54,211","25,289","180,231","115,925","64,306","33,097","154,814","80,472","74,342","28,413","156,637","90,416","66,222","28,649","50,997","35,027","15,970","9,315","35,595","14,229","21,366","6,511","49,387","21,051","28,336","9,035",68436.07,26508.22,41927.85,12521.06337
Schools - Solar for Schools Primary - New Bewerley Community,"304,051","179,375","124,676","56,240","278,593","158,586","120,007","51,560","304,045","177,687","126,358","56,164","331,211","193,479","137,732","61,085","355,366","206,816","148,550","65,655","350,518","209,734","140,784","64,589","342,193","216,063","126,130","62,983","279,172","139,219","139,953","51,385","317,426","180,599","136,827","58,332","384,855","247,967","136,888","70,674","375,541","225,670","149,871","68,944","390,953","255,221","135,732","71,523","281,173","165,736","115,437","51,370","291,352","162,956","128,396","53,293","273,250","167,967","105,282","49,984",95207.99,77249.57,17958.42,17419.25385
Schools - Solar for Schools Primary - Otley All Saints Church of England,"140,576","70,305","70,271","26,002","121,889","56,254","65,635","22,562","137,103","78,762","58,341","25,325","134,877","74,054","60,823","24,880","125,050","57,357","67,693","23,095","119,502","56,333","63,169","22,014","122,040","64,604","57,436","22,465","102,410","47,664","54,746","18,849","121,617","68,243","53,374","22,349","138,981","71,861","67,120","25,529","155,570","87,314","68,256","28,556","177,773","105,046","72,727","32,516","128,099","71,941","56,158","23,405","139,258","75,188","64,069","25,472","144,418","84,919","59,500","26,418",120790.48,64831.7,55958.78,22099.82622
Schools - Solar for Schools Primary - Rosebank,628718,328816,299902,116293.9685,471005.85,267568,203437.85,87170.77716,634139.03,399676.94,234462.09,117174.5691,524547.42,335048.18,189499.24,96714.51054,491340.69,267136.08,224204.61,90767.50324,468568.22,263858.91,204709.31,86334.63764,575638.86,325068.14,250570.72,105957.6068,568065.97,279953.53,288112.44,104558.5233,"662,120","397,013","265,107","121,684","582,996","368,531","214,466","107,063","698,920","390,015","308,905","128,291","638,845","391,816","247,030","116,858","323,088","156,175","166,913","59,041","400,760","243,700","157,060","73,306","335,448","218,448","117,000","61,360",366727.4,205846.31,160881.09,67096.4451
Schools - Solar for Schools Primary - Roundhay School Primary Campus,0,0,0,0,0,0,0,0,"120,508","38,078","82,430","22,223","87,285","44,232","43,053","16,104","45,673","11,043","34,630","8,430","104,666","69,985","34,681","19,290","110,550","69,390","41,160","20,348","159,082","114,994","44,088","29,288","198,094","129,330","68,764","36,410","189,392","114,080","75,312","34,782","196,699","117,786","78,913","36,111","247,181","166,003","81,178","45,223","185,950","106,993","78,957","33,974","103,103","66,158","36,945","18,859","134,995","80,704","54,291","24,694",128731.42,73568.48,55162.94,23552.7006
Schools - Solar for Schools Primary - Scholes (Elmet),"202,203","110,180","92,023","37,401","174,959","101,606","73,353","32,380","199,386","116,722","82,663","36,832","191,169","112,154","79,015","35,257","173,672","90,536","83,136","32,081","179,544","95,323","84,221","33,079","182,549","96,780","85,769","33,603","180,948","77,290","103,658","33,303","212,946","114,305","98,641","39,129","209,001","116,294","92,707","38,387","256,600","159,030","97,570","47,112","267,532","199,026","68,506","48,959","156,358","82,406","73,952","28,570","167,602","81,079","86,523","30,657","166,631","88,597","78,034","30,481",168012.23,70224.75,97787.48,30739.5176
Schools - Solar for Schools Primary - Seacroft Grange,"226,688","112,122","114,566","41,930","197,983","96,060","101,923","36,645","218,932","116,614","102,318","40,429","181,630","112,061","69,569","33,492","155,179","69,473","85,706","28,659","156,179","76,209","79,969","28,771","106,377","72,373","34,004","19,579","99,700","44,471","55,229","18,350","124,435","63,185","61,250","22,864","119,328","63,027","56,301","21,918","124,885","54,684","70,201","22,913","67,573","53,630","13,943","12,368","44,575","30,729","13,846","8,142","44,346","29,507","14,839","8,112","43,956","30,376","13,580","8,040",31122.4,22201.52,8920.88,5694.154304
Schools - Solar for Schools Primary - Seven Hills,"329,085","191,714","137,371","60,871","389,992","192,349","197,643","72,184","561,352","354,812","206,540","103,726","376,677","249,798","126,879","69,442","297,099","151,234","145,865","54,879","279,018","150,022","128,997","51,406","316,073","159,958","156,115","58,182","303,727","105,555","198,172","55,895","287,328","161,799","125,529","52,800","346,587","154,589","191,998","63,671","364,161","160,924","203,237","66,814","265,268","104,024","161,243","48,486","220,604","107,159","113,445","40,313","138,525","88,010","50,515","25,339","94,006","58,895","35,111","17,196",85047.56,44493.6,40553.96,15560.30158
Schools - Solar for Schools Primary - Shakespeare Primary and Nursery,0,0,0,0,0,0,0,0,0,0,0,0,0,0,0,0,0,0,0,0,0,0,0,0,0,0,0,0,0,0,0,0,"264,511","121,722","142,789","48,595","262,733","160,517","102,216","48,251","275,675","156,249","119,427","50,604","248,238","144,640","103,598","45,403","229,163","133,812","95,351","41,869","212,564","126,868","85,696","38,882","200,535","112,502","88,032","36,683",171619.87,92449.86,79170.01,31399.57142
Schools - Solar for Schools Primary - Sharp Lane,"296,545","151,130","145,415","54,852","251,162","112,243","138,919","46,491","351,209","193,095","158,114","64,862","321,302","192,928","128,374","59,252","343,154","174,587","168,567","63,386","377,717","213,180","164,536","69,595","378,456","222,290","156,166","69,661","316,443","146,027","170,416","58,243","345,543","209,345","136,198","63,505","369,952","211,997","157,955","67,947","391,307","217,463","173,844","71,826","385,363","233,307","152,056","70,489","342,190","187,931","154,259","62,523","466,837","236,982","229,855","85,391","164,351","111,375","52,975","30,063",90759.32,76561.54,14197.78,16605.32519
Schools - Solar for Schools Primary - Swarcliffe,"69,870","39,763","30,107","12,924","-28,432","-177,525","149,093","-5,223","387,894","234,947","152,947","71,663","358,200","214,694","143,506","66,057","357,236","200,152","157,084","65,997","326,527","198,732","127,796","60,170","300,565","187,938","112,627","55,322","260,353","138,202","122,151","47,923","284,812","176,419","108,393","52,345","265,868","168,107","97,761","48,825","256,314","143,998","112,316","47,049","259,024","158,853","100,171","47,381","230,390","136,311","94,079","42,092","168,552","149,163","19,389","30,832","30,173","13,472","16,701","5,520",10831.87,4265.87,6566,1981.798935
Schools - Solar for Schools Primary - Talbot,"421,872","241,545","180,327","78,034","371,132","196,997","174,135","68,690","495,937","265,309","230,628","91,583","451,147","271,004","180,143","83,197","490,560","250,666","239,894","90,615","479,069","270,162","208,907","88,270","454,974","279,354","175,620","83,743","397,802","180,089","217,714","73,216","515,101","326,582","188,520","94,673","463,465","274,646","188,819","85,118","585,684","293,547","292,137","107,482","689,230","408,208","281,022","126,065","542,028","266,605","275,423","99,049","640,641","321,919","318,722","117,183","260,104","212,462","47,643","47,576",102364.21,79276.54,23087.67,18728.55586
Schools - Solar for Schools Primary - Valley View Community,"223,136","105,300","117,836","41,273","167,171","85,398","81,773","30,941","241,162","114,155","127,007","44,517","250,904","144,685","106,218","46,275","242,350","119,556","122,794","44,764","255,723","131,768","123,955","47,112","246,087","137,716","108,371","45,297","210,709","89,572","121,137","38,780","246,785","140,643","106,142","45,351","260,663","141,533","119,129","47,877","263,597","147,785","115,812","48,385","228,779","131,085","97,695","41,843","191,506","101,388","90,117","34,993","199,878","107,010","92,868","36,561",215947.73,112255.32,103692.41,39503.06136,198602.88,96111.73,102491.15,36336.38292
Schools - Solar for Schools Primary - Weetwood,270351,161672,108679,50006.82447,214353.8,112819,101534.8,39673.39074,296498.53,166187.51,130311.02,54762.02885,300212.26,188743.3,111468.96,55355.0652,288552.51,177708.59,110843.92,53316.4526,273807.74,151791.06,122016.68,50448.5419,303500.16,187962.71,115537.45,55862.37826,308719.82,158549.21,150170.61,56824.44039,"336,056","208,499","127,558","61,764","294,094","179,847","114,246","54,010","364,779","172,981","191,797","66,936","269,306","158,329","110,977","49,257","217,127","139,532","77,594","39,665","79,937","50,325","29,612","14,622","65,352","40,831","24,522","11,954",111277.52,57825.14,53452.38,20359.33506
Schools - Solar for Schools Primary - Wetherby St James Church of England Primary and Nursery,"197,536","23,331","174,205","36,538","48,858","37,103","11,755","9,040","337,048","246,445","90,602","62,319","213,226","125,631","87,595","39,324","156,080","78,436","77,644","28,830","215,627","120,676","94,951","39,729","198,966","106,164","92,801","36,625","186,704","95,560","91,144","34,366","249,513","157,967",91546.18,"45,859",192929.19,119496.87,73432.32,35430.87129,260420.53,134167.34,126253.19,47793.88309,245908.07,131679.04,114229.03,44969.7001,119570.82,74233.73,45337.09,21844.09026,105491.88,42275.17,63216.71,19295.68771,207308.8,129867.25,77441.55,37921.42601,202525.9,93945.45,108580.45,37054.13866
Schools - Solar for Schools Primary - Yeadon Westfield Juniors,"303,895","171,557","132,338","56,211","320,517","200,075","120,442","59,315","359,618","223,960","135,659","66,446","328,485","206,602","121,883","60,568","252,918","149,877","103,041","46,729","211,924","114,626","97,298","39,045","225,578","136,386","89,192","41,521","242,666","128,210","114,456","44,667","241,305","150,225","91,080","44,350","267,988","157,737","110,250","49,218","343,237","216,853","126,385","63,021","324,131","183,971",140159.38,"59,281",305971.55,196864.68,109106.87,55894.48125,207544.36,189206.66,18337.7,37965.33647,42563.55,26793.57,15769.98,7785.819494,37474.34,21713.93,15760.41,6856.305246
Schools - Solar for Schools Secondary - Benton Park School,"1,727,682","967,490","760,192","319,569","1,530,305","864,071","666,234","283,220",2221325.87,1117801.53,1103524.34,410120.6409,1909672.89,1076750.17,832922.72,352233.3181,1742421.81,913780.7,828641.11,321867.6129,1752490.08,1020949.78,731540.3,322915.2745,1610303.84,942459.86,667843.98,296402.4269,1302166.62,812242.9,489923.72,239712.2601,1270668.58,650728.64,619939.94,233473.219,1655585.01,996913.76,658671.25,304053.5268,1431336.92,833837.17,597499.75,262755.6947,1655415.57,1146736.19,508679.38,302890.5346,1121433.46,707349.58,414083.88,204867.5118,1042232.67,642787.53,399445.14,190642.9487,1103981.01,682674.27,421306.74,201943.4051,341636.03,341636.03,0,62505.72805
Schools - Solar for Schools Secondary - Guiseley School,1233447,714767,518680,228150.6916,1043314.76,569526,473788.76,193095.6405,1515255.01,855652.2,659602.81,279868.6451,1375915.16,795831.69,580083.47,253764.6457,1207104.28,611379.36,595724.92,222970.1377,1106116.93,679810.41,426306.52,203830.0734,1058935.75,572072.16,486863.59,194922.1981,1206917.68,690747.49,516170.19,222165.4814,1450625.05,918805.91,531819.14,266617.6656,1561790.74,831300.31,730490.43,286867.1953,989115.93,893872.73,95243.2,181801.1234,501321.06,393190.15,108130.91,91754.92419,693799.36,373158.5,320640.86,126770.8408,538158.12,351671.28,186486.84,98439.29265,58865.08,58865.08,0,10766.42313,0,0,0,0
Schools - Solar for Schools Secondary - Roundhay School,0,0,0,0,0,0,0,0,0,0,0,0,0,0,0,0,0,0,0,0,0,0,0,0,0,0,0,0,0,0,0,0,"476,985","61,990","414,995","87,559","270,913","144,366","126,547","49,761","223,147","109,071","114,077","40,949","229,552","160,984","68,568","42,002","215,418","135,920","79,498","39,353","232,882","146,191","86,690","42,598","234,001","147,384","86,617","42,804",223860.83,131124.21,92736.62,40957.57746
Secondary School - Boston Spa,"2,482,325","1,278,434","1,203,891","459,156","1,709,413","945,850","763,563","316,373","2,277,429","1,183,355","1,094,074","420,523","2,035,430","1,168,759","866,671","375,409","1,968,582","971,090","997,492","363,613","1,959,600","1,071,353","888,246","361,046","1,993,603","1,128,878","864,726","366,961","1,618,994","694,768","924,226","297,972","535,789","535,789",0,"98,564",0,0,0,0,0,0,0,0,0,0,0,0,0,0,0,0,0,0,0,0,0,0,0,0,0,0,0,0
Secondary School - Cardinal Heenan Catholic High ,0,0,0,0,0,0,0,0,0,0,0,0,0,0,0,0,0,0,0,0,0,0,0,0,0,0,0,0,0,0,0,0,0,0,0,0,0,0,0,0,0,0,0,0,0,0,0,0,0,0,0,0,0,0,0,0,0,0,0,0,416086.32,147658.21,268428.11,76127.15311
Secondary School - Corpus Christi Roman Catholic College,"338,707","203,876","134,831","62,651","304,898","203,943","100,955","56,421","608,165","425,464","182,701","112,425","1,423,597","1,084,918","338,679","262,315","741,501","459,170","282,330","137,010","712,523","427,025","285,498","131,295","734,399","449,309","285,089","135,175","724,513","339,958",384555.3,"133,351",870498.01,520695.82,349802.19,159979.4029,706955.46,412449.96,294505.5,129839.4184,815412.23,462334.33,353077.9,149679.1614,101703.23,101703.23,0,18627.96361,0,0,0,0,0,0,0,0,0,0,0,0,0,0,0,0
Secondary School - Education Business Partnership - Swallow Crescent,"21,066","8,262","12,804","3,897","5,461","11,883","-6,422","1,009",0,0,0,0,0,0,0,0,0,0,0,0,0,0,0,0,0,0,0,0,0,0,0,0,0,0,0,0,0,0,0,0,0,0,0,0,0,0,0,0,0,0,0,0,0,0,0,0,0,0,0,0,0,0,0,0
Secondary School - Grangefield High,0,0,0,0,0,0,0,0,0,0,0,0,0,0,0,0,0,0,0,0,0,0,0,0,0,0,0,0,0,0,0,0,0,0,0,0,0,0,0,0,0,0,0,0,0,0,0,0,0,0,0,0,0,0,0,0,0,0,0,0,0,0,0,0
Secondary School - Leeds West City Learning Centre,"42,072","22,506","19,566","7,782","33,917","18,319",15598.22,"6,277","34,214","17,733","16,481","6,317","36,926","23,471","13,455","6,808","30,634","20,205","10,429","5,661","30,166","19,730","10,436","5,559","29,406","19,036","10,370","5,412","20,228","13,978","6,250","3,724","24,489","14,632",9856.54,"4,501",30629.12,13724.81,16904.31,5626.835363,41188.29,28635.59,12552.7,7564.378465,23346.34,16018.91,7327.43,4271.572628,27205.94,17212.79,9993.15,4970.058885,27344.02,13880.69,13463.33,5001.622773,29044.86,18014.89,11029.97,5312.966692,26870.68,13600.89,13269.79,4916.259613
Secondary School - Mount St Marys Roman Catholic High,"129,570","19,412","110,158","23,967","314,866","109,221","205,645","58,290","592,530","307,999","284,531","109,410","533,774","307,037","226,737","98,447","536,236","263,869","272,368","99,047","569,924","303,566","266,359","105,002","643,187","379,159","264,028","118,388","538,009","263,351","274,658","99,026","555,960","330,441","225,519","102,173","518,126","312,908","205,218","95,155","545,564","315,753","229,811","100,150","633,126","351,945","281,180","115,789","625,884","356,200","269,684","114,354","734,263","384,029","350,234","134,308","804,347","509,759","294,589","147,133",755311.18,463218.67,292092.51,138191.7335
Secondary School - North East City Learning Centre,10057,0,10057,1860.24329,76353.01,46321,30032.01,14130.22394,82480.57,53123.32,29357.25,15241.87839,68551.02,35997.19,32553.83,12646.50254,"81,390","38,660","42,729","15,033","89,784","53,116","36,669","16,544","69,826","44,854","24,972","12,852","72,696","37,943","34,753","13,381","113,208","74,291","38,918","20,808","98,762","59,495","39,266","18,138","102,586","61,433","41,152","18,833","17,510","17,076",434,"3,207","96,338","55,564","40,774","17,601","102,940","56,270","46,670","18,829",0,0,0,0,0,0,0,0
Secondary School - Priesthorpe Sports Specialist College,"1,164,309","909,957","254,352","215,362","1,087,970","691,183",396787.35,"201,337",1195307.2,712844.05,482463.15,220818.3646,923520.92,573135.28,350385.64,170291.701,835392.26,454338.51,381053.75,154325.7228,897931.24,542584.42,355346.82,165462.3805,751477.84,459934.75,291543.09,138318.269,142637.54,142637.54,0,26268.69836,0,0,0,0,0,0,0,0,0,0,0,0,0,0,0,0,0,0,0,0,0,0,0,0,0,0,0,0,0,0,0,0
Secondary School - Royds Specialist Language College,2089857,1194109,895748,386560.8493,1813556.06,990069,823487.06,335651.1013,2381432.44,1397050.38,984382.06,439913.3752,1877082.59,1124197.67,752884.92,346160.7238,1595919.99,868049.72,727870.27,294821.4348,1292416.45,677930.4,614486.05,238107.7403,1277736.25,726829.94,550906.31,235191.5,"978,074","386,446","591,628","180,005","1,478,858","739,086","739,771","271,718","1,254,631","726,568","528,063","230,427","1,124,816","580,022","544,794","206,433","310,164","310,164",0,"56,810",0,0,0,0,0,0,0,0,0,0,0,0,0,0,0,0
Secondary School - Temple Moor Alternative Provision - ELECT,0,0,0,0,"64,224",0,"64,224","11,895","165,241","97,681","67,560","30,525","115,037","69,490","45,547","21,214","98,250","44,212","54,038","18,145","117,944","71,756","46,188","21,734","107,188","60,789","46,400","19,730","86,919","42,043","44,876","15,998","40,453","40,453",0,"7,442",0,0,0,0,0,0,0,0,0,0,0,0,0,0,0,0,0,0,0,0,0,0,0,0,0,0,0,0
Secondary School - Temple Moor Science College,"2,104,715","1,260,193","844,522","389,309","937,169","937,169",0,"173,348","1,958,384","1,045,841","912,543","361,645","1,834,706","1,097,104","737,602","338,348","1,732,503","721,048","1,011,455","319,937","1,821,686","1,033,999","787,687","335,653","1,872,227","1,114,395","757,832","344,611","1,587,676","850,737","736,939","292,243","980,117","980,117",0,"180,302",0,0,0,0,0,0,0,0,0,0,0,0,0,0,0,0,0,0,0,0,0,0,0,0,0,0,0,0
Secondary School - Wetherby High,"1,596,707","891,767","704,940","295,343","1,302,048","655,020","647,028","240,995","1,541,957","864,246","677,711",284792.8714,"1,516,148","879,331",636816.97,279626.089,"1,447,513","757,886","689,626",267390.0981,"1,647,204","876,429","770,775","303,477","1,511,597","926,154","585,443","278,227","1,495,799","706,138","789,661","275,311","1,479,940","876,117","603,823","271,978","1,300,713","752,512","548,202","238,891","1,373,963","742,133","631,829","252,182","1,273,931","717,610","556,321","232,988","1,200,946","649,058","551,889","219,435","1,312,841","758,770","554,071","240,140","1,193,198","660,810","532,388","218,268",1072130.69,573033.47,499097.22,196157.031
Secure Unit - Adel Beck Secure Childrens Home,0,0,0,0,0,0,0,0,0,0,0,0,0,0,0,0,"323,468","120,913","202,555","59,727","549,227","359,231","189,996","101,219","548,911","357,813","191,098","101,030","553,324","355,553","197,771","101,862","510,902","322,504","188,398","93,901","679,737","482,758","196,979","124,809","627,760","397,494","230,266","115,263","476,567","340,958","135,609","87,204","196,248","141,786","54,462","35,844","112,789","48,364","64,425",20630.53635,"101,676","59,174",42502.95,18599.1802,188932.78,74930.29,114002.49,34567.14143
Secure Unit - Eastmoor,"1,261,370","831,605","429,765","233,316","718,833","718,833",0,"132,963",0,0,0,0,0,0,0,0,0,0,0,0,0,0,0,0,0,0,0,0,0,0,0,0,0,0,0,0,0,0,0,0,0,0,0,0,0,0,0,0,0,0,0,0,0,0,0,0,0,0,0,0,0,0,0,0
Sheltered Housing - Arthington Court,0,0,0,0,0,0,0,0,0,0,0,0,0,0,0,0,0,0,0,0,0,0,0,0,0,0,0,0,"125,062","58,031","67,031","23,018","168,324","102,909","65,415","30,935","176,153","112,421","63,732","32,349","154,772","96,719","58,053","28,417","137,129","86,909",50219.52,"25,085","121,944","73,505","48,440","22,279","124,726","70,301","54,425","22,814","82,252","53,840","28,413","15,046",78295.16,50386.33,27908.83,14324.88247
Sheltered Housing - Ashlea Court,"119,574","84,483","35,091","22,118","153,721","107,497","46,224","28,445","181,724","132,034","49,690","33,599","191,909","140,044","51,865","35,367","148,272","118,089","30,184","27,411","154,617","108,218","46,399","28,498","145,404","94,090","51,314","26,762","145,195","74,537","70,657","26,725","155,109","92,764","62,346","28,506","107,208","95,323",11885.12,"19,678","132,977","115,279","17,698","24,438","151,666","142,488","9,178","27,773","121,284","74,333","46,952","22,158","115,373","71,662","43,711","21,104","118,934","70,254","48,680","21,756",98181.82,48520.45,49661.37,17963.34579
Sheltered Housing - Aspire - 33 Grove Road,"67,458","41,479","25,979","12,478","56,340","32,764","23,576","10,427","62,905","39,911","22,994","11,624","52,688","35,239","17,448","9,713","47,541","28,747","18,794","8,784","48,164","28,602","19,562","8,875","43,891","28,528","15,363","8,078","44,925","22,193","22,732","8,269","48,345","27,999","20,346","8,884","49,163","28,289","20,874","9,029","47,727","25,466","22,260","8,760","55,518","35,012","20,505","10,156","35,302","18,202","17,100","6,451","43,862","25,277","18,585","8,023","42,490","25,386","17,104","7,772",38732.59,20652.32,18080.27,7086.514666
Sheltered Housing - Aspire - Supported Housing - 17 Prosper Street,"13,580","8,753","4,827","2,512","12,313","7,131","5,182","2,279","3,303","7,444","-4,141",617,"-1,982","-1,244",-737,-365,"5,199","1,241","3,957",960,"7,342","4,252","3,090","1,353","5,881","3,612","2,269","1,082","6,604","3,825","2,779","1,216","10,747","7,450","3,297","1,976","8,327","3,467","4,860","1,530","9,918","7,212","2,705","1,822","8,156","5,347","2,809","1,492","5,837","3,519","2,318","1,066","6,346","3,006","3,340","1,161","7,634","4,312","3,322","1,396",10196.15,5324.7,4871.45,1865.487604
Sheltered Housing - Aspire - Supported Housing - 18 Prosper Street,"10,687","6,570","4,117","1,977","7,222","4,024","3,198","1,337","6,902","4,027","2,875","1,275","7,952","4,642","3,310","1,467","7,190","4,174","3,017","1,328","6,687","3,241","3,446","1,232","7,725","4,459","3,266","1,422","6,200","3,051","3,149","1,141","7,858","4,874","2,985","1,444","6,986","3,925","3,061","1,283","6,727","3,631","3,096","1,235","8,396","5,315","3,081","1,536","6,173","2,940","3,233","1,128","5,363","3,074","2,290",981,"3,033","3,033",0,555,0,0,0,0
Sheltered Housing - Aspire - Supported Housing - 19 Prosper Street,"12,287","6,429","5,858","2,273","10,426","6,332","4,094","1,929","10,187","6,549","3,638","1,882","9,801","6,221","3,580","1,807","5,309","3,241","2,067",981,"3,336","2,177","1,159",615,"5,324","3,822","1,502",980,"3,675","1,759","1,917",676,"3,987","2,324","1,663",733,995,448,547,183,"4,188","2,320","1,868",769,"6,254","3,189","3,065","1,144","5,739","1,773","3,966","1,049","5,991","2,846","3,146","1,096","10,327","5,584","4,743","1,889",8844.27,3794.38,5049.89,1618.147639
Sheltered Housing - Aspire - Supported Living - 27 Moorland Drive,"63,953","39,296","24,657","11,829","40,201","17,866","22,335","7,441","33,192","25,695","7,497","6,139","65,780","47,007","18,773","12,124","55,939","34,441","21,498","10,336","62,107","38,347","23,760","11,445","62,337","37,588","24,749","11,474","54,073","26,702","27,371","9,953","57,508","33,443","24,065","10,568","58,194","33,484","24,710","10,688","303,791","249,059","54,732","55,819","30,167","29,265",901,"5,525","49,287","28,730","20,557","9,005","50,797","30,241","20,556","9,292","58,629","35,364","23,265","10,725",53737.74,31347.63,22390.11,9831.85691
Sheltered Housing - Atlanta Street,"27,003","16,736","10,267","4,995","14,321","12,899","1,422","2,649","17,428","10,699","6,729","3,220","17,733","9,487","8,246","3,271","21,783","10,024","11,758","4,023","26,495","15,292","11,203","4,882","23,040","16,315","6,725","4,240","24,130","11,896","12,234","4,441","22,388","13,432","8,957","4,115","12,519","12,519",0,"2,297","14,920","6,707","8,213","2,738","15,925","10,432",5493.32,"2,913","28,143","15,897","12,246","5,142","36,889","19,700","17,188","6,747","43,489","29,064","14,425","7,955",36517.75,21225.49,15292.26,6681.28754
Sheltered Housing - Belle Vue Estate,"62,284","35,602","26,682","11,521","54,317","33,314","21,003","10,052","57,540","32,412","25,129","10,628","57,903","32,532","25,370","10,680","42,784","34,086","8,698","7,909","27,791","18,518","9,273","5,122","27,875","14,786","13,090","5,131","26,901","13,278","13,623","4,951","29,657","17,088","12,569","5,450","26,542","15,661","10,881","4,875","23,560","14,524","9,036","4,326","16,211","7,565","8,646","2,964","21,568","11,636","9,931","3,941","18,083","9,260","8,823","3,308","19,254","9,921","9,333","3,522",17669.49,8446.38,9223.11,3232.80989
Sheltered Housing - Billing View,"29,508","18,533","10,975","5,458","23,214","12,171","11,043","4,297","28,664","18,845","9,819","5,297","35,782","24,803","10,979","6,596","34,934","21,461","13,473","6,455","29,073","14,662","14,411","5,356","35,446","23,315","12,132","6,524","26,100","12,668","13,432","4,804","34,914","20,220","14,695","6,416","31,216","17,956","13,260","5,733","28,206","15,437","12,769","5,177","12,213","10,489","1,724","2,236","23,405","13,256","10,149","4,276","30,684","16,520","14,163","5,612","32,970","22,174","10,796","6,031",19233.23,14608.45,4624.78,3518.911761
Sheltered Housing - Brookleigh,"337,574",229754,"107,820","62,441","305,761","197,758","108,003","56,582","328,640","221,786","106,854","60,742","332,917","226,893","106,025","61,369","318,946","206,267","112,679","58,937","327,269","216,541","110,728","60,315","325,741","221,441","104,300","59,953","298,175","184,239","113,936","54,890","328,194","218,216",109978,60325.01375,365036.79,243056.77,121980.02,67031.81414,"373,484","262,131",111352.91,68593.39471,360503.21,238771.45,121731.76,65954.29425,"334,030","219,529","114,501","61,018","336,714","222,660","114,054","61,591","349,515","232,723","116,792","63,933",322636.59,206284.43,116352.16,59029.59051
Sheltered Housing - Burley Greenhows,"94,015","56,723","37,292","17,390","-68,361","-76,998","8,637","-12,643","20,914","12,268","8,646","3,863","19,934","11,350","8,584","3,677","115,422","102,717","12,705","21,343","35,721","23,096","12,625","6,583","32,089","19,381","12,708","5,906","27,217","13,165","14,052","5,010","29,882","17,301",12580.67,"5,491","23,836","10,929",12907.03,"4,379",33426.33,19667.3,13759.03,6136.330386,"30,232","17,555","12,678","5,529","51,341","35,116","16,226","9,378","36,746","21,036",15709.83,6721.426286,"33,621","20,534","13,087","6,150",19980.4,3279.82,16700.58,3655.613984
Sheltered Housing - Cardinal Court,"739,618","483,561","256,057","136,807","662,121","434,016","228,105","122,527","782,318","511,785","270,533","144,577","737,139","483,543","253,596","135,900","733,364","481,274","252,090","135,521","680,730","446,431","234,298","125,454","507,767","320,999","186,768","93,459","464,924","245,312","219,612","85,577","480,889","293,882","187,008","88,380","525,985","329,948","196,037","96,594","529,558","315,059","214,499","97,217","490,504","304,519","185,985","89,725","494,486","300,160","194,326","90,339","528,967","408,068","120,899","96,760","498,114","309,163","188,951","91,116",491705.17,295624.88,196080.29,89962.3779
Sheltered Housing - Claremont,"81,645","52,928","28,717","15,102","74,070","38,499","35,571","13,709","37,740","11,548","26,192","6,959","54,702","32,395","22,307","10,088","64,621","41,683","22,938","11,941","67,669","42,916","24,753","12,470","66,973","48,192","18,781","12,326","67,693","34,472","33,220","12,460","72,945","43,644","29,302","13,406","74,502","44,869","29,633","13,683","54,963","36,927","18,036","10,093","18,482","17,514",969,"3,385","57,261","36,394","20,867","10,461","52,918","35,507","17,411","9,680","56,827","37,114","19,714","10,395",55283.58,33313.49,21970.09,10114.6838
Sheltered Housing - Cross Hills Court,"1,016,969","683,652","333,317","188,109","964,078","651,258","312,820","178,401","1,042,030","749,354","292,676","192,652","719,078","483,994","235,085","132,559","687,948","447,604","240,344","127,126","595,163","394,595","200,569","109,687","589,640","401,344","188,295","108,523","527,048","307,345","219,703","97,018","556,246","357,988","198,258","102,238","566,177","364,637","201,540","103,972","587,121","383,282","203,839","107,809","568,512","362,910","205,602","104,001","535,861","348,117","187,745","97,889","518,863","339,591","179,272","94,910","460,591","302,338","158,253","84,252",416886.52,260605.65,156280.87,76273.5577
Sheltered Housing - Cross Ingram Street,"22,553","17,648","4,905","4,172","8,093","3,458","4,635","1,498","21,990","8,630","13,360","4,057","35,308","18,763","16,545","6,514","29,494","19,305","10,189","5,450","22,527","13,386","9,142","4,151","22,594","15,152","7,442","4,158","20,966","10,361","10,605","3,859","18,749","11,839","6,909","3,446","15,237","9,566","5,671","2,798","16,398","7,413","8,986","3,009","8,985","7,469","1,516","1,645","12,474","5,710","6,764","2,280","12,761","5,821","6,940","2,334","15,231","6,265","8,967","2,786",12615.01,5743.86,6871.15,2308.04223
Sheltered Housing - Dulverton Court,"9,697",0,"9,697","1,794","44,991","16,748","28,243","8,329","62,725","49,558","13,167","11,602","31,733","18,710","13,024","5,852","23,539","14,196","9,343","4,349","220,320","133,812","86,508","40,599","59,496","35,266","24,231","10,951","52,894","26,127","26,768","9,736","1,338","1,274",64.02,246.1538214,704.55,639.89,64.66,129.3152481,"2,387","2,291",97,439,32,32,0,6,"117,684","70,251","47,433","21,500","65,296","41,202","24,094","11,944","187,114","71,301","115,814","34,230",165504.65,107019.68,58484.97,30280.73076
Sheltered Housing - Ellerby Lane,"88,310","50,535","37,775","16,335","82,859","61,902","20,957","15,331","56,731","30,950","25,781","10,477","18,025","32,953","-14,928","3,303","28,497","20,839","7,658","5,267","15,387","4,479","10,908","2,833","20,199","12,943","7,256","3,718","15,884","7,803","8,081","2,924","9,964","9,933",32,"1,833","28,335","28,335",0,"5,200",0,0,0,0,"9,361","5,868","3,493","1,712","5,905","3,085","2,819","1,079","1,898","1,165",733,347,"9,450","2,910","6,540","1,729",18359.12,11906.37,6452.75,3358.984595
Sheltered Housing - Eltham Court ,"198,249","118,669","79,580","36,670","155,689","85,855","69,834","28,815","204,523","138,068","66,454","37,802","221,901","141,865","80,036","40,913","205,889","130,978","74,910","38,045","187,033","113,104","73,929","34,465","184,306","115,160","69,146","33,923","152,134","85,595","66,540","28,004","155,462","97,945","57,517","28,573","162,412","104,783","57,628","29,825","165,899","111,181","54,718","30,465","148,414","92,699","55,715","27,149","137,052","80,860","56,192","25,039","127,924","73,675","54,249","23,399","143,791","89,150","54,641","26,303",137003.5,80631.73,56371.77,25066.16036
Sheltered Housing - Farrar Lane,"481,716","335,611","146,105","89,103","431,014","283,036","147,978","79,760","498,669","333,659","165,010","92,165","452,530","312,408","140,122","83,414","300,538","216,565","83,973","55,547","309,054","216,340","92,714","56,963","449,732","309,732","140,000","82,773","402,188","239,032","163,157","74,035","430,567","278,747","151,820","79,139","453,832","296,319","157,513","83,340","458,849","294,565","164,284","84,252","449,293","297,356","151,936","82,198","422,034","278,466","143,567","77,094","413,679","266,234","147,445","75,670","423,770","278,577","145,193","77,516",395042.41,253277.76,141764.65,72276.95933
Sheltered Housing - High Ridge Court,"96,656","55,298","41,358","17,878","156,608","106,961","49,647","28,980","24,437","2,264","22,172","4,500","53,145","30,129","23,015","9,802","34,330","20,020","14,310","6,343","42,699","25,253","17,446","7,868","46,935","28,906","18,029","8,639","38,445","18,481","19,964","7,076","42,458","24,577","17,882","7,803","49,346","31,018","18,328","9,062","42,951","24,239","18,712","7,884","41,070","23,858","17,212","7,512","38,986","21,308","17,678","7,123","40,101","22,947","17,154","7,335","26,516","22,419","4,097","4,850",25975.7,14587.45,11388.25,4752.514072
Sheltered Housing - Hollins Grove,608801,399083,209718,112609.921,604096.04,385613,218483.04,111792.0804,580254.21,416777.71,163476.5,107277.6147,406711.06,269857.54,136853.52,74978.78823,"348,634","221,572","127,062","64,421","339,067","213,925","125,141","62,484","337,690","221,095","116,595","62,153","284,533","153,598","130,934","52,374","311,114","194,547","116,567","57,180","322,811","199,702","123,109","59,283","334,130","204,109","130,021","61,344","318,181","205,255","112,926","58,208","306,160","212,482","93,678","55,923","339,099","212,870","126,229","62,027","361,766","228,429","133,337","66,175",336610.25,205191.62,131418.63,61586.21134
Sheltered Housing - John Rylie,"35,917","24,039","11,878","6,644","20,305","16,722","3,583","3,757","19,647","10,937",8709.66,3628.580561,22401.39,13290.82,9110.57,4131.252005,17422.99,13318.49,4104.5,3220.636116,"46,446","25,035","21,411","8,557","50,752","30,773","19,979","9,342","43,626","21,522","22,104","8,030","3,655","3,495",160,672,160,128,32,29,"14,271","5,510","8,760","2,618","9,562","9,110",452,"1,751","21,881","8,966","12,914","3,999","14,367","9,631","4,736","2,628","10,286","3,421","6,865","1,882",9131.59,4356.2,4775.39,1670.715706
Sheltered Housing - Mason House,"35,748","12,171","23,577","6,612","141,922","152,483","-10,561","26,249","-8,132","-34,477","26,345","-1,537","72,110","47,316","24,793","13,294","51,538","36,152","15,387","9,525","39,082","23,854","15,228","7,202","40,265","23,660","16,605","7,411","46,380","27,631","18,749","8,538","47,803","33,029","14,774","8,787","38,207","24,197","14,011","7,016","40,658","23,736","16,923","7,464","34,408","20,601",13806.16,"6,294","36,699","24,370","12,329","6,704","34,694","22,698","11,996","6,346","35,432","23,650","11,781","6,481",43353.79,23650.01,19703.78,7932.009418
Sheltered Housing - Middleton Park Court,215447,133759,81688,39851.23159,177066.19,112951,64115.19,32767.32081,228812,152806.58,76005.42,42289.34418,231413.79,155954.96,75458.83,42659.79723,147014.78,98815.34,48199.44,27168.55689,130947.86,80815.36,50132.5,24130.61364,140452.64,90833.55,49619.09,25851.13373,"116,220","66,477","49,744","21,393","123,523","75,504","48,020","22,702","130,791","87,984","42,807","24,017","112,900","78,531","34,368","20,734","156,670","106,219","50,451","28,664","118,739","79,466","39,273","21,690","115,035","68,691","46,344","21,042","131,326","80,876","50,449","24,022",136675.42,78763.28,57912.14,25006.13484
Sheltered Housing - Midland House,"309,070","194,950","114,120","57,169","295,597","183,059","112,538","54,704","356,388","227,012","129,375","65,855","333,237","218,411","114,825","61,436","268,645","165,120","103,525","49,638","264,627","160,211","104,416","48,763","283,246","179,717","103,529","52,134","275,688","149,197","126,491","50,746","313,579","200,107","113,472","57,635","316,848","202,750","114,098","58,186","312,954","197,986","114,969","57,461","313,190","197,248","115,942","57,292","289,344","179,939","109,405","52,859","314,574","195,672","118,902","57,541","308,265","199,086","109,178","56,388",268820.32,160713.71,108106.61,49183.36575
Sheltered Housing - Moorhaven Court,28528,15365,13163,5276.82416,"14,146",2822,"11,324","2,619","15,354","8,512","6,843","2,836","15,632","9,103","6,529","2,883","10,841","5,472","5,369","2,002","13,814","8,491","5,323","2,546","16,985","11,258","5,727","3,126","12,660","6,305","6,355","2,330","20,837","13,772","7,065","3,830","17,062","9,811","7,250","3,134","16,584","8,846","7,739","3,044","21,643","9,864","11,779","3,957","10,679","6,651","4,028","1,951","15,787","9,646","6,142","2,888","12,734","7,960","4,774","2,329",16400.94,10174.45,6226.49,3000.715982
Sheltered Housing - Naburn Court,0,0,0,0,0,0,0,0,0,0,0,0,0,0,0,0,"180,992","98,129","82,863","33,435","227,954","142,488","85,466","42,007","227,926","152,993","74,932","41,950","249,644","154,705","94,938","45,956","275,328","183,357","91,971","50,608","275,150","183,763","91,387","50,526","292,102","196,341","95,761","53,641","283,566","191,319","92,247","51,881","230,895","149,257","81,639","42,179","220,271","145,036","75,235","40,292","231,165","147,730","83,435","42,285",217855.64,138123.64,79732,39858.86789
Sheltered Housing - Northcotes,"13,496","11,534","1,962","2,496","15,644","11,551","4,093","2,895","1,282","1,279",3,237,-547,-738,192,-100,827,604,223,153,"7,733","4,066","3,667","1,425","13,900","9,297","4,603","2,558","13,807","8,601","5,207","2,542","11,101","6,399","4,702","2,040","11,316","6,516","4,799","2,078","11,600","6,446","5,153","2,129","23,372","6,536","16,836","4,270","8,731","3,355","5,376","1,596","10,591","4,365","6,226","1,937","10,321","5,095","5,226","1,888",8065.73,3452.41,4613.32,1475.705961
Sheltered Housing - Royds Court,"13,285","6,301","6,984","2,457","8,919","3,097","5,822","1,651","11,133","6,858","4,275","2,057","19,133","13,763","5,370","3,526","36,304","116,978","-80,674","6,757","30,285","18,730","11,555","5,581","31,773","19,146","12,627","5,848","27,550","13,559","13,991","5,071","58,481","34,744",23737.25,"10,748","45,717","25,746","19,971","8,397","49,062","27,515",21546.36,9005.665831,18191.48,17674.41,517.07,3331.630893,24816.85,8971.87,15844.98,4536.230326,"28,714","16,715","11,998",5252.184482,"32,808","20,100","12,708","6,001",33602.68,21472.85,12129.83,6147.946333
Sheltered Housing - Sir Karl Cohen Square,0,0,0,0,0,0,0,0,0,0,0,0,0,0,0,0,0,0,0,0,0,0,0,0,0,0,0,0,"24,527","22,238","2,289","4,517","204,493","158,186","46,306","37,598","128,205","76,027","52,178","23,546","137,415","87,615","49,800","25,231","99,730","64,918","34,812","18,245","132,646","78,116","54,530","24,234","163,058","104,852","58,205","29,826","157,691","104,232","53,459","28,845",148037.66,87300,60737.66,27084.97027
Sheltered Housing - St Augustines Court,"173,427","110,878","62,549","32,079","317,473","233,410","84,063","58,743","307,516","195,212","112,304","56,824","220,820","176,240","44,581","40,681","87,119","109,168","-22,049","16,126","336,137","241,489","94,648","61,957","250,507","155,414","95,093","46,108","242,245","144,038","98,207","44,593","269,136","169,587","99,550","49,466","306,316","203,347","102,969","56,249","267,927","180,060","87,867","49,201","235,416","156,283","79,133","43,070","221,684","139,528","82,156","40,498","203,372","135,030","68,342","37,201","185,893","127,971","57,922","34,003",233288.51,144246.13,89042.38,42682.46579
Sheltered Housing - St Matthias Court,0,0,0,0,"68,179",0,"68,179","12,627","147,542","96,719","50,823","27,267","130,588","90,245","40,343","24,071","134,858","82,842","52,016","24,918","79,674","54,079","25,595","14,684","88,708","58,917","29,791","16,327","86,332","45,062","41,270","15,891","67,158","38,656","28,502","12,342","76,572","48,128","28,443","14,062","71,633","44,612","27,021","13,152","72,391","44,135","28,256","13,242","62,823","37,060","25,763","11,478","68,760","41,067","27,693","12,577","73,135","46,422","26,713","13,378",71285.2,41894.95,29390.25,13042.34019
Sheltered Housing - Stanningley Court,"157,532","98,640","58,892","29,139","149,989","115,322","34,667","27,752","248,005","183,192","64,812","45,857","165,881","116,799","49,083","30,575","160,192","107,110","53,083","29,603","166,449","106,095","60,355","30,674","172,792","116,844","55,948","31,803","122,283","60,339","61,944","22,507","159,275","94,152","65,122","29,271","159,738","96,218","63,521","29,336","155,003","88,450","66,554","28,453","160,159","98,221","61,938","29,296","168,084","90,230","77,854","30,712","175,590","112,972","62,618","32,119","177,733","114,310","63,423","32,511",162607.84,102666.54,59941.3,29750.73041
Sheltered Housing - Stoney Rock Court ,"196,115","109,343","86,772","36,275","158,739","82,449","76,290","29,380","213,962","125,349","88,613","39,524","173,430","106,181","67,250","31,981","150,900","83,818","67,082","27,877","153,895","89,910","63,985","28,357","143,559","90,102","53,457","26,423","119,543","59,010",60532.47,22003.11806,132835.98,80023.77,52812.21,24412.74139,135798.14,75820.95,59977.19,24941.90846,147663.2,81320.74,66342.46,27103.72944,137604.75,78432.1,59172.65,25166.99897,"128,987","69,363","59,624","23,569","138,836","80,467","58,369","25,396","142,991","81,953","61,039","26,157",128216.16,70487.65,57728.51,23458.42863
Sheltered Housing - Temple Lawn,"57,215","34,297","22,918","10,583","51,675","28,739","22,936","9,564","40,416","24,756","15,660","7,467","7,372","-2,923","10,295","1,366","21,591","12,895","8,696","3,989","233,931","113,551","120,381","43,094","226,163","117,767","108,396","41,631","238,486","122,470","116,016","43,897","152,366","152,293",73,"28,029","23,088","21,732","1,356","4,237","1,129","1,032",97,208,0,0,0,0,0,0,0,0,"5,136","2,398","2,738",940,"7,132","4,706","2,426","1,305",7401.22,3752.16,3649.06,1354.127211
Sheltered Housing - The Crescent,"23,802","14,404","9,398","4,403","22,530","12,998","9,532","4,170","25,640","16,452","9,188","4,738","29,478","19,267","10,211","5,435","24,014","13,749","10,265","4,437","9,572","1,940","7,632","1,762","16,549","10,099","6,450","3,046","14,896","7,740","7,156","2,742","19,675","12,599","7,076","3,616","22,683","14,273","8,410","4,166","22,077","12,677","9,400","4,053","18,169","11,991",6177.94,"3,324","24,969","12,181","12,788","4,563","32,183","17,894",14289.14,"5,887","22,535","13,039","9,496","4,122",20588.9,10784.87,9804.03,3766.945144
Sheltered Housing - The Grove,"349,519","231,816","117,703","64,651","336,539","208,565","127,974","62,280","373,121","237,357","135,763","68,947","353,025","231,426","121,599","65,084","344,004","211,750","132,254","63,562","346,554","238,758","107,796","63,873","300,067","191,664","108,403","55,230","291,880","163,306","128,574","53,728","308,808","198,166","110,642","56,758","306,431","197,666","108,765","56,272","288,535","174,617","113,918","52,972","292,658","182,231","110,426","53,535","283,215","173,225","109,989","51,741","286,190","175,952","110,237","52,349","289,933","181,813","108,120","53,035",253760.11,153616.39,100143.72,46427.94973
Sheltered Housing - The Willows,"102,399","64,271","38,128","18,941","107,509","66,212","41,297","19,896","102,153","61,419","40,734","18,872","110,661","73,646","37,015","20,401","108,258","66,373","41,885","20,003","74,518","43,881","30,637","13,731","51,136","35,422","15,714","9,412","64,404","38,116","26,287","11,855","62,739","37,721","25,017","11,530","64,794","42,764","22,030","11,898","57,213","32,254","24,959","10,502","51,381","29,697","21,685","9,398","46,082","26,726","19,357","8,419","55,146","30,565","24,581","10,087","52,917","31,002","21,915","9,680",52363.55,29725.48,22638.07,9580.435108
Sheltered Housing - Thornhill Court,230533,143364,87169,42641.68901,173499.04,108750,64749.04,32107.6572,202727.94,129610.21,73117.73,37461.69402,211307.63,140880.21,70427.42,38954.76522,188502.78,129228.41,59274.37,34836.92462,168192.98,109157.96,59035.02,30996.44156,148538.27,91980.43,56557.84,27340.02388,147077.24,81815.63,65261.61,27073.01857,170080.24,113900.29,56179.95,31262.67997,164632.55,103598.67,61033.88,30233.69145,"205,631",139120,"66,511","37,762","211,976","149,192","62,784","38,787","179,949","101,230","78,719","32,879","180,700","116,334","64,366","33,053","209,443","140,946","68,498","38,311",217938.38,135228.64,82709.74,39874.006
Sheltered Housing - Valley Ridge,"71,828","44,432","27,396","13,286","57,272","29,954","27,318","10,600","55,878","32,442","23,437","10,322","69,420","45,226","24,195","12,799","70,585","42,897","27,688","13,042","41,143","19,464","21,679","7,579","51,500","29,666","21,835","9,480","4,058","4,058",0,747,0,0,0,0,0,0,0,0,0,0,0,0,0,0,0,0,"13,384","7,554","5,830","2,445","19,785","11,306","8,479","3,619","20,251","11,075","9,176","3,704",19588.89,10423.53,9165.36,3583.983314
Sheltered Housing - Wayland Croft,30792,16245,14547,5695.59624,18743.02,7835,10908.02,3469.514334,22833.47,12943.62,9889.85,4217.415854,23144.54,13906.46,9238.08,4268.140298,20214.05,11422.67,8791.38,3734.455613,22942.36,13961.95,8980.41,4227.648543,"24,502","15,103","9,398","4,510","20,583","10,169",10413.16,3788.436659,22201.96,12861.38,9340.58,4080.069301,22599.56,13000.72,9598.84,4150.700838,23134.74,12892.93,10241.81,4246.512959,"18,402","13,008","5,394","3,367","24,346","14,171",10175.46,"4,448",21612.36,13733.19,7879.17,3953.297893,15204.48,8979.35,6225.13,2781.2729,15521.86,8391.5,7130.36,2839.879506
Sheltered Housing - Westerton Close,56813,35025,21788,10508.70061,53142.95,31359,21783.95,9835.07961,40421.91,18855.73,21566.18,7461.309521,22632.13,9494.12,13138.01,4177.475008,41540.85,27557.49,13983.36,7676.622432,46884.45,29374.23,17510.22,8639.901489,46821.77,31658.7,15163.07,8617.591526,37742.97,15990.25,21752.72,6946.458598,43247.63,26773.2,16474.43,7948.420521,25966.01,10086.07,15879.94,4770.739274,38946.59,21812.55,17134.04,7148.944335,14585.56,14133.12,452.44,2671.210657,16281.59,6750.11,9531.48,2975.748481,13382.38,13382.38,0,2448.024403,0,0,0,0,0,0,0,0
Sheltered Housing - Wharfedale Court,39854,22271,17583,7371.79438,33143.08,17295,15848.08,6134.279047,45604.16,26190.59,19413.57,8423.632597,44315.15,21280.48,23034.67,8177.251622,56918.97,30977.66,25941.31,10514.90543,64243.52,34706.43,29537.09,11836.33159,59964.69,39351.67,20613.02,11036.75806,61948.81,34398.18,27550.63,11403.11994,61709.32,36694.71,25014.61,11340.78993,68981.85,39878.27,29103.58,12669.33658,75346.92,40657.53,34689.39,13829.40871,59913.7,41014.43,18899.27,10962.07574,94514.56,40484.51,54030.05,17273.70148,52521.92,37474.23,15047.69,9607.343154,64880.25,47037.19,17843.06,11867.66831,71487.83,35646.81,35841.02,13079.41338
Sheltered Housing - Whingate Court,171854,100238,71616,31787.83438,154123.31,96167,57956.31,28522.09817,157375.78,99087.55,58288.23,29079.37098,152128.5,94940.85,57187.65,28051.08539,160460.42,103035.43,57424.99,29650.81231,153184.85,102330.98,50853.87,28231.89953,154592.87,91492.19,63100.68,28455.14479,132868.91,65364.01,67504.9,24455.89823,142916.42,86328.58,56587.84,26265.4401,154321.8,98080.53,56241.27,28339.84038,143548.11,86380.35,57167.76,26353.60188,229249.57,215105.13,14144.44,41980.58169,171351.37,107519.25,63832.12,31303.30506,159250.49,94557.15,64693.34,29129.6498,171057.32,106175.87,64881.45,31290.27672,166822.03,98040.44,68781.59,30521.75861
Sheltered Housing - White Laithe Court,0,0,0,0,0,0,0,0,0,0,0,0,0,0,0,0,0,0,0,0,0,0,0,0,0,0,0,0,0,0,0,0,0,0,0,0,0,0,0,0,29316.76,0,29316.76,5369.657762,150978.08,93467.74,57510.34,27617.48872,144006.95,82366.68,61640.27,26311.00217,140473.43,83134.42,57339.01,25694.99511,143295.08,85850.34,57444.74,26212.11682,139052.25,78713.26,60338.99,25440.99966
Sheltered Housing - Woodhouse Hills Street,"-12,933","15,258",-28191,-2392.21701,"74,663","63,110","11,553","13,813","39,497","42,256",-2758.62,"7,319",22487.32,14700.92,7786.4,4145.831107,"26,704","15,506",11198.68,"4,934","28,574",17143.52,11430.55,5265.307094,"31,290","21,001",10289.74,5759.054185,"33,281",21316.84,"11,964",6126.743238,42767.18,28016.01,14751.17,7860.812406,11949.27,1204.68,10744.59,2196.67859,18376.55,13466.34,4910.21,3375.409999,8542.87,-175.74,8718.61,1559.306531,20665.99,8459.98,12206.01,3777.117051,34674.28,20719.54,13954.74,6342.525149,28449.44,17485.88,10963.56,5204.06039,30272.22,17628.93,12643.29,5538.605371
Small Industrial Unit - 10 Croydon Street - Unit 8,0,0,0,0,0,0,0,0,0,0,0,0,0,0,0,0,0,0,0,0,0,0,0,0,"7,136",3882.47,"3,253",1313.478891,"1,367","1,367",0,252,0,0,0,0,0,0,0,0,0,0,0,0,17586.02,2809.19,14776.83,3211.893789,7321.67,7310.27,11.4,1336.502076,0,0,0,0,114,0,114,21,0,0,0,0
Small Industrial Unit - 8 Croydon Street - Unit 9,0,0,0,0,0,0,0,0,0,0,0,0,0,0,0,0,0,0,0,0,0,0,0,0,0,0,0,0,0,0,0,0,0,0,0,0,0,0,0,0,0,0,0,0,0,0,0,0,0,0,0,0,0,0,0,0,0,0,0,0,0,0,0,0
Small Industrial Unit - Jack Lane Light Industrial Estate - Unit 1,0,0,0,0,0,0,0,0,0,0,0,0,0,0,0,0,0,0,0,0,0,0,0,0,0,0,0,0,0,0,0,0,0,0,0,0,0,0,0,0,0,0,0,0,0,0,0,0,0,0,0,0,0,0,0,0,0,0,0,0,0,0,0,0
Small Industrial Unit - Jack Lane Light Industrial Estate - Unit 4,0,0,0,0,0,0,0,0,0,0,0,0,0,0,0,0,0,0,0,0,0,0,0,0,0,0,0,0,0,0,0,0,0,0,0,0,0,0,0,0,0,0,0,0,0,0,0,0,0,0,0,0,0,0,0,0,46,11,34,8,0,0,0,0
Small Industrial Unit - Penraevon Industrial Estate - Unit 14,0,0,0,0,0,0,0,0,0,0,0,0,0,0,0,0,0,0,0,0,0,0,0,0,0,0,0,0,0,0,0,0,0,0,0,0,0,0,0,0,0,0,0,0,0,0,0,0,0,0,0,0,0,0,0,0,0,0,0,0,0,0,0,0
Small Industrial Unit - Penraevon Industrial Estate - Unit 3,"2,194","1,518",676,406,"9,288","3,338","5,950","1,719","-10,479","-10,479",0,"-1,941",0,0,0,0,"6,532","6,532",0,"1,208","1,058",801,257,195,"2,982","2,982",0,549,"1,438",0,"1,438",265,0,0,0,0,0,0,0,0,0,0,0,0,0,0,0,0,0,0,0,0,0,0,0,0,0,0,0,0,0,0,0,0
Small Industrial Unit - Penraevon Industrial Estate - Unit 4,0,0,0,0,0,0,0,0,0,0,0,0,0,0,0,0,0,0,0,0,0,0,0,0,1951.47,896.59,1054.88,359.240616,72362.37,71180.46,1181.91,13326.30162,2551.82,1464.23,1087.59,468.9433917,2636.01,1508.58,1127.43,484.1400699,579.12,579.12,0,106.4827944,0,0,0,0,0,0,0,0,0,0,0,0,0,0,0,0,0,0,0,0
Small Industrial Unit - Penraevon Industrial Estate - Unit 8,0,0,0,0,0,0,0,0,0,0,0,0,0,0,0,0,0,0,0,0,"22,911","22,911",0,"4,226",0,0,0,0,0,0,0,0,0,0,0,0,0,0,0,0,0,0,0,0,0,0,0,0,0,0,0,0,0,0,0,0,0,0,0,0,0,0,0,0
Small Industrial Unit - Penraevon Industrial Estate - Unit 9,0,0,0,0,0,0,0,0,0,0,0,0,0,0,0,0,0,0,0,0,0,0,0,0,0,0,0,0,0,0,0,0,0,0,0,0,0,0,0,0,0,0,0,0,0,0,0,0,0,0,0,0,0,0,0,0,0,0,0,0,0,0,0,0
Specialist Inclusive Learning Centre - Broomfield,"666,686","428,594","238,092","123,317","473,536","288,667","184,869","87,634","600,569","371,433","229,136","110,963","476,854","303,846","173,009","87,922","448,439","261,972","186,467","82,852","557,954","378,959","178,994","102,833","630,277","406,577","223,699","116,006","543,546","274,398","269,148","100,047","561,203","333,440","227,763","103,136","592,683","390,312","202,371","108,836","532,799","306,299","226,500","97,805","600,356","364,521",235835.49,"109,815",512190.01,286184.31,226005.7,93583.06396,496148.49,280349.94,215798.55,90753.66827,427484.38,256219.9,171264.48,78197.16897,454175.34,208131.71,246043.63,83095.92021
Specialist Inclusive Learning Centre - East - Jack Clark,"294,355","164,960","129,395","54,447","291,485","178,261","113,224","53,943","234,439","172,276","62,162","43,348","117,520","54,199","63,321","21,687","153,469","74,184","79,286","28,346","257,850","116,787","141,063","47,497","63,914","63,914",0,"11,760",0,0,0,0,0,0,0,0,"22,442","16,261","6,180","4,120","44,113","6,022","38,091","8,084","115,703","68,061",47642.11,"21,163",104597,58588.54,46008.46,19111.03027,106256.71,58612.01,47644.7,19436.04768,107876.87,57456.61,50420.26,19733.70474,106321.82,58451.02,47870.8,19452.64019
Specialist Inclusive Learning Centre - East - John Jamieson School and Technology College,855802,563157,292645,158297.6959,686988.09,361381,325607.09,127150.3327,744240.65,528698.92,215541.73,137588.627,493765.48,336036.7,157728.78,91019.76036,522039.9,353594.81,168445.09,96475.1907,631832.31,406744.35,225087.96,116439.4638,757338.92,538728.98,218609.94,139384.4968,625909.66,402052.7,223856.96,115224.3554,566923.41,375208.57,191714.84,104204.9588,614580.78,399477.68,215103.1,112859.1561,587924.99,353608.47,234316.52,107935.4032,"384,139","258,296",125842.87,70280.78874,383629.78,242720.69,140909.09,70082.58327,350293.69,223024.72,127268.97,64075.16715,341637.54,193671.47,147966.07,62494.38403,274105.6,171591.19,102514.41,50150.36058
Specialist Inclusive Learning Centre - Elmete Wood BESD ,"6,276","3,229","3,047","1,161","8,191","4,102","4,089","1,516","7,356","4,447","2,909","1,359","3,539","2,057","1,482",653,"1,844","1,570",274,341,260,149,111,48,631,631,0,116,45,45,0,8,462,462,0,85,0,0,0,0,0,0,0,0,0,0,0,0,0,0,0,0,0,0,0,0,0,0,0,0,0,0,0,0
Specialist Inclusive Learning Centre - Elmete Wood BESD School - Stonegate,"305,282","157,842","147,440","56,468","229,723","98,739","130,984","42,523","369,436","212,349","157,087","68,240","357,804","234,695","123,109","65,965","236,296","117,696","118,599","43,646","162,531","99,865","62,667","29,950","58,389","58,389",0,"10,743",0,0,0,0,0,0,0,0,579,408,171,106,0,0,0,0,0,0,0,0,0,0,0,0,0,0,0,0,0,0,0,0,0,0,0,0
Specialist Inclusive Learning Centre - Grafton School,"397,189","216,191","180,998","73,468","325,088","184,003","141,085","60,165","437,228","233,032","204,197","80,740","429,975","256,462","173,513","79,294","414,037","234,229","179,808","76,492","412,992","234,122","178,869","76,095","390,306","224,369","165,937","71,843","129,105","129,105",0,"23,776",0,0,0,0,0,0,0,0,0,0,0,0,0,0,0,0,0,0,0,0,0,0,0,0,0,0,0,0,0,0,0,0
Specialist Inclusive Learning Centre - North West - Green Meadows School - Back Lane,336145,206100,130045,62176.74065,256369.77,162172,94197.77,47443.32382,224511.26,133969.57,90541.69,41475.79669,212743.07,128690.14,84052.93,39231.65624,"203,170",104727.78,"98,442","37,529","225,691","128,925","96,766","41,585","177,730","114,248","63,481","32,712","110,841","51,160","59,680","20,401","110,364","70,077","40,287","20,284","132,581","88,553","44,028","24,346","122,181","79,069","43,113","22,435","59,459","59,459",0,"10,890",0,0,0,0,0,0,0,0,0,0,0,0,0,0,0,0
Specialist Inclusive Learning Centre - North West - Green Meadows School (with pool) - Bradford Road,663992,448816,215176,122818.6002,573816.57,395373,178443.57,106181.6774,667008.27,452845.1,214163.17,123286.0308,596526.28,407376.84,189149.44,109961.1736,"592,507","386,907","205,600","109,490","476,104","298,287","177,816","87,737","462,094","290,603","171,491","85,052","493,459","307,397","186,062","90,839","503,989","334,178","169,811","92,637","511,850","344,990","166,860","93,990","476,753","320,640",156112.91,87549.78543,109999.31,109999.31,0,20147.47362,0,0,0,0,0,0,0,0,0,0,0,0,0,0,0,0
Specialist Inclusive Learning Centre - North West - Penny Field Offices,0,0,0,0,0,0,0,0,0,0,0,0,0,0,0,0,0,0,0,0,0,0,0,0,0,0,0,0,0,0,0,0,0,0,0,0,0,0,0,0,663,0,663,122,"1,852","1,783",69,339,34,34,0,6,0,0,0,0,0,0,0,0,0,0,0,0
Specialist Inclusive Learning Centre - North West - Penny Field School (with pool) ,"603,526","422,111","181,415","111,634","510,068","348,953","161,115","94,386","603,875","394,138","209,737","111,598","532,850","366,231","166,619","98,221","575,914","362,618","213,297","106,417","595,612","388,816","206,796","109,767","568,305","384,334","183,971","104,597","433,954","252,646","181,308","79,882","437,675","286,310","151,364","80,447","436,135","288,897","147,238","80,088","396,493","290,754","105,739","72,828","98,082","98,082",0,"17,965",0,0,0,0,0,0,0,0,0,0,0,0,0,0,0,0
Specialist Inclusive Learning Centre - Queenswood Education Centre,68308,91881,-23573,12634.93076,-5431.06,342436,-347867.06,-1088.071263,1119474.61,3886.36,1115588.25,206032.6543,598110.44,367934.69,230175.75,110291,496919.49,251086.83,245832.66,91788.1191,"552,948","319,129","233,820","101,885","588,686","343,385","245,302","108,357","512,150","247,392","264,759","94,266","629,393","329,676","299,717","115,648","505,219","304,167","201,053","92,785","577,693","348,275","229,418","106,058","509,696","314,654","195,042","93,235","514,769","312,426","202,343","94,045","519,085","317,475","201,610","94,950","460,133","244,604","215,528","84,171",470209.66,262285.94,207923.72,86029.55939
Specialist Inclusive Learning Centre - West - Milestone School (with pool),"672,172","382,106","290,066","124,332","569,147","359,092","210,055","105,325","508,225","319,434","188,791","93,908","514,276","320,416","193,860","94,828","452,482","258,243","194,240","83,595","526,678","307,641","219,037","97,047","544,664","349,052","195,612","100,249","449,804","236,770","213,033","82,794","505,637","302,184","203,454","92,926","544,979","338,474","206,505","100,083","606,936","338,714","268,222","111,407","647,468","385,408","262,060","118,428","647,834","383,660","264,174","118,358","584,872","348,922","235,950","106,983","632,292","397,705","234,587","115,660",214563.21,155605.68,58957.53,39256.4849
Specialist Inclusive Learning Centre - West 11,0,0,0,0,0,0,0,0,0,0,0,0,0,0,0,0,"9,057",0,"9,057","1,671","60,487","33,917","26,570","11,145","51,939","26,956","24,982","9,561","51,471","21,299","30,172","9,473","64,059","35,035","29,024","11,771","78,196","39,756","38,439","14,363","66,236","33,597","32,639","12,156","64,937","36,593","28,344","11,876","38,033","20,147",17885.85,"6,950",27517.27,16861.32,10655.95,5033.396416,21673.67,10695.02,10978.65,3964.772962,26952.01,13013.27,13938.74,4931.13975
Specialist Inclusive Learning Centre - West Area Inclusive Partnership,0,0,0,0,0,0,0,0,0,0,0,0,0,0,0,0,"8,866","5,075","3,791","1,638","12,703","9,552","3,151","2,342","15,530","8,936","6,594","2,859","9,173","5,017","4,155","1,688","12,976","7,346","5,629","2,384","14,004","8,165","5,839","2,572","2,832","2,832",0,521,0,0,0,0,0,0,0,0,0,0,0,0,0,0,0,0,0,0,0,0
Specialist Inclusive Learning Centre - West Oaks Headingley Learning,0,0,0,0,0,0,0,0,0,0,0,0,0,0,0,0,0,0,0,0,0,0,0,0,0,0,0,0,0,0,0,0,0,0,0,0,0,0,0,0,"91,560","21,186","70,374","16,785","279,682","209,178","70,504","51,183","289,787","210,471","79,316","52,929","312,764","229,368",83395.73,"57,211",451432.47,161828.28,289604.19,82584.37501,452604.67,277493.82,175110.85,82808.55042
Specialist Inclusive Learning Centre - West Oaks School Boston Spa,"348,834","208,632","140,202","64,524","303,091","180,518","122,573","56,092","368,227","238,480","129,747","68,047","284,960","176,665","108,295","52,545","255,117","158,635","96,482","47,139","256,282","160,868","95,415","47,228","203,376","126,052","77,323","37,433","209,790","100,903","108,887","38,614","263,407","164,593","98,814","48,412","240,598","144,649","95,949","44,187","248,380","154,791","93,588","45,603","204,724","126,836","77,889","37,449","211,763","130,177","81,585","38,687","200,324","113,715","86,609","36,643","195,480","121,876","73,605","35,758",163402.59,94025.27,69377.32,29896.13787
Specialist Inclusive Learning Centre - West Oaks School Woodhouse,0,0,0,0,0,0,0,0,0,0,0,0,0,0,0,0,0,0,0,0,"156,369","99,827","56,543","28,817","206,422","132,571","73,851","37,993","190,990","94,315","96,675","35,154","189,147","112,793","76,354","34,761","193,810","116,745","77,065","35,594","188,076","107,308","80,768","34,524","350,446","169,185","181,262","64,075","393,731","226,035","167,697","71,937","398,826","246,475","152,351","72,952","475,810","315,512","160,298","87,035",397922.69,225306.08,172616.61,72803.93536
Specialist Inclusive Learning Centre - Woodhouse,"115,064","71,361","43,703","21,283","95,441","58,494","36,947","17,663","97,683","62,997","34,686","18,051","95,680","61,795","33,885","17,641","89,155","57,970","31,185","16,475","95,146","63,025","32,121","17,535","101,687","65,980","35,707","18,716","91,439","54,705","36,735","16,832","76,587","67,949","8,638","14,085","77,045","46,154","30,891","14,150","77,131","45,215","31,916","14,159","81,654","45,426",36227.48,14933.24897,78697.48,45103.21,33594.27,14378.50369,"66,651","38,472","28,179","12,192","95,295","45,983","49,312","17,432",86405.53,45576.23,40829.3,15808.75577
Town Hall - Leeds,"2,053,159","1,339,739","713,420","379,773","1,764,804","950,741","814,063","326,631","2,166,365","1,389,342","777,023","400,323","1,734,974","1,131,873","603,101","319,867","1,540,732","912,780","627,952","284,665","1,630,550","996,303","634,247","300,468","1,622,701","1,052,626","570,074","298,667","1,330,029","645,686","684,343","244,804","1,435,536","872,440","563,096","263,828","1,325,393","829,758","495,635","243,401","1,270,834","824,982","445,852","233,352","1,027,745","659,762","367,982","188,014","213,572","213,572",0,"38,985",0,0,0,0,0,0,0,0,0,0,0,0
Town Hall - Morley,"632,304","349,567","282,737","116,957","538,178","310,129","228,049","99,601","571,115","264,370","306,745","105,417","573,886","352,227","221,659","105,825","565,971","302,982","262,989","104,552","583,460","335,236","248,224","107,507","598,694","345,129","253,565","110,200","248,416","215,627","32,789","45,743","857,250","608,288","248,962","157,588","588,063","347,645","240,418","108,002","664,553","396,542","268,011","122,001","651,830","380,332","271,498","119,221","623,569","354,761","268,808","113,931","707,704","399,744","307,961","129,451","241,251","241,240",11,"44,125",34.26,34.26,0,6.2682096
Town Hall - Pudsey,"335,778","144,932","190,846","62,109","566,571","182,144","384,427","104,891","120,573","-24,370","144,943","22,162","299,027","168,948","130,079","55,154","290,966","155,854","135,112","53,750","321,113","193,814","127,300","59,172","307,600","174,690","132,910","56,620","291,926","149,494","142,432","53,733","343,905","202,649","141,256","63,201","289,884","191,841","98,043","53,232","256,554","171,870","84,684","47,112","171,748","101,479","70,269","31,414","90,617","84,402","6,215","16,544","6,075","5,848",227,"1,111",225,225,0,41,452.44,0,452.44,82.7784224
Venue - Blackburn Hall,"164,612","82,978","81,634","30,448","133,460","67,993","65,467","24,702","137,534","79,776","57,758","25,405","126,705","73,833","52,872","23,368","101,577","48,057","53,520","18,761","108,153","60,292","47,861","19,927","107,802","64,998","42,805","19,842","78,563","35,229","43,334","14,460","78,842","47,305","31,536","14,490","152,521","98,582","53,939","28,009","133,544","81,082","52,463","24,518","127,141","80,767","46,375","23,258","104,951","54,689",50262.2,"19,177","119,534","72,421","47,114","21,865","110,300","70,981","39,319","20,176",86624.96,40364.21,46260.75,15848.90268
Venue - City Varieties,0,0,0,0,0,0,0,0,"204,252","103,752","100,500","37,712","156,157","88,879","67,278","28,802","143,252","70,225","73,027","26,460","135,509","66,229","69,280","24,963","137,649","77,043","60,606","25,337","161,666","59,599","102,067","29,752","195,686","121,749","73,936","35,965",180892.53,111247.91,69644.62,33220.66024,228613.44,113055.48,115557.96,41953.10706,"258,830","159,583",99246.79,47345.81009,"215,310","111,936","103,374","39,343","203,132","96,966","106,166","37,156","282,330","179,081","103,249","51,644",240652.37,135353.66,105298.71,44029.75762
Venue - Hyde Park Picture House,80440,42146,38294,14878.9868,63292.49,30821,32471.49,11715.00503,87653.1,42763.84,44889.26,16181.71022,88653.41,49875.59,38777.82,16351.9534,73997.51,39563.38,34434.13,13669.53249,75400.82,38257.48,37143.34,13890.84856,78831.88,50921.24,27910.64,14509.48094,62967.91,31088.83,31879.08,11589.91851,56304.07,35525.98,20778.09,10348.34658,63896.53,39673.49,24223.04,11734.37251,20631.08,12257.25,8373.83,3787.49126,3578.68,2964.66,614.02,655.0903364,968.53,710.53,258,176.8958092,91629.05,21515.03,70114.02,16759.57559,"72,951","42,961",29989.81,13344.5062,51547.99,23882.85,27665.14,9431.22025
Venue - Leeds Grand Theatre and Opera House,"2,165,625","1,470,971","694,654","400,576","1,528,590","866,710","661,880","282,902","1,998,575","1,175,078","823,497",369192.5916,"1,479,348","988,488","490,860",272717.222,"1,222,309","708,132","514,177","225,825","1,337,366","798,900","538,465","246,433","1,580,482","921,736","658,746",290913.8192,"1,329,768","662,756","667,012","244,759","1,280,987","764,037","516,950","235,418","1,229,005","847,986","381,019","225,672","973,323","512,613","460,710",178637.8601,"907,048","570,891","336,157","165,926","832,745","426,323","406,423","152,167","1,074,070","614,335","459,735",196465.1148,"1,130,345","674,308","456,037",206767.492,1003793.54,599515.72,404277.82,183654.0661
Venue - Pudsey Civic Hall,"351,455","215,380","136,075","65,009","337,052","207,396","129,656","62,376","347,175","212,167","135,009","64,142","385,885","242,421","143,464","71,152","367,236","220,839","146,397","67,852","410,529","257,337","153,192","75,653","371,852","254,022","117,830","68,439","307,063","164,764","142,299","56,521","321,659","216,420",105239.19,59125.032,"401,753","229,268",172484.85,73787.8151,"285,344","173,156",112187.83,52386.4615,260143.12,167599.57,92543.55,47590.43686,225608.18,137154.37,88453.81,41216.91918,227990.44,129819.51,98170.93,41703.20666,"252,590","140,795","111,795","46,205",260514.78,147630.77,112884.01,47663.78415
Venue - The Carriageworks Theatre,"447,865","318,184","129,681","82,842","154,969","55,682","99,287","28,688","220,672","133,319","87,353","40,769","277,045","163,403","113,642","51,093","200,019","93,435","106,584","36,942","190,955","74,710","116,245","35,169","199,711","112,773","86,938","36,761","167,876","64,991","102,885","30,896","225,895","112,375","113,520","41,504","189,192","69,805","119,386","34,762","283,666","114,094","169,572","52,037","374,701","232,837","141,864","68,542","292,179","152,887","139,292","53,389","280,990","147,521","133,468","51,397","322,916","178,184","144,732","59,070",295378.23,137486.22,157892.01,54042.40096
Wardens Premises - 10 Billing View,"21,052","11,846","9,206","3,894","12,948","5,463","7,485","2,397","14,526","8,113","6,412","2,683","14,625","8,616","6,010","2,697","12,569","6,963","5,606","2,322","14,091","8,555","5,536","2,597","14,861","9,043","5,818","2,735","11,346","4,861","6,484","2,088",13239.35,7417.38,5821.97,2432.89094,13711.31,7447.01,6264.3,2518.417646,13488.29,7194.86,6293.43,2475.623547,13863.12,8009.43,5853.69,2535.539771,14081.57,13410.22,671.35,2570.710893,9639.93,5021.72,4618.21,1763.288456,11977.98,7215.29,4762.69,2191.058303,6056.81,6056.81,0,1108.153958
Wardens Premises - 14 Moorhaven Court,"26,641","15,891","10,750","4,928","20,107","10,351","9,756","3,722","21,093","12,029","9,064","3,896","22,441","13,382","9,059","4,138","22,301","13,285","9,016","4,120","21,182","15,154","6,028","3,904","21,917","10,678","11,239","4,035","21,333","8,894","12,438","3,926","16,942","13,788","3,155","3,115",407,384,23,75,900,0,900,165,"1,093","1,059",34,200,"8,277","2,679","5,598","1,513","12,706","7,263","5,443","2,324",0,0,0,0,0,0,0,0
Wardens Premises - 19 Midland House,0,0,0,0,0,0,0,0,0,0,0,0,0,0,0,0,0,0,0,0,0,0,0,0,0,0,0,0,0,0,0,0,0,0,0,0,0,0,0,0,0,0,0,0,0,0,0,0,0,0,0,0,0,0,0,0,0,0,0,0,0,0,0,0
Wardens Premises - 20 Ilford Street,"7,091","4,484","2,607","1,312","5,779","3,631","2,148","1,069","4,458","3,004","1,454",824,"5,158","3,395","1,762",951,"5,793","3,620","2,172","1,070","5,468","3,807","1,661","1,008","5,365","3,614","1,751",987,"5,453","3,241","2,211","1,004","6,051","3,654","2,397","1,112","5,580","3,668","1,913","1,025","5,044","2,506","2,538",926,"8,406","5,554","2,853","1,538","6,473","3,901","2,572","1,183","5,456","3,050","2,406",998,"6,139","3,255","2,884","1,123",6478.98,3913.77,2565.21,1185.394181
Waste Management Site - Kirkstall Road ,124211,72802,51409,22975.30867,"118,971",78013,"40,958","22,016","129,262","80,427","48,835","23,883","122,112","84,775","37,337","22,508","124,747","81,299","43,448","23,052","106,438","64,274","42,163","19,613","118,809","83,488","35,322","21,866","42,754","41,093","1,660","7,873","2,805","1,941",864,516,"3,596","2,694",902,660,"2,096","1,838",258,385,32,32,0,6,0,0,0,0,0,0,0,0,0,0,0,0,0,0,0,0
Youth Centre - Barleyfields Civic Youth Community Club,"121,745","69,201","52,544","22,519","92,582","48,631","43,951","17,136","109,556","60,932","48,624","20,234","96,126","48,691","47,435","17,735","100,553","51,998","48,555","18,574","74,445","42,216","32,229","13,717","83,658","45,985","37,674","15,399","69,245","39,267","29,978","12,746","69,398","42,552","26,846","12,754","74,393","42,124","32,268","13,663","79,231","45,385","33,846","14,544","88,596","51,601","36,994","16,204","90,114","55,581","34,533","16,463","83,034","46,104","36,929","15,188","101,090","65,930","35,160","18,491",53857.72,33009.06,20848.66,9853.808451
Youth Centre - Bramley Youth Hub,"111,380","62,955","48,425","20,602","90,677","52,297","38,380","16,782","110,915","66,950","43,965","20,491","98,484","60,104","38,380","18,161","79,785","43,440","36,345","14,739","83,675","43,436","40,239","15,416","77,826","43,688","34,138","14,326","67,938","52,550","15,388","12,509",0,0,0,0,0,0,0,0,0,0,0,0,0,0,0,0,0,0,0,0,0,0,0,0,0,0,0,0,0,0,0,0
Youth Centre - Cross Green Youth Club and School House,"202,693","120,249","82,444","37,492","180,046","96,487","83,559","33,323","109,610","81,702","27,909","20,268","96,081","55,056","41,025","17,721","117,818","65,335","52,482","21,766","114,262","61,225","53,037","21,052","159,597","84,362","75,234","29,378","159,342","79,968","79,374","29,329","145,269","104,300","40,969","26,705","136,301","76,187","60,114","25,034","122,901","61,086","61,815","22,554","130,276","62,385","67,891","23,819","110,779","57,620","53,159","20,242","119,177","65,408","53,769","21,799","118,729","67,437","51,292","21,719",93424.25,47401.36,46022.89,17092.90078
Youth Centre - Lincoln Green Youth Base,46865,30408,16457,8668.61905,42241.02,32348,9893.02,7815.695794,45822.72,27752.05,18070.67,8465.683287,5786.51,2710.31,3076.2,1067.819404,12478.83,3865.94,8612.89,2303.742092,25709.19,10796.13,14913.06,4735.301768,41787.79,27362.74,14425.05,7691.231847,21852.81,10791.51,11061.3,4022.244278,49970.01,34936.54,15033.47,9185.717978,35214.37,20178.89,15035.48,6467.601812,37641.03,21605.87,16035.16,6909.671223,25434.78,20467.3,4967.48,4655.554467,37404.46,18371.56,19032.9,6835.212521,35016.56,20099.01,14917.55,6405.110211,39751.74,22106.85,17644.89,7271.651939,38291.26,18956.51,19334.75,7005.76893
Youth Centre - Micklefield Youth Club,"37,434","22,694","14,740","6,924","38,253","20,787","17,466","7,080","36,051","21,695","14,356","6,660","41,584","26,208","15,376","7,667","45,701","30,475","15,226","8,445","77,724","49,045","28,679","14,323","61,112","35,891","25,222","11,249","63,248","35,363","27,886","11,642","76,001","48,044","27,958","13,969","71,141","40,928","30,214","13,066","73,576","41,337",32239.05,"13,506","70,793","41,116","29,677","12,948","67,137","36,708","30,430","12,267","69,133","39,526","29,607","12,646","49,417","22,585","26,832","9,040",35462.24,23106.13,12356.11,6488.17143
Youth Centre - South Leeds Youth Hub,0,0,0,0,37862.89,0,37862.89,7012.585857,152691.25,96964.75,55726.5,28214.74641,157641.73,98099.79,59541.94,29067.9368,117774.21,70699.43,47074.78,21760.42905,105981.56,59804.92,46176.64,19527.37233,107928.16,69929.11,37999.05,19864.79037,119429.62,59869.49,59560.13,21982.48562,113507.15,69832.99,43674.16,20861.12194,123974.85,75295.44,48679.41,22768.14931,128059.16,73511.33,54547.83,23507.50879,127625.51,74970.24,52655.27,23343.24214,125017.66,65587.2,59430.46,22843.83772,114290.37,76935.18,37355.19,20905.93411,95397.41,65751.36,29646.05,17449.96505,119256.05,63429.04,55827.01,21819.08691
Youth Centre - Swarcliffe Community,280284,169637,110647,51844.13148,252466.94,147435,105031.94,46724.01756,275079.69,175061.03,100018.66,50830.48755,271368.44,173607.47,97760.97,50033.85898,259666.72,155730.99,103935.73,47976.97428,250529.35,145923.16,104606.19,46162.73298,247501.24,149038.61,98462.63,45555.90074,224065.2,122038.12,102027.08,41243.92864,194946.68,133051.35,61895.33,35834.53835,175581.19,96895.73,78685.46,32249.23094,215177.04,108799.59,106377.45,39489.07436,189807.04,85681.27,104125.77,34700.49947,181687.18,116237.11,65450.07,33190.63308,253630.11,183289.64,70340.47,46394.24899,230440.4,115995,114445.4,42154.41588,151673.02,95616.94,56056.08,27750.09574
Youth Centre - Tingley Youth and Community Centre,92151,55194,36957,17045.17047,94864.86,60785,34079.86,17555.33232,75016.46,42442.04,32574.42,13855.68649,78056.09,48021.18,30034.91,14393.46546,105308.52,71218.25,34090.27,19461.40387,100897.56,64287.88,36609.68,18593.9641,94705.66,55409.04,39296.62,17432.10935,77328.9,43127.79,34201.11,14234.22204,98883.36,62666.82,36216.54,18174.28546,84596.69,61465.76,23130.93,15532.66572,57860.92,43385.27,14475.65,10628.60965,54760.12,33478.09,21282.03,10016.66872,36831.47,19062.65,17768.82,6730.127293,27783.95,18011.31,9772.64,5082.205453,25550.03,13807.7,11742.33,4673.805027,42232.06,9822.61,32409.45,7726.777698
Youth Centre - West Leeds Activity Centre,80481,52791,27690,14886.57057,78771.81,51556,27215.81,14576.95349,87398.36,59225.2,28173.16,16154.08766,86163.82,59495.71,26668.11,15882.47086,84652.93,51065.68,33587.25,15640.94044,81157.87,50008.52,31149.35,14955.4528,386313.97,348226.44,38087.53,71086.90843,559684.3,525067.04,34617.26,103066.6318,82269.59,50423.67,31845.92,15119.98311,107075.46,64587.8,42487.66,19664.71322,105362.21,54199.67,51162.54,19336.62415,107820.68,64525.15,43295.53,19721.59252,104607.61,57732.58,46875.03,19113.30406,96672.09,54306.66,42365.43,17682.89614,94637.64,57355.77,37281.87,17311.46127,82051.91,47039.14,35012.77,15012.21745
Youth Centre - Weston Lane,0,0,0,0,0,0,0,0,0,0,0,0,0,0,0,0,0,0,0,0,0,0,0,0,0,0,0,0,0,0,0,0,0,0,0,0,0,0,0,0,0,0,0,0,0,0,0,0,0,0,0,0,0,0,0,0,0,0,0,0,0,0,0,0
Youth Centre - Windmill,167572,122449,45123,30995.79284,28675.24,-15216,43891.24,5314.59304,137757.64,94830.03,42927.61,25463.8672,112753.07,70763.48,41989.59,20790.25142,85698.85,36415.3,49283.55,15826.19819,87881.3,52121.47,35759.83,16193.50008,73492.26,43004.86,30487.4,13527.43861,81964.19,43316.8,38647.39,15086.96855,96453.96,50998.82,45455.14,17723.21567,73397.4,41900.68,31496.72,13480.49569,15094.77,15094.77,0,2775.47536,78530.03,38641.76,39888.27,14358.82957,78879.61,45335.17,33544.44,14411.73032,82507.43,49839.13,32668.3,15092.0506,66754.56,40765.23,25989.33,12210.96838,60378.11,28753.77,31624.34,11046.77901
